ID,Req. Timestamp,Resp. Timestamp,Method,URL,Code,Reason,RTT,Size Resp. Header,Size Resp. Body
5115,Mon Sep 07 02:45:55 BDT 2026,Mon Sep 07 02:45:56 BDT 2026,GET,https://tfctest-002-production.up.railway.app/products/2?_rsc=,200,OK,531,429,1100
5116,Mon Sep 07 02:45:56 BDT 2026,Mon Sep 07 02:45:57 BDT 2026,GET,https://tfctest-002-production.up.railway.app/products/3?_rsc=tXyZJ52UQVBCVsD3,200,OK,516,429,1100
5117,Mon Sep 07 02:45:56 BDT 2026,Mon Sep 07 02:45:56 BDT 2026,GET,https://tfctest-002-production.up.railway.app/products/1?_rsc=%40,200,OK,538,429,1100
5118,Mon Sep 07 02:45:56 BDT 2026,Mon Sep 07 02:45:56 BDT 2026,GET,https://tfctest-002-production.up.railway.app/products/10?_rsc=%40,200,OK,554,429,1101
5119,Mon Sep 07 02:45:56 BDT 2026,Mon Sep 07 02:45:56 BDT 2026,GET,https://tfctest-002-production.up.railway.app/checkout?_rsc=%00,200,OK,679,429,1036
5120,Mon Sep 07 02:45:56 BDT 2026,Mon Sep 07 02:45:56 BDT 2026,GET,https://tfctest-002-production.up.railway.app/login?next=%2Fcheckout&_rsc=%40,200,OK,554,428,282
5121,Mon Sep 07 02:45:56 BDT 2026,Mon Sep 07 02:45:57 BDT 2026,GET,https://tfctest-002-production.up.railway.app/login?next=%2B,200,OK,517,428,274
5122,Mon Sep 07 02:45:56 BDT 2026,Mon Sep 07 02:45:57 BDT 2026,GET,https://tfctest-002-production.up.railway.app/products/2?_rsc=%40,200,OK,541,429,1100
5123,Mon Sep 07 02:45:57 BDT 2026,Mon Sep 07 02:45:57 BDT 2026,GET,https://tfctest-002-production.up.railway.app/products/3?=,200,OK,518,429,1114
5124,Mon Sep 07 02:45:57 BDT 2026,Mon Sep 07 02:45:57 BDT 2026,GET,https://tfctest-002-production.up.railway.app/products/1?_rsc=%2B,200,OK,518,429,1100
5125,Mon Sep 07 02:45:57 BDT 2026,Mon Sep 07 02:45:57 BDT 2026,GET,https://tfctest-002-production.up.railway.app/products/10?_rsc=%2B,200,OK,522,429,1101
5126,Mon Sep 07 02:45:57 BDT 2026,Mon Sep 07 02:45:58 BDT 2026,GET,https://tfctest-002-production.up.railway.app/login?next=%2Fcheckout&_rsc=%2B,200,OK,603,428,282
5127,Mon Sep 07 02:45:57 BDT 2026,Mon Sep 07 02:45:58 BDT 2026,GET,https://tfctest-002-production.up.railway.app/login?next=%00,200,OK,522,428,274
5128,Mon Sep 07 02:45:57 BDT 2026,Mon Sep 07 02:45:58 BDT 2026,GET,https://tfctest-002-production.up.railway.app/checkout?_rsc=%7C,200,OK,654,429,1036
5129,Mon Sep 07 02:45:57 BDT 2026,Mon Sep 07 02:45:58 BDT 2026,GET,https://tfctest-002-production.up.railway.app/products/2?_rsc=%2B,200,OK,507,429,1100
5130,Mon Sep 07 02:45:56 BDT 2026,Mon Sep 07 02:45:57 BDT 2026,GET,https://tfctest-002-production.up.railway.app/orders?_rsc=,200,OK,693,430,18158
5131,Mon Sep 07 02:45:58 BDT 2026,Mon Sep 07 02:45:58 BDT 2026,GET,https://tfctest-002-production.up.railway.app/products/3?_rsc=,200,OK,459,429,1100
5132,Mon Sep 07 02:45:58 BDT 2026,Mon Sep 07 02:45:58 BDT 2026,GET,https://tfctest-002-production.up.railway.app/products/1?_rsc=%00,200,OK,537,429,1100
5133,Mon Sep 07 02:45:58 BDT 2026,Mon Sep 07 02:45:58 BDT 2026,GET,https://tfctest-002-production.up.railway.app/products/10?_rsc=%00,200,OK,538,429,1101
5134,Mon Sep 07 02:45:59 BDT 2026,Mon Sep 07 02:45:59 BDT 2026,GET,https://tfctest-002-production.up.railway.app/products/4?_rsc=tXyZJ52UQVBCVsD3,200,OK,531,429,1100
5135,Mon Sep 07 02:45:58 BDT 2026,Mon Sep 07 02:45:59 BDT 2026,GET,https://tfctest-002-production.up.railway.app/login?next=%2Fcheckout&_rsc=%00,200,OK,523,428,282
5136,Mon Sep 07 02:45:58 BDT 2026,Mon Sep 07 02:45:59 BDT 2026,GET,https://tfctest-002-production.up.railway.app/login?next=%7C,200,OK,538,428,274
5137,Mon Sep 07 02:45:58 BDT 2026,Mon Sep 07 02:45:59 BDT 2026,GET,https://tfctest-002-production.up.railway.app/products/2?_rsc=%00,200,OK,521,429,1100
5138,Mon Sep 07 02:45:58 BDT 2026,Mon Sep 07 02:45:59 BDT 2026,GET,https://tfctest-002-production.up.railway.app/products/3?_rsc=%40,200,OK,532,429,1100
5139,Mon Sep 07 02:45:59 BDT 2026,Mon Sep 07 02:45:59 BDT 2026,GET,https://tfctest-002-production.up.railway.app/products/1?_rsc=%7C,200,OK,552,429,1100
5140,Mon Sep 07 02:45:59 BDT 2026,Mon Sep 07 02:46:00 BDT 2026,GET,https://tfctest-002-production.up.railway.app/products/5?_rsc=tXyZJ52UQVBCVsD3,200,OK,517,429,1100
5141,Mon Sep 07 02:45:59 BDT 2026,Mon Sep 07 02:45:59 BDT 2026,GET,https://tfctest-002-production.up.railway.app/products/10?_rsc=%7C,200,OK,538,429,1101
5142,Mon Sep 07 02:45:59 BDT 2026,Mon Sep 07 02:46:00 BDT 2026,GET,https://tfctest-002-production.up.railway.app/products/4?=,200,OK,540,429,1114
5143,Mon Sep 07 02:45:59 BDT 2026,Mon Sep 07 02:46:00 BDT 2026,GET,https://tfctest-002-production.up.railway.app/login?next=%2Fcheckout&_rsc=%7C,200,OK,538,428,282
5144,Mon Sep 07 02:45:59 BDT 2026,Mon Sep 07 02:46:00 BDT 2026,GET,https://tfctest-002-production.up.railway.app/products/2?_rsc=%7C,200,OK,533,429,1100
5145,Mon Sep 07 02:46:00 BDT 2026,Mon Sep 07 02:46:00 BDT 2026,GET,https://tfctest-002-production.up.railway.app/products/6?_rsc=tXyZJ52UQVBCVsD3,200,OK,522,429,1100
5146,Mon Sep 07 02:46:00 BDT 2026,Mon Sep 07 02:46:00 BDT 2026,GET,https://tfctest-002-production.up.railway.app/products/3?_rsc=%2B,200,OK,518,429,1100
5147,Mon Sep 07 02:46:00 BDT 2026,Mon Sep 07 02:46:01 BDT 2026,GET,https://tfctest-002-production.up.railway.app/products/7?_rsc=tXyZJ52UQVBCVsD3,200,OK,530,429,1100
5148,Mon Sep 07 02:46:00 BDT 2026,Mon Sep 07 02:46:01 BDT 2026,GET,https://tfctest-002-production.up.railway.app/products/8?_rsc=tXyZJ52UQVBCVsD3,200,OK,506,429,1100
5149,Mon Sep 07 02:46:00 BDT 2026,Mon Sep 07 02:46:00 BDT 2026,GET,https://tfctest-002-production.up.railway.app/products/5?=,200,OK,538,429,1114
5150,Mon Sep 07 02:45:58 BDT 2026,Mon Sep 07 02:45:59 BDT 2026,GET,https://tfctest-002-production.up.railway.app/orders?_rsc=%40,200,OK,673,430,18158
5151,Mon Sep 07 02:46:01 BDT 2026,Mon Sep 07 02:46:01 BDT 2026,GET,https://tfctest-002-production.up.railway.app/products/9?_rsc=tXyZJ52UQVBCVsD3,200,OK,540,429,1100
5152,Mon Sep 07 02:46:00 BDT 2026,Mon Sep 07 02:46:01 BDT 2026,GET,https://tfctest-002-production.up.railway.app/products/4?_rsc=,200,OK,530,429,1100
5153,Mon Sep 07 02:46:01 BDT 2026,Mon Sep 07 02:46:01 BDT 2026,GET,https://tfctest-002-production.up.railway.app/user,404,Not Found,705,435,271
5154,Mon Sep 07 02:46:01 BDT 2026,Mon Sep 07 02:46:01 BDT 2026,GET,https://tfctest-002-production.up.railway.app/products/6?=,200,OK,541,429,1114
5155,Mon Sep 07 02:46:01 BDT 2026,Mon Sep 07 02:46:01 BDT 2026,GET,https://tfctest-002-production.up.railway.app/products/3?_rsc=%00,200,OK,511,429,1100
5156,Mon Sep 07 02:46:01 BDT 2026,Mon Sep 07 02:46:01 BDT 2026,GET,https://tfctest-002-production.up.railway.app/products/7?=,200,OK,545,429,1114
5157,Mon Sep 07 02:46:01 BDT 2026,Mon Sep 07 02:46:01 BDT 2026,GET,https://tfctest-002-production.up.railway.app/products/8?=,200,OK,550,429,1114
5158,Mon Sep 07 02:46:01 BDT 2026,Mon Sep 07 02:46:01 BDT 2026,GET,https://tfctest-002-production.up.railway.app/products/5?_rsc=,200,OK,530,429,1100
5159,Mon Sep 07 02:46:01 BDT 2026,Mon Sep 07 02:46:02 BDT 2026,GET,https://tfctest-002-production.up.railway.app/products/9?=,200,OK,534,429,1114
5160,Mon Sep 07 02:46:01 BDT 2026,Mon Sep 07 02:46:02 BDT 2026,GET,https://tfctest-002-production.up.railway.app/products/4?_rsc=%40,200,OK,514,429,1100
5161,Mon Sep 07 02:46:02 BDT 2026,Mon Sep 07 02:46:02 BDT 2026,GET,https://tfctest-002-production.up.railway.app/products/6?_rsc=,200,OK,532,429,1100
5162,Mon Sep 07 02:46:02 BDT 2026,Mon Sep 07 02:46:02 BDT 2026,GET,https://tfctest-002-production.up.railway.app/products/3?_rsc=%7C,200,OK,485,429,1100
5163,Mon Sep 07 02:46:02 BDT 2026,Mon Sep 07 02:46:02 BDT 2026,GET,https://tfctest-002-production.up.railway.app/products/7?_rsc=,200,OK,532,429,1100
5164,Mon Sep 07 02:46:02 BDT 2026,Mon Sep 07 02:46:02 BDT 2026,GET,https://tfctest-002-production.up.railway.app/products/5?_rsc=%40,200,OK,505,429,1100
5165,Mon Sep 07 02:46:02 BDT 2026,Mon Sep 07 02:46:02 BDT 2026,GET,https://tfctest-002-production.up.railway.app/products/8?_rsc=,200,OK,520,429,1100
5166,Mon Sep 07 02:46:02 BDT 2026,Mon Sep 07 02:46:03 BDT 2026,GET,https://tfctest-002-production.up.railway.app/products/9?_rsc=,200,OK,534,429,1100
5167,Mon Sep 07 02:46:02 BDT 2026,Mon Sep 07 02:46:03 BDT 2026,GET,https://tfctest-002-production.up.railway.app/products/4?_rsc=%2B,200,OK,600,429,1100
5168,Mon Sep 07 02:46:01 BDT 2026,Mon Sep 07 02:46:02 BDT 2026,GET,https://tfctest-002-production.up.railway.app/orders?_rsc=%2B,200,OK,670,430,18158
5169,Mon Sep 07 02:46:03 BDT 2026,Mon Sep 07 02:46:03 BDT 2026,GET,https://tfctest-002-production.up.railway.app/products/6?_rsc=%40,200,OK,515,429,1100
5170,Mon Sep 07 02:46:03 BDT 2026,Mon Sep 07 02:46:03 BDT 2026,GET,https://tfctest-002-production.up.railway.app/products/7?_rsc=%40,200,OK,526,429,1100
5171,Mon Sep 07 02:46:03 BDT 2026,Mon Sep 07 02:46:04 BDT 2026,GET,https://tfctest-002-production.up.railway.app/user/64406959-fab5-485b-afca-6682eb0ab0bb?_rsc=qrcQ1DV9gYDJQihU,200,OK,1048,429,3931
5172,Mon Sep 07 02:46:03 BDT 2026,Mon Sep 07 02:46:04 BDT 2026,GET,https://tfctest-002-production.up.railway.app/products/5?_rsc=%2B,200,OK,556,429,1100
5173,Mon Sep 07 02:46:03 BDT 2026,Mon Sep 07 02:46:04 BDT 2026,GET,https://tfctest-002-production.up.railway.app/products/8?_rsc=%40,200,OK,552,429,1100
5174,Mon Sep 07 02:46:03 BDT 2026,Mon Sep 07 02:46:04 BDT 2026,GET,https://tfctest-002-production.up.railway.app/products/9?_rsc=%40,200,OK,506,429,1100
5175,Mon Sep 07 02:46:03 BDT 2026,Mon Sep 07 02:46:04 BDT 2026,GET,https://tfctest-002-production.up.railway.app/products/4?_rsc=%00,200,OK,522,429,1100
5176,Mon Sep 07 02:46:04 BDT 2026,Mon Sep 07 02:46:04 BDT 2026,GET,https://tfctest-002-production.up.railway.app/products/6?_rsc=%2B,200,OK,519,429,1100
5177,Mon Sep 07 02:46:04 BDT 2026,Mon Sep 07 02:46:04 BDT 2026,GET,https://tfctest-002-production.up.railway.app/products/7?_rsc=%2B,200,OK,511,429,1100
5178,Mon Sep 07 02:46:04 BDT 2026,Mon Sep 07 02:46:05 BDT 2026,GET,https://tfctest-002-production.up.railway.app/products/5?_rsc=%00,200,OK,529,429,1100
5179,Mon Sep 07 02:46:04 BDT 2026,Mon Sep 07 02:46:05 BDT 2026,GET,https://tfctest-002-production.up.railway.app/products/8?_rsc=%2B,200,OK,503,429,1100
5180,Mon Sep 07 02:46:04 BDT 2026,Mon Sep 07 02:46:05 BDT 2026,GET,https://tfctest-002-production.up.railway.app/products/9?_rsc=%2B,200,OK,554,429,1100
5181,Mon Sep 07 02:46:04 BDT 2026,Mon Sep 07 02:46:05 BDT 2026,GET,https://tfctest-002-production.up.railway.app/products/4?_rsc=%7C,200,OK,541,429,1100
5182,Mon Sep 07 02:46:04 BDT 2026,Mon Sep 07 02:46:05 BDT 2026,GET,https://tfctest-002-production.up.railway.app/user/64406959-fab5-485b-afca-6682eb0ab0bb?=,200,OK,644,429,3945
5183,Mon Sep 07 02:46:05 BDT 2026,Mon Sep 07 02:46:05 BDT 2026,GET,https://tfctest-002-production.up.railway.app/products/6?_rsc=%00,200,OK,531,429,1100
5184,Mon Sep 07 02:46:03 BDT 2026,Mon Sep 07 02:46:04 BDT 2026,GET,https://tfctest-002-production.up.railway.app/orders?_rsc=%00,200,OK,719,430,18158
5185,Mon Sep 07 02:46:05 BDT 2026,Mon Sep 07 02:46:06 BDT 2026,GET,https://tfctest-002-production.up.railway.app/products/7?_rsc=%00,200,OK,557,429,1100
5186,Mon Sep 07 02:46:05 BDT 2026,Mon Sep 07 02:46:06 BDT 2026,GET,https://tfctest-002-production.up.railway.app/products/5?_rsc=%7C,200,OK,536,429,1100
5187,Mon Sep 07 02:46:05 BDT 2026,Mon Sep 07 02:46:06 BDT 2026,GET,https://tfctest-002-production.up.railway.app/products/8?_rsc=%00,200,OK,549,429,1100
5188,Mon Sep 07 02:46:05 BDT 2026,Mon Sep 07 02:46:06 BDT 2026,GET,https://tfctest-002-production.up.railway.app/products/9?_rsc=%00,200,OK,503,429,1100
5189,Mon Sep 07 02:46:06 BDT 2026,Mon Sep 07 02:46:06 BDT 2026,GET,https://tfctest-002-production.up.railway.app/products/6?_rsc=%7C,200,OK,556,429,1100
5190,Mon Sep 07 02:46:06 BDT 2026,Mon Sep 07 02:46:07 BDT 2026,GET,https://tfctest-002-production.up.railway.app/products/7?_rsc=%7C,200,OK,511,429,1100
5191,Mon Sep 07 02:46:06 BDT 2026,Mon Sep 07 02:46:07 BDT 2026,GET,https://tfctest-002-production.up.railway.app/products/8?_rsc=%7C,200,OK,525,429,1100
5192,Mon Sep 07 02:46:06 BDT 2026,Mon Sep 07 02:46:06 BDT 2026,GET,https://tfctest-002-production.up.railway.app/user/64406959-fab5-485b-afca-6682eb0ab0bb?_rsc=,200,OK,717,429,3931
5193,Mon Sep 07 02:46:06 BDT 2026,Mon Sep 07 02:46:07 BDT 2026,GET,https://tfctest-002-production.up.railway.app/products/9?_rsc=%7C,200,OK,532,429,1100
5194,Mon Sep 07 02:46:06 BDT 2026,Mon Sep 07 02:46:07 BDT 2026,GET,https://tfctest-002-production.up.railway.app/orders?_rsc=%7C,200,OK,701,430,18158
5195,Mon Sep 07 02:46:07 BDT 2026,Mon Sep 07 02:46:08 BDT 2026,GET,https://tfctest-002-production.up.railway.app/user/64406959-fab5-485b-afca-6682eb0ab0bb?_rsc=%40,200,OK,677,429,3931
5196,Mon Sep 07 02:46:09 BDT 2026,Mon Sep 07 02:46:10 BDT 2026,GET,https://tfctest-002-production.up.railway.app/user/64406959-fab5-485b-afca-6682eb0ab0bb?_rsc=%2B,200,OK,709,429,3931
5197,Mon Sep 07 02:46:11 BDT 2026,Mon Sep 07 02:46:12 BDT 2026,GET,https://tfctest-002-production.up.railway.app/user/64406959-fab5-485b-afca-6682eb0ab0bb?_rsc=%00,200,OK,677,429,3931
5198,Mon Sep 07 02:46:13 BDT 2026,Mon Sep 07 02:46:13 BDT 2026,GET,https://tfctest-002-production.up.railway.app/user/64406959-fab5-485b-afca-6682eb0ab0bb?_rsc=%7C,200,OK,691,429,3931
5199,Mon Sep 07 02:46:14 BDT 2026,Mon Sep 07 02:46:15 BDT 2026,GET,https://tfctest-002-production.up.railway.app/elmah.axd,404,Not Found,525,436,1090
5200,Mon Sep 07 02:46:14 BDT 2026,Mon Sep 07 02:46:15 BDT 2026,GET,https://tfctest-002-production.up.railway.app/trace.axd,404,Not Found,524,467,8572
5201,Mon Sep 07 02:46:14 BDT 2026,Mon Sep 07 02:46:15 BDT 2026,GET,https://tfctest-002-production.up.railway.app/trace.axd,404,Not Found,569,436,1090
5202,Mon Sep 07 02:46:14 BDT 2026,Mon Sep 07 02:46:15 BDT 2026,GET,https://tfctest-002-production.up.railway.app/trace.axd,404,Not Found,570,467,8572
5203,Mon Sep 07 02:46:14 BDT 2026,Mon Sep 07 02:46:15 BDT 2026,GET,https://tfctest-002-production.up.railway.app,200,OK,826,534,32438
5204,Mon Sep 07 02:46:14 BDT 2026,Mon Sep 07 02:46:15 BDT 2026,GET,https://tfctest-002-production.up.railway.app/trace.axd,404,Not Found,940,540,9006
5205,Mon Sep 07 02:46:14 BDT 2026,Mon Sep 07 02:46:15 BDT 2026,GET,https://tfctest-002-production.up.railway.app/trace.axd,404,Not Found,940,540,9006
5206,Mon Sep 07 02:46:14 BDT 2026,Mon Sep 07 02:46:16 BDT 2026,GET,https://tfctest-002-production.up.railway.app/user/trace.axd,307,Temporary Redirect,1075,603,7514
5207,Mon Sep 07 02:46:15 BDT 2026,Mon Sep 07 02:46:16 BDT 2026,GET,https://tfctest-002-production.up.railway.app/_next,404,Not Found,516,361,9
5208,Mon Sep 07 02:46:16 BDT 2026,Mon Sep 07 02:46:16 BDT 2026,GET,https://tfctest-002-production.up.railway.app/_next/static,404,Not Found,534,361,9
5209,Mon Sep 07 02:46:16 BDT 2026,Mon Sep 07 02:46:17 BDT 2026,GET,https://tfctest-002-production.up.railway.app/_next/trace.axd,404,Not Found,533,361,9
5210,Mon Sep 07 02:46:16 BDT 2026,Mon Sep 07 02:46:17 BDT 2026,GET,https://tfctest-002-production.up.railway.app/_next/static/chunks,404,Not Found,533,361,9
5211,Mon Sep 07 02:46:17 BDT 2026,Mon Sep 07 02:46:17 BDT 2026,GET,https://tfctest-002-production.up.railway.app/_next/static/trace.axd,404,Not Found,528,361,9
5212,Mon Sep 07 02:46:17 BDT 2026,Mon Sep 07 02:46:17 BDT 2026,GET,https://tfctest-002-production.up.railway.app/_next/static/chunks/trace.axd,404,Not Found,543,361,9
5213,Mon Sep 07 02:46:17 BDT 2026,Mon Sep 07 02:46:18 BDT 2026,GET,https://tfctest-002-production.up.railway.app/products,404,Not Found,536,435,271
5214,Mon Sep 07 02:46:18 BDT 2026,Mon Sep 07 02:46:18 BDT 2026,GET,https://tfctest-002-production.up.railway.app/products/trace.axd,307,Temporary Redirect,595,287,0
5215,Mon Sep 07 02:46:18 BDT 2026,Mon Sep 07 02:46:18 BDT 2026,GET,https://tfctest-002-production.up.railway.app/user,404,Not Found,753,435,271
5216,Mon Sep 07 02:46:18 BDT 2026,Mon Sep 07 02:46:19 BDT 2026,GET,https://tfctest-002-production.up.railway.app/.htaccess,404,Not Found,539,436,1090
5217,Mon Sep 07 02:46:18 BDT 2026,Mon Sep 07 02:46:19 BDT 2026,GET,https://tfctest-002-production.up.railway.app,200,OK,837,534,32438
5218,Mon Sep 07 02:46:18 BDT 2026,Mon Sep 07 02:46:19 BDT 2026,GET,https://tfctest-002-production.up.railway.app/user/.htaccess,307,Temporary Redirect,1056,603,7514
5219,Mon Sep 07 02:46:19 BDT 2026,Mon Sep 07 02:46:20 BDT 2026,GET,https://tfctest-002-production.up.railway.app/_next,404,Not Found,502,361,9
5220,Mon Sep 07 02:46:20 BDT 2026,Mon Sep 07 02:46:20 BDT 2026,GET,https://tfctest-002-production.up.railway.app/_next/static,404,Not Found,547,361,9
5221,Mon Sep 07 02:46:20 BDT 2026,Mon Sep 07 02:46:21 BDT 2026,GET,https://tfctest-002-production.up.railway.app/_next/static/chunks,404,Not Found,505,361,9
5222,Mon Sep 07 02:46:20 BDT 2026,Mon Sep 07 02:46:21 BDT 2026,GET,https://tfctest-002-production.up.railway.app/_next/.htaccess,404,Not Found,536,361,9
5223,Mon Sep 07 02:46:21 BDT 2026,Mon Sep 07 02:46:21 BDT 2026,GET,https://tfctest-002-production.up.railway.app/_next/static/chunks/.htaccess,404,Not Found,513,361,9
5224,Mon Sep 07 02:46:21 BDT 2026,Mon Sep 07 02:46:21 BDT 2026,GET,https://tfctest-002-production.up.railway.app/_next/static/.htaccess,404,Not Found,513,361,9
5225,Mon Sep 07 02:46:21 BDT 2026,Mon Sep 07 02:46:21 BDT 2026,GET,https://tfctest-002-production.up.railway.app/products,404,Not Found,513,435,271
5226,Mon Sep 07 02:46:21 BDT 2026,Mon Sep 07 02:46:22 BDT 2026,GET,https://tfctest-002-production.up.railway.app/products/.htaccess,307,Temporary Redirect,502,287,0
5227,Mon Sep 07 02:46:21 BDT 2026,Mon Sep 07 02:46:22 BDT 2026,GET,https://tfctest-002-production.up.railway.app/user,404,Not Found,707,435,271
5228,Mon Sep 07 02:46:22 BDT 2026,Mon Sep 07 02:46:23 BDT 2026,GET,https://tfctest-002-production.up.railway.app/.env,404,Not Found,549,436,1090
5229,Mon Sep 07 02:46:22 BDT 2026,Mon Sep 07 02:46:23 BDT 2026,GET,https://tfctest-002-production.up.railway.app,200,OK,867,534,32438
5230,Mon Sep 07 02:46:22 BDT 2026,Mon Sep 07 02:46:23 BDT 2026,GET,https://tfctest-002-production.up.railway.app/user/.env,307,Temporary Redirect,1075,603,7504
5231,Mon Sep 07 02:46:23 BDT 2026,Mon Sep 07 02:46:24 BDT 2026,GET,https://tfctest-002-production.up.railway.app/_next,404,Not Found,577,361,9
5232,Mon Sep 07 02:46:24 BDT 2026,Mon Sep 07 02:46:24 BDT 2026,GET,https://tfctest-002-production.up.railway.app/_next/static,404,Not Found,522,361,9
5233,Mon Sep 07 02:46:24 BDT 2026,Mon Sep 07 02:46:25 BDT 2026,GET,https://tfctest-002-production.up.railway.app/_next/static/chunks,404,Not Found,507,361,9
5234,Mon Sep 07 02:46:24 BDT 2026,Mon Sep 07 02:46:25 BDT 2026,GET,https://tfctest-002-production.up.railway.app/_next/.env,404,Not Found,538,361,9
5235,Mon Sep 07 02:46:25 BDT 2026,Mon Sep 07 02:46:25 BDT 2026,GET,https://tfctest-002-production.up.railway.app/products,404,Not Found,510,435,271
5236,Mon Sep 07 02:46:25 BDT 2026,Mon Sep 07 02:46:25 BDT 2026,GET,https://tfctest-002-production.up.railway.app/_next/static/.env,404,Not Found,541,361,9
5237,Mon Sep 07 02:46:25 BDT 2026,Mon Sep 07 02:46:25 BDT 2026,GET,https://tfctest-002-production.up.railway.app/_next/static/chunks/.env,404,Not Found,541,361,9
5238,Mon Sep 07 02:46:25 BDT 2026,Mon Sep 07 02:46:26 BDT 2026,GET,https://tfctest-002-production.up.railway.app/products/.env,307,Temporary Redirect,511,282,0
5239,Mon Sep 07 02:46:25 BDT 2026,Mon Sep 07 02:46:26 BDT 2026,GET,https://tfctest-002-production.up.railway.app/user,404,Not Found,688,435,271
5240,Mon Sep 07 02:46:26 BDT 2026,Mon Sep 07 02:46:26 BDT 2026,GET,https://tfctest-002-production.up.railway.app/actuator/health,404,Not Found,540,436,1090
5241,Mon Sep 07 02:46:26 BDT 2026,Mon Sep 07 02:46:26 BDT 2026,GET,https://tfctest-002-production.up.railway.app/zap2879576906631738826,404,Not Found,540,436,1090
5242,Mon Sep 07 02:46:26 BDT 2026,Mon Sep 07 02:46:27 BDT 2026,GET,https://tfctest-002-production.up.railway.app,200,OK,853,534,32438
5243,Mon Sep 07 02:46:26 BDT 2026,Mon Sep 07 02:46:27 BDT 2026,GET,https://tfctest-002-production.up.railway.app/.zap7046908807569811508,404,Not Found,506,436,1090
5244,Mon Sep 07 02:46:26 BDT 2026,Mon Sep 07 02:46:27 BDT 2026,GET,https://tfctest-002-production.up.railway.app/actuator/health,404,Not Found,521,436,1090
5245,Mon Sep 07 02:46:27 BDT 2026,Mon Sep 07 02:46:27 BDT 2026,GET,https://tfctest-002-production.up.railway.app/_next,404,Not Found,538,361,9
5246,Mon Sep 07 02:46:27 BDT 2026,Mon Sep 07 02:46:28 BDT 2026,GET,https://tfctest-002-production.up.railway.app/lfm.php,404,Not Found,518,436,1090
5247,Mon Sep 07 02:46:27 BDT 2026,Mon Sep 07 02:46:28 BDT 2026,GET,https://tfctest-002-production.up.railway.app/_next/static,404,Not Found,537,361,9
5248,Mon Sep 07 02:46:28 BDT 2026,Mon Sep 07 02:46:28 BDT 2026,GET,https://tfctest-002-production.up.railway.app/.idea/WebServers.xml,404,Not Found,521,436,1090
5249,Mon Sep 07 02:46:28 BDT 2026,Mon Sep 07 02:46:28 BDT 2026,GET,https://tfctest-002-production.up.railway.app/_next/static/chunks,404,Not Found,548,361,9
5250,Mon Sep 07 02:46:28 BDT 2026,Mon Sep 07 02:46:29 BDT 2026,GET,https://tfctest-002-production.up.railway.app/config/databases.yml,404,Not Found,533,436,1090
5251,Mon Sep 07 02:46:28 BDT 2026,Mon Sep 07 02:46:29 BDT 2026,GET,https://tfctest-002-production.up.railway.app/products,404,Not Found,552,435,271
5252,Mon Sep 07 02:46:29 BDT 2026,Mon Sep 07 02:46:29 BDT 2026,GET,https://tfctest-002-production.up.railway.app/config/database.yml,404,Not Found,522,436,1090
5253,Mon Sep 07 02:46:29 BDT 2026,Mon Sep 07 02:46:30 BDT 2026,GET,https://tfctest-002-production.up.railway.app/.git/config,404,Not Found,533,436,1090
5254,Mon Sep 07 02:46:29 BDT 2026,Mon Sep 07 02:46:30 BDT 2026,GET,https://tfctest-002-production.up.railway.app/user,404,Not Found,706,435,271
5255,Mon Sep 07 02:46:30 BDT 2026,Mon Sep 07 02:46:30 BDT 2026,GET,https://tfctest-002-production.up.railway.app/.svn/entries,404,Not Found,555,436,1090
5256,Mon Sep 07 02:46:30 BDT 2026,Mon Sep 07 02:46:31 BDT 2026,GET,https://tfctest-002-production.up.railway.app/.svn/wc.db,404,Not Found,503,436,1090
5257,Mon Sep 07 02:46:31 BDT 2026,Mon Sep 07 02:46:31 BDT 2026,GET,https://tfctest-002-production.up.railway.app/CVS/root,404,Not Found,536,436,1090
5258,Mon Sep 07 02:46:31 BDT 2026,Mon Sep 07 02:46:32 BDT 2026,GET,https://tfctest-002-production.up.railway.app/server-status,404,Not Found,520,436,1090
5259,Mon Sep 07 02:46:32 BDT 2026,Mon Sep 07 02:46:32 BDT 2026,GET,https://tfctest-002-production.up.railway.app/core,404,Not Found,521,436,1090
5260,Mon Sep 07 02:46:32 BDT 2026,Mon Sep 07 02:46:33 BDT 2026,GET,https://tfctest-002-production.up.railway.app/sftp-config.json,404,Not Found,525,436,1090
5261,Mon Sep 07 02:46:33 BDT 2026,Mon Sep 07 02:46:33 BDT 2026,GET,https://tfctest-002-production.up.railway.app/WS_FTP.ini,404,Not Found,571,436,1090
5262,Mon Sep 07 02:46:33 BDT 2026,Mon Sep 07 02:46:34 BDT 2026,GET,https://tfctest-002-production.up.railway.app/ws_ftp.ini,404,Not Found,526,436,1090
5263,Mon Sep 07 02:46:34 BDT 2026,Mon Sep 07 02:46:35 BDT 2026,GET,https://tfctest-002-production.up.railway.app/WS_FTP.INI,404,Not Found,720,436,1090
5264,Mon Sep 07 02:46:35 BDT 2026,Mon Sep 07 02:46:35 BDT 2026,GET,https://tfctest-002-production.up.railway.app/filezilla.xml,404,Not Found,535,436,1090
5265,Mon Sep 07 02:46:35 BDT 2026,Mon Sep 07 02:46:36 BDT 2026,GET,https://tfctest-002-production.up.railway.app/sitemanager.xml,404,Not Found,502,436,1090
5266,Mon Sep 07 02:46:36 BDT 2026,Mon Sep 07 02:46:36 BDT 2026,GET,https://tfctest-002-production.up.railway.app/FileZilla.xml,404,Not Found,537,436,1090
5267,Mon Sep 07 02:46:36 BDT 2026,Mon Sep 07 02:46:37 BDT 2026,GET,https://tfctest-002-production.up.railway.app/winscp.ini,404,Not Found,533,436,1090
5268,Mon Sep 07 02:46:37 BDT 2026,Mon Sep 07 02:46:37 BDT 2026,GET,https://tfctest-002-production.up.railway.app/WinSCP.ini,404,Not Found,536,436,1090
5269,Mon Sep 07 02:46:37 BDT 2026,Mon Sep 07 02:46:38 BDT 2026,GET,https://tfctest-002-production.up.railway.app/.DS_Store,404,Not Found,520,436,1090
5270,Mon Sep 07 02:46:38 BDT 2026,Mon Sep 07 02:46:38 BDT 2026,GET,https://tfctest-002-production.up.railway.app/.php_cs.cache,404,Not Found,517,436,1090
5271,Mon Sep 07 02:46:38 BDT 2026,Mon Sep 07 02:46:39 BDT 2026,GET,https://tfctest-002-production.up.railway.app/DEADJOE,404,Not Found,524,436,1090
5272,Mon Sep 07 02:46:39 BDT 2026,Mon Sep 07 02:46:39 BDT 2026,GET,https://tfctest-002-production.up.railway.app/sites/default/private/files/backup_migrate/scheduled/test.txt,404,Not Found,528,436,1090
5273,Mon Sep 07 02:46:39 BDT 2026,Mon Sep 07 02:46:40 BDT 2026,GET,https://tfctest-002-production.up.railway.app/app/etc/local.xml,404,Not Found,536,436,1090
5274,Mon Sep 07 02:46:40 BDT 2026,Mon Sep 07 02:46:40 BDT 2026,GET,https://tfctest-002-production.up.railway.app/server.key,404,Not Found,532,436,1090
5275,Mon Sep 07 02:46:40 BDT 2026,Mon Sep 07 02:46:41 BDT 2026,GET,https://tfctest-002-production.up.railway.app/privatekey.key,404,Not Found,517,436,1090
5276,Mon Sep 07 02:46:41 BDT 2026,Mon Sep 07 02:46:41 BDT 2026,GET,https://tfctest-002-production.up.railway.app/myserver.key,404,Not Found,519,436,1090
5277,Mon Sep 07 02:46:41 BDT 2026,Mon Sep 07 02:46:42 BDT 2026,GET,https://tfctest-002-production.up.railway.app/key.pem,404,Not Found,524,436,1090
5278,Mon Sep 07 02:46:42 BDT 2026,Mon Sep 07 02:46:42 BDT 2026,GET,https://tfctest-002-production.up.railway.app/id_rsa,404,Not Found,523,436,1090
5279,Mon Sep 07 02:46:42 BDT 2026,Mon Sep 07 02:46:43 BDT 2026,GET,https://tfctest-002-production.up.railway.app/id_dsa,404,Not Found,517,436,1090
5280,Mon Sep 07 02:46:43 BDT 2026,Mon Sep 07 02:46:44 BDT 2026,GET,https://tfctest-002-production.up.railway.app/.ssh/id_rsa,404,Not Found,535,436,1090
5281,Mon Sep 07 02:46:44 BDT 2026,Mon Sep 07 02:46:44 BDT 2026,GET,https://tfctest-002-production.up.railway.app/.ssh/id_dsa,404,Not Found,537,436,1090
5282,Mon Sep 07 02:46:44 BDT 2026,Mon Sep 07 02:46:45 BDT 2026,GET,https://tfctest-002-production.up.railway.app/adminer.php,404,Not Found,555,436,1090
5283,Mon Sep 07 02:46:45 BDT 2026,Mon Sep 07 02:46:45 BDT 2026,GET,https://tfctest-002-production.up.railway.app/vb_test.php,404,Not Found,540,436,1090
5284,Mon Sep 07 02:46:45 BDT 2026,Mon Sep 07 02:46:46 BDT 2026,GET,https://tfctest-002-production.up.railway.app/CHANGELOG.txt,404,Not Found,507,436,1090
5285,Mon Sep 07 02:46:46 BDT 2026,Mon Sep 07 02:46:46 BDT 2026,GET,https://tfctest-002-production.up.railway.app/sites/default/files/.ht.sqlite,404,Not Found,551,436,1090
5286,Mon Sep 07 02:46:46 BDT 2026,Mon Sep 07 02:46:47 BDT 2026,GET,https://tfctest-002-production.up.railway.app/composer.json,404,Not Found,505,436,1090
5287,Mon Sep 07 02:46:47 BDT 2026,Mon Sep 07 02:46:47 BDT 2026,GET,https://tfctest-002-production.up.railway.app/composer.lock,404,Not Found,522,436,1090
5288,Mon Sep 07 02:46:47 BDT 2026,Mon Sep 07 02:46:48 BDT 2026,GET,https://tfctest-002-production.up.railway.app/vim_settings.xml,404,Not Found,517,436,1090
5289,Mon Sep 07 02:46:48 BDT 2026,Mon Sep 07 02:46:48 BDT 2026,GET,https://tfctest-002-production.up.railway.app/server-info,404,Not Found,636,436,1090
5290,Mon Sep 07 02:46:48 BDT 2026,Mon Sep 07 02:46:49 BDT 2026,GET,https://tfctest-002-production.up.railway.app/phpinfo.php,404,Not Found,524,436,1090
5291,Mon Sep 07 02:46:49 BDT 2026,Mon Sep 07 02:46:50 BDT 2026,GET,https://tfctest-002-production.up.railway.app/info.php,404,Not Found,561,436,1090
5292,Mon Sep 07 02:46:50 BDT 2026,Mon Sep 07 02:46:50 BDT 2026,GET,https://tfctest-002-production.up.railway.app/i.php,404,Not Found,579,436,1090
5293,Mon Sep 07 02:46:50 BDT 2026,Mon Sep 07 02:46:51 BDT 2026,GET,https://tfctest-002-production.up.railway.app/test.php,404,Not Found,533,436,1090
5294,Mon Sep 07 02:46:51 BDT 2026,Mon Sep 07 02:46:51 BDT 2026,GET,https://tfctest-002-production.up.railway.app/_wpeprivate/config.json,404,Not Found,521,436,1090
5295,Mon Sep 07 02:46:51 BDT 2026,Mon Sep 07 02:46:52 BDT 2026,GET,https://tfctest-002-production.up.railway.app/_framework/blazor.boot.json,404,Not Found,623,436,1090
5296,Mon Sep 07 02:46:52 BDT 2026,Mon Sep 07 02:46:52 BDT 2026,GET,https://tfctest-002-production.up.railway.app/.hg,404,Not Found,522,436,1090
5297,Mon Sep 07 02:46:52 BDT 2026,Mon Sep 07 02:46:53 BDT 2026,GET,https://tfctest-002-production.up.railway.app/.bzr,404,Not Found,524,436,1090
5298,Mon Sep 07 02:46:53 BDT 2026,Mon Sep 07 02:46:53 BDT 2026,GET,https://tfctest-002-production.up.railway.app/._darcs,404,Not Found,513,436,1090
5299,Mon Sep 07 02:46:53 BDT 2026,Mon Sep 07 02:46:54 BDT 2026,GET,https://tfctest-002-production.up.railway.app/BitKeeper,404,Not Found,533,436,1090
5300,Mon Sep 07 02:46:54 BDT 2026,Mon Sep 07 02:46:54 BDT 2026,POST,https://tfctest-002-production.up.railway.app/login,500,Internal Server Error,537,437,93
5301,Mon Sep 07 02:46:54 BDT 2026,Mon Sep 07 02:46:55 BDT 2026,POST,https://tfctest-002-production.up.railway.app/user/64406959-fab5-485b-afca-6682eb0ab0bb,500,Internal Server Error,965,437,93
5302,Mon Sep 07 02:46:54 BDT 2026,Mon Sep 07 02:46:55 BDT 2026,POST,https://tfctest-002-production.up.railway.app/checkout,500,Internal Server Error,994,437,93
5303,Mon Sep 07 02:46:54 BDT 2026,Mon Sep 07 02:46:55 BDT 2026,GET,https://tfctest-002-production.up.railway.app,200,OK,994,534,32438
5304,Mon Sep 07 02:46:54 BDT 2026,Mon Sep 07 02:46:55 BDT 2026,POST,https://tfctest-002-production.up.railway.app/orders,500,Internal Server Error,996,437,93
5305,Mon Sep 07 02:46:54 BDT 2026,Mon Sep 07 02:46:54 BDT 2026,GET,https://tfctest-002-production.up.railway.app/?_rsc=%3C,200,OK,506,428,979
5306,Mon Sep 07 02:46:54 BDT 2026,Mon Sep 07 02:46:55 BDT 2026,POST,https://tfctest-002-production.up.railway.app/login,500,Internal Server Error,552,437,93
5307,Mon Sep 07 02:46:55 BDT 2026,Mon Sep 07 02:46:55 BDT 2026,GET,https://tfctest-002-production.up.railway.app/_next,404,Not Found,530,361,9
5308,Mon Sep 07 02:46:55 BDT 2026,Mon Sep 07 02:46:56 BDT 2026,POST,https://tfctest-002-production.up.railway.app/user/64406959-fab5-485b-afca-6682eb0ab0bb,500,Internal Server Error,686,437,93
5309,Mon Sep 07 02:46:55 BDT 2026,Mon Sep 07 02:46:56 BDT 2026,POST,https://tfctest-002-production.up.railway.app/login,500,Internal Server Error,530,437,92
5310,Mon Sep 07 02:46:55 BDT 2026,Mon Sep 07 02:46:56 BDT 2026,POST,https://tfctest-002-production.up.railway.app/checkout,500,Internal Server Error,687,437,93
5311,Mon Sep 07 02:46:55 BDT 2026,Mon Sep 07 02:46:56 BDT 2026,POST,https://tfctest-002-production.up.railway.app/orders,500,Internal Server Error,715,437,93
5312,Mon Sep 07 02:46:55 BDT 2026,Mon Sep 07 02:46:56 BDT 2026,GET,https://tfctest-002-production.up.railway.app/_next/static,404,Not Found,533,361,9
5313,Mon Sep 07 02:46:55 BDT 2026,Mon Sep 07 02:46:55 BDT 2026,GET,https://tfctest-002-production.up.railway.app/?_rsc=%3Cxsl%3Avalue-of+select%3D%22system-property%28%27xsl%3Avendor%27%29%22%2F%3E,200,OK,540,428,979
5314,Mon Sep 07 02:46:56 BDT 2026,Mon Sep 07 02:46:56 BDT 2026,POST,https://tfctest-002-production.up.railway.app/login,500,Internal Server Error,548,437,93
5315,Mon Sep 07 02:46:56 BDT 2026,Mon Sep 07 02:46:56 BDT 2026,POST,https://tfctest-002-production.up.railway.app/user/64406959-fab5-485b-afca-6682eb0ab0bb,500,Internal Server Error,705,437,92
5316,Mon Sep 07 02:46:56 BDT 2026,Mon Sep 07 02:46:56 BDT 2026,POST,https://tfctest-002-production.up.railway.app/checkout,500,Internal Server Error,720,437,92
5317,Mon Sep 07 02:46:56 BDT 2026,Mon Sep 07 02:46:56 BDT 2026,POST,https://tfctest-002-production.up.railway.app/orders,500,Internal Server Error,704,437,92
5318,Mon Sep 07 02:46:56 BDT 2026,Mon Sep 07 02:46:56 BDT 2026,GET,https://tfctest-002-production.up.railway.app/_next/static/chunks,404,Not Found,535,361,9
5319,Mon Sep 07 02:46:56 BDT 2026,Mon Sep 07 02:46:57 BDT 2026,POST,https://tfctest-002-production.up.railway.app/login,500,Internal Server Error,505,437,93
5320,Mon Sep 07 02:46:56 BDT 2026,Mon Sep 07 02:46:57 BDT 2026,POST,https://tfctest-002-production.up.railway.app/user/64406959-fab5-485b-afca-6682eb0ab0bb,500,Internal Server Error,660,437,93
5321,Mon Sep 07 02:46:56 BDT 2026,Mon Sep 07 02:46:57 BDT 2026,POST,https://tfctest-002-production.up.railway.app/checkout,500,Internal Server Error,677,437,93
5322,Mon Sep 07 02:46:56 BDT 2026,Mon Sep 07 02:46:57 BDT 2026,GET,https://tfctest-002-production.up.railway.app/?_rsc=system-property%28%27xsl%3Avendor%27%29%2F%3E,200,OK,535,428,979
5323,Mon Sep 07 02:46:56 BDT 2026,Mon Sep 07 02:46:57 BDT 2026,POST,https://tfctest-002-production.up.railway.app/orders,500,Internal Server Error,689,437,93
5324,Mon Sep 07 02:46:57 BDT 2026,Mon Sep 07 02:46:57 BDT 2026,POST,https://tfctest-002-production.up.railway.app/login,500,Internal Server Error,532,437,93
5325,Mon Sep 07 02:46:57 BDT 2026,Mon Sep 07 02:46:58 BDT 2026,POST,https://tfctest-002-production.up.railway.app/user/64406959-fab5-485b-afca-6682eb0ab0bb,500,Internal Server Error,698,437,93
5326,Mon Sep 07 02:46:57 BDT 2026,Mon Sep 07 02:46:58 BDT 2026,POST,https://tfctest-002-production.up.railway.app/checkout,500,Internal Server Error,699,437,93
5327,Mon Sep 07 02:46:57 BDT 2026,Mon Sep 07 02:46:58 BDT 2026,POST,https://tfctest-002-production.up.railway.app/login,500,Internal Server Error,559,437,93
5328,Mon Sep 07 02:46:57 BDT 2026,Mon Sep 07 02:46:58 BDT 2026,POST,https://tfctest-002-production.up.railway.app/orders,500,Internal Server Error,696,437,93
5329,Mon Sep 07 02:46:58 BDT 2026,Mon Sep 07 02:46:58 BDT 2026,GET,https://tfctest-002-production.up.railway.app/login?next=%3C&_rsc=5CB68i4pnAekjehf,200,OK,529,428,274
5330,Mon Sep 07 02:46:57 BDT 2026,Mon Sep 07 02:46:58 BDT 2026,GET,https://tfctest-002-production.up.railway.app/?_rsc=%22%2F%3E%3Cxsl%3Avalue-of+select%3D%22system-property%28%27xsl%3Avendor%27%29%22%2F%3E%3C%21--,200,OK,528,428,979
5331,Mon Sep 07 02:46:58 BDT 2026,Mon Sep 07 02:46:58 BDT 2026,POST,https://tfctest-002-production.up.railway.app/login,500,Internal Server Error,516,437,93
5332,Mon Sep 07 02:46:58 BDT 2026,Mon Sep 07 02:46:58 BDT 2026,POST,https://tfctest-002-production.up.railway.app/user/64406959-fab5-485b-afca-6682eb0ab0bb,500,Internal Server Error,670,437,93
5333,Mon Sep 07 02:46:57 BDT 2026,Mon Sep 07 02:46:58 BDT 2026,GET,https://tfctest-002-production.up.railway.app/login?_rsc=%3C,200,OK,530,429,1033
5334,Mon Sep 07 02:46:58 BDT 2026,Mon Sep 07 02:46:58 BDT 2026,POST,https://tfctest-002-production.up.railway.app/checkout,500,Internal Server Error,661,437,93
5335,Mon Sep 07 02:46:58 BDT 2026,Mon Sep 07 02:46:58 BDT 2026,POST,https://tfctest-002-production.up.railway.app/orders,500,Internal Server Error,678,437,93
5336,Mon Sep 07 02:46:58 BDT 2026,Mon Sep 07 02:46:59 BDT 2026,GET,https://tfctest-002-production.up.railway.app/login?next=%3Cxsl%3Avalue-of+select%3D%22system-property%28%27xsl%3Avendor%27%29%22%2F%3E&_rsc=5CB68i4pnAekjehf,200,OK,538,428,343
5337,Mon Sep 07 02:46:57 BDT 2026,Mon Sep 07 02:46:58 BDT 2026,GET,https://tfctest-002-production.up.railway.app/checkout?_rsc=%3C,200,OK,702,429,1036
5338,Mon Sep 07 02:46:58 BDT 2026,Mon Sep 07 02:46:59 BDT 2026,POST,https://tfctest-002-production.up.railway.app/user/64406959-fab5-485b-afca-6682eb0ab0bb,500,Internal Server Error,649,437,93
5339,Mon Sep 07 02:46:58 BDT 2026,Mon Sep 07 02:46:59 BDT 2026,POST,https://tfctest-002-production.up.railway.app/checkout,500,Internal Server Error,691,437,93
5340,Mon Sep 07 02:46:59 BDT 2026,Mon Sep 07 02:46:59 BDT 2026,GET,https://tfctest-002-production.up.railway.app/login?next=system-property%28%27xsl%3Avendor%27%29%2F%3E&_rsc=5CB68i4pnAekjehf,200,OK,503,428,308
5341,Mon Sep 07 02:46:58 BDT 2026,Mon Sep 07 02:46:59 BDT 2026,POST,https://tfctest-002-production.up.railway.app/orders,500,Internal Server Error,676,437,93
5342,Mon Sep 07 02:46:58 BDT 2026,Mon Sep 07 02:46:59 BDT 2026,GET,https://tfctest-002-production.up.railway.app/?_rsc=%3Cxsl%3Avalue-of+select%3D%22system-property%28%27xsl%3Avendor%27%29%22%2F%3E%3C%21--,200,OK,503,428,979
5343,Mon Sep 07 02:46:58 BDT 2026,Mon Sep 07 02:46:59 BDT 2026,GET,https://tfctest-002-production.up.railway.app/login?next=%3C,200,OK,525,428,274
5344,Mon Sep 07 02:46:58 BDT 2026,Mon Sep 07 02:46:59 BDT 2026,GET,https://tfctest-002-production.up.railway.app/login?_rsc=%3Cxsl%3Avalue-of+select%3D%22system-property%28%27xsl%3Avendor%27%29%22%2F%3E,200,OK,519,429,1033
5345,Mon Sep 07 02:46:59 BDT 2026,Mon Sep 07 02:47:00 BDT 2026,GET,https://tfctest-002-production.up.railway.app/login?next=%22%2F%3E%3Cxsl%3Avalue-of+select%3D%22system-property%28%27xsl%3Avendor%27%29%22%2F%3E%3C%21--&_rsc=5CB68i4pnAekjehf,200,OK,522,428,358
5346,Mon Sep 07 02:46:59 BDT 2026,Mon Sep 07 02:47:00 BDT 2026,POST,https://tfctest-002-production.up.railway.app/user/64406959-fab5-485b-afca-6682eb0ab0bb,500,Internal Server Error,678,437,93
5347,Mon Sep 07 02:46:59 BDT 2026,Mon Sep 07 02:47:00 BDT 2026,POST,https://tfctest-002-production.up.railway.app/checkout,500,Internal Server Error,679,437,93
5348,Mon Sep 07 02:46:59 BDT 2026,Mon Sep 07 02:47:00 BDT 2026,POST,https://tfctest-002-production.up.railway.app/orders,500,Internal Server Error,696,437,93
5349,Mon Sep 07 02:46:59 BDT 2026,Mon Sep 07 02:46:59 BDT 2026,GET,https://tfctest-002-production.up.railway.app/checkout?_rsc=%3Cxsl%3Avalue-of+select%3D%22system-property%28%27xsl%3Avendor%27%29%22%2F%3E,200,OK,680,429,1036
5350,Mon Sep 07 02:47:00 BDT 2026,Mon Sep 07 02:47:00 BDT 2026,GET,https://tfctest-002-production.up.railway.app/login?next=%3Cxsl%3Avalue-of+select%3D%22system-property%28%27xsl%3Avendor%27%29%22%2F%3E%3C%21--&_rsc=5CB68i4pnAekjehf,200,OK,517,428,349
5351,Mon Sep 07 02:46:59 BDT 2026,Mon Sep 07 02:47:00 BDT 2026,GET,https://tfctest-002-production.up.railway.app/?_rsc=%3Cxsl%3Avalue-of+select%3D%22document%28%27http%3A%2F%2Ftfctest-002-production.up.railway.app%3A22%27%29%22%2F%3E,200,OK,540,428,979
5352,Mon Sep 07 02:47:00 BDT 2026,Mon Sep 07 02:47:00 BDT 2026,GET,https://tfctest-002-production.up.railway.app/products,404,Not Found,517,435,271
5353,Mon Sep 07 02:46:59 BDT 2026,Mon Sep 07 02:47:00 BDT 2026,GET,https://tfctest-002-production.up.railway.app/login?next=%3Cxsl%3Avalue-of+select%3D%22system-property%28%27xsl%3Avendor%27%29%22%2F%3E,200,OK,548,428,343
5354,Mon Sep 07 02:46:59 BDT 2026,Mon Sep 07 02:47:00 BDT 2026,GET,https://tfctest-002-production.up.railway.app/login?_rsc=system-property%28%27xsl%3Avendor%27%29%2F%3E,200,OK,501,429,1033
5355,Mon Sep 07 02:47:00 BDT 2026,Mon Sep 07 02:47:01 BDT 2026,GET,https://tfctest-002-production.up.railway.app/login?next=%3Cxsl%3Avalue-of+select%3D%22document%28%27http%3A%2F%2Ftfctest-002-production.up.railway.app%3A22%27%29%22%2F%3E&_rsc=5CB68i4pnAekjehf,200,OK,520,428,379
5356,Mon Sep 07 02:47:01 BDT 2026,Mon Sep 07 02:47:01 BDT 2026,GET,https://tfctest-002-production.up.railway.app/login?next=%3Cxsl%3Avariable+name%3D%22rtobject%22+select%3D%22runtime%3AgetRuntime%28%29%22%2F%3E%0A%3Cxsl%3Avariable+name%3D%22process%22+select%3D%22runtime%3Aexec%28%24rtobject%2C%27erroneous_command%27%29%22%2F%3E%0A%3Cxsl%3Avariable+name%3D%22waiting%22+select%3D%22process%3AwaitFor%28%24process%29%22%2F%3E%0A%3Cxsl%3Avalue-of+select%3D%22%24process%22%2F%3E&_rsc=5CB68i4pnAekjehf,200,OK,533,428,624
5357,Mon Sep 07 02:47:00 BDT 2026,Mon Sep 07 02:47:01 BDT 2026,GET,https://tfctest-002-production.up.railway.app/?_rsc=%3Cxsl%3Avariable+name%3D%22rtobject%22+select%3D%22runtime%3AgetRuntime%28%29%22%2F%3E%0A%3Cxsl%3Avariable+name%3D%22process%22+select%3D%22runtime%3Aexec%28%24rtobject%2C%27erroneous_command%27%29%22%2F%3E%0A%3Cxsl%3Avariable+name%3D%22waiting%22+select%3D%22process%3AwaitFor%28%24process%29%22%2F%3E%0A%3Cxsl%3Avalue-of+select%3D%22%24process%22%2F%3E,200,OK,488,428,979
5358,Mon Sep 07 02:47:00 BDT 2026,Mon Sep 07 02:47:01 BDT 2026,GET,https://tfctest-002-production.up.railway.app/products/1?_rsc=%3C,200,OK,534,429,1100
5359,Mon Sep 07 02:47:00 BDT 2026,Mon Sep 07 02:47:01 BDT 2026,GET,https://tfctest-002-production.up.railway.app/products/10?_rsc=%3C,200,OK,563,429,1101
5360,Mon Sep 07 02:47:00 BDT 2026,Mon Sep 07 02:47:01 BDT 2026,GET,https://tfctest-002-production.up.railway.app/checkout?_rsc=system-property%28%27xsl%3Avendor%27%29%2F%3E,200,OK,681,429,1036
5361,Mon Sep 07 02:47:01 BDT 2026,Mon Sep 07 02:47:01 BDT 2026,GET,https://tfctest-002-production.up.railway.app/login?_rsc=%22%2F%3E%3Cxsl%3Avalue-of+select%3D%22system-property%28%27xsl%3Avendor%27%29%22%2F%3E%3C%21--,200,OK,533,429,1033
5362,Mon Sep 07 02:47:00 BDT 2026,Mon Sep 07 02:47:01 BDT 2026,GET,https://tfctest-002-production.up.railway.app/login?next=system-property%28%27xsl%3Avendor%27%29%2F%3E,200,OK,517,428,308
5363,Mon Sep 07 02:47:01 BDT 2026,Mon Sep 07 02:47:02 BDT 2026,GET,https://tfctest-002-production.up.railway.app/login?next=%3Cxsl%3Avalue-of+select%3D%22php%3Afunction%28%27exec%27%2C%27erroneous_command+2%3E%26amp%3B1%27%29%22%2F%3E&_rsc=5CB68i4pnAekjehf,200,OK,529,428,373
5364,Mon Sep 07 02:47:00 BDT 2026,Mon Sep 07 02:47:00 BDT 2026,GET,https://tfctest-002-production.up.railway.app/orders?_rsc=%3C,200,OK,676,430,18158
5365,Mon Sep 07 02:47:01 BDT 2026,Mon Sep 07 02:47:02 BDT 2026,GET,https://tfctest-002-production.up.railway.app/?_rsc=%3Cxsl%3Avalue-of+select%3D%22php%3Afunction%28%27exec%27%2C%27erroneous_command+2%3E%26amp%3B1%27%29%22%2F%3E,200,OK,525,428,979
5366,Mon Sep 07 02:47:01 BDT 2026,Mon Sep 07 02:47:02 BDT 2026,GET,https://tfctest-002-production.up.railway.app/products/1?_rsc=%3Cxsl%3Avalue-of+select%3D%22system-property%28%27xsl%3Avendor%27%29%22%2F%3E,200,OK,526,429,1100
5367,Mon Sep 07 02:47:01 BDT 2026,Mon Sep 07 02:47:02 BDT 2026,GET,https://tfctest-002-production.up.railway.app/products/10?_rsc=%3Cxsl%3Avalue-of+select%3D%22system-property%28%27xsl%3Avendor%27%29%22%2F%3E,200,OK,526,429,1101
5368,Mon Sep 07 02:47:02 BDT 2026,Mon Sep 07 02:47:02 BDT 2026,GET,https://tfctest-002-production.up.railway.app/login?_rsc=%3Cxsl%3Avalue-of+select%3D%22system-property%28%27xsl%3Avendor%27%29%22%2F%3E%3C%21--,200,OK,502,429,1033
5369,Mon Sep 07 02:47:02 BDT 2026,Mon Sep 07 02:47:02 BDT 2026,GET,https://tfctest-002-production.up.railway.app/login?next=%22%2F%3E%3Cxsl%3Avalue-of+select%3D%22system-property%28%27xsl%3Avendor%27%29%22%2F%3E%3C%21--,200,OK,533,428,358
5370,Mon Sep 07 02:47:02 BDT 2026,Mon Sep 07 02:47:02 BDT 2026,GET,https://tfctest-002-production.up.railway.app/login?next=%2Fcheckout&_rsc=%3C,200,OK,501,428,282
5371,Mon Sep 07 02:47:02 BDT 2026,Mon Sep 07 02:47:02 BDT 2026,GET,https://tfctest-002-production.up.railway.app/checkout?_rsc=%22%2F%3E%3Cxsl%3Avalue-of+select%3D%22system-property%28%27xsl%3Avendor%27%29%22%2F%3E%3C%21--,200,OK,683,429,1036
5372,Mon Sep 07 02:47:02 BDT 2026,Mon Sep 07 02:47:03 BDT 2026,GET,https://tfctest-002-production.up.railway.app/products/10?_rsc=system-property%28%27xsl%3Avendor%27%29%2F%3E,200,OK,437,429,1101
5373,Mon Sep 07 02:47:02 BDT 2026,Mon Sep 07 02:47:03 BDT 2026,GET,https://tfctest-002-production.up.railway.app/products/2?_rsc=%3C,200,OK,503,429,1100
5374,Mon Sep 07 02:47:02 BDT 2026,Mon Sep 07 02:47:03 BDT 2026,GET,https://tfctest-002-production.up.railway.app/products/1?_rsc=system-property%28%27xsl%3Avendor%27%29%2F%3E,200,OK,518,429,1100
5375,Mon Sep 07 02:47:03 BDT 2026,Mon Sep 07 02:47:03 BDT 2026,GET,https://tfctest-002-production.up.railway.app/login?_rsc=%3Cxsl%3Avalue-of+select%3D%22document%28%27http%3A%2F%2Ftfctest-002-production.up.railway.app%3A22%27%29%22%2F%3E,200,OK,516,429,1033
5376,Mon Sep 07 02:47:03 BDT 2026,Mon Sep 07 02:47:03 BDT 2026,GET,https://tfctest-002-production.up.railway.app/login?next=%3Cxsl%3Avalue-of+select%3D%22system-property%28%27xsl%3Avendor%27%29%22%2F%3E%3C%21--,200,OK,522,428,349
5377,Mon Sep 07 02:47:03 BDT 2026,Mon Sep 07 02:47:03 BDT 2026,GET,https://tfctest-002-production.up.railway.app/login?next=%2Fcheckout&_rsc=%3Cxsl%3Avalue-of+select%3D%22system-property%28%27xsl%3Avendor%27%29%22%2F%3E,200,OK,524,428,282
5378,Mon Sep 07 02:47:03 BDT 2026,Mon Sep 07 02:47:04 BDT 2026,GET,https://tfctest-002-production.up.railway.app/checkout?_rsc=%3Cxsl%3Avalue-of+select%3D%22system-property%28%27xsl%3Avendor%27%29%22%2F%3E%3C%21--,200,OK,671,429,1036
5379,Mon Sep 07 02:47:03 BDT 2026,Mon Sep 07 02:47:04 BDT 2026,GET,https://tfctest-002-production.up.railway.app/products/10?_rsc=%22%2F%3E%3Cxsl%3Avalue-of+select%3D%22system-property%28%27xsl%3Avendor%27%29%22%2F%3E%3C%21--,200,OK,523,429,1101
5380,Mon Sep 07 02:47:03 BDT 2026,Mon Sep 07 02:47:04 BDT 2026,GET,https://tfctest-002-production.up.railway.app/products/2?_rsc=%3Cxsl%3Avalue-of+select%3D%22system-property%28%27xsl%3Avendor%27%29%22%2F%3E,200,OK,519,429,1100
5381,Mon Sep 07 02:47:03 BDT 2026,Mon Sep 07 02:47:04 BDT 2026,GET,https://tfctest-002-production.up.railway.app/products/1?_rsc=%22%2F%3E%3Cxsl%3Avalue-of+select%3D%22system-property%28%27xsl%3Avendor%27%29%22%2F%3E%3C%21--,200,OK,503,429,1100
5382,Mon Sep 07 02:47:02 BDT 2026,Mon Sep 07 02:47:03 BDT 2026,GET,https://tfctest-002-production.up.railway.app/orders?_rsc=%3Cxsl%3Avalue-of+select%3D%22system-property%28%27xsl%3Avendor%27%29%22%2F%3E,200,OK,706,430,18158
5383,Mon Sep 07 02:47:04 BDT 2026,Mon Sep 07 02:47:04 BDT 2026,GET,https://tfctest-002-production.up.railway.app/login?next=%3Cxsl%3Avalue-of+select%3D%22document%28%27http%3A%2F%2Ftfctest-002-production.up.railway.app%3A22%27%29%22%2F%3E,200,OK,535,428,379
5384,Mon Sep 07 02:47:04 BDT 2026,Mon Sep 07 02:47:04 BDT 2026,GET,https://tfctest-002-production.up.railway.app/login?next=%2Fcheckout&_rsc=system-property%28%27xsl%3Avendor%27%29%2F%3E,200,OK,491,428,282
5385,Mon Sep 07 02:47:04 BDT 2026,Mon Sep 07 02:47:04 BDT 2026,GET,https://tfctest-002-production.up.railway.app/login?_rsc=%3Cxsl%3Avariable+name%3D%22rtobject%22+select%3D%22runtime%3AgetRuntime%28%29%22%2F%3E%0A%3Cxsl%3Avariable+name%3D%22process%22+select%3D%22runtime%3Aexec%28%24rtobject%2C%27erroneous_command%27%29%22%2F%3E%0A%3Cxsl%3Avariable+name%3D%22waiting%22+select%3D%22process%3AwaitFor%28%24process%29%22%2F%3E%0A%3Cxsl%3Avalue-of+select%3D%22%24process%22%2F%3E,200,OK,535,429,1033
5386,Mon Sep 07 02:47:04 BDT 2026,Mon Sep 07 02:47:05 BDT 2026,GET,https://tfctest-002-production.up.railway.app/products/10?_rsc=%3Cxsl%3Avalue-of+select%3D%22system-property%28%27xsl%3Avendor%27%29%22%2F%3E%3C%21--,200,OK,525,429,1101
5387,Mon Sep 07 02:47:04 BDT 2026,Mon Sep 07 02:47:05 BDT 2026,GET,https://tfctest-002-production.up.railway.app/products/2?_rsc=system-property%28%27xsl%3Avendor%27%29%2F%3E,200,OK,557,429,1100
5388,Mon Sep 07 02:47:05 BDT 2026,Mon Sep 07 02:47:05 BDT 2026,GET,https://tfctest-002-production.up.railway.app/products/1?_rsc=%3Cxsl%3Avalue-of+select%3D%22system-property%28%27xsl%3Avendor%27%29%22%2F%3E%3C%21--,200,OK,536,429,1100
5389,Mon Sep 07 02:47:05 BDT 2026,Mon Sep 07 02:47:05 BDT 2026,GET,https://tfctest-002-production.up.railway.app/login?next=%2Fcheckout&_rsc=%22%2F%3E%3Cxsl%3Avalue-of+select%3D%22system-property%28%27xsl%3Avendor%27%29%22%2F%3E%3C%21--,200,OK,518,428,282
5390,Mon Sep 07 02:47:04 BDT 2026,Mon Sep 07 02:47:05 BDT 2026,GET,https://tfctest-002-production.up.railway.app/checkout?_rsc=%3Cxsl%3Avalue-of+select%3D%22document%28%27http%3A%2F%2Ftfctest-002-production.up.railway.app%3A22%27%29%22%2F%3E,200,OK,666,429,1036
5391,Mon Sep 07 02:47:05 BDT 2026,Mon Sep 07 02:47:05 BDT 2026,GET,https://tfctest-002-production.up.railway.app/login?next=%3Cxsl%3Avariable+name%3D%22rtobject%22+select%3D%22runtime%3AgetRuntime%28%29%22%2F%3E%0A%3Cxsl%3Avariable+name%3D%22process%22+select%3D%22runtime%3Aexec%28%24rtobject%2C%27erroneous_command%27%29%22%2F%3E%0A%3Cxsl%3Avariable+name%3D%22waiting%22+select%3D%22process%3AwaitFor%28%24process%29%22%2F%3E%0A%3Cxsl%3Avalue-of+select%3D%22%24process%22%2F%3E,200,OK,521,428,624
5392,Mon Sep 07 02:47:05 BDT 2026,Mon Sep 07 02:47:05 BDT 2026,GET,https://tfctest-002-production.up.railway.app/login?_rsc=%3Cxsl%3Avalue-of+select%3D%22php%3Afunction%28%27exec%27%2C%27erroneous_command+2%3E%26amp%3B1%27%29%22%2F%3E,200,OK,500,429,1033
5393,Mon Sep 07 02:47:05 BDT 2026,Mon Sep 07 02:47:06 BDT 2026,GET,https://tfctest-002-production.up.railway.app/products/10?_rsc=%3Cxsl%3Avalue-of+select%3D%22document%28%27http%3A%2F%2Ftfctest-002-production.up.railway.app%3A22%27%29%22%2F%3E,200,OK,515,429,1101
5394,Mon Sep 07 02:47:06 BDT 2026,Mon Sep 07 02:47:06 BDT 2026,GET,https://tfctest-002-production.up.railway.app/products/2?_rsc=%22%2F%3E%3Cxsl%3Avalue-of+select%3D%22system-property%28%27xsl%3Avendor%27%29%22%2F%3E%3C%21--,200,OK,507,429,1100
5395,Mon Sep 07 02:47:06 BDT 2026,Mon Sep 07 02:47:06 BDT 2026,GET,https://tfctest-002-production.up.railway.app/products/1?_rsc=%3Cxsl%3Avalue-of+select%3D%22document%28%27http%3A%2F%2Ftfctest-002-production.up.railway.app%3A22%27%29%22%2F%3E,200,OK,534,429,1100
5396,Mon Sep 07 02:47:06 BDT 2026,Mon Sep 07 02:47:06 BDT 2026,GET,https://tfctest-002-production.up.railway.app/login?next=%3Cxsl%3Avalue-of+select%3D%22php%3Afunction%28%27exec%27%2C%27erroneous_command+2%3E%26amp%3B1%27%29%22%2F%3E,200,OK,502,428,373
5397,Mon Sep 07 02:47:06 BDT 2026,Mon Sep 07 02:47:06 BDT 2026,GET,https://tfctest-002-production.up.railway.app/products/3?_rsc=%3C,200,OK,486,429,1100
5398,Mon Sep 07 02:47:06 BDT 2026,Mon Sep 07 02:47:06 BDT 2026,GET,https://tfctest-002-production.up.railway.app/products/4?_rsc=%3C,200,OK,517,429,1100
5399,Mon Sep 07 02:47:05 BDT 2026,Mon Sep 07 02:47:05 BDT 2026,GET,https://tfctest-002-production.up.railway.app/orders?_rsc=system-property%28%27xsl%3Avendor%27%29%2F%3E,200,OK,642,430,18158
5400,Mon Sep 07 02:47:06 BDT 2026,Mon Sep 07 02:47:07 BDT 2026,GET,https://tfctest-002-production.up.railway.app/checkout?_rsc=%3Cxsl%3Avariable+name%3D%22rtobject%22+select%3D%22runtime%3AgetRuntime%28%29%22%2F%3E%0A%3Cxsl%3Avariable+name%3D%22process%22+select%3D%22runtime%3Aexec%28%24rtobject%2C%27erroneous_command%27%29%22%2F%3E%0A%3Cxsl%3Avariable+name%3D%22waiting%22+select%3D%22process%3AwaitFor%28%24process%29%22%2F%3E%0A%3Cxsl%3Avalue-of+select%3D%22%24process%22%2F%3E,200,OK,679,429,1036
5401,Mon Sep 07 02:47:07 BDT 2026,Mon Sep 07 02:47:07 BDT 2026,GET,https://tfctest-002-production.up.railway.app/products/2?_rsc=%3Cxsl%3Avalue-of+select%3D%22system-property%28%27xsl%3Avendor%27%29%22%2F%3E%3C%21--,200,OK,511,429,1100
5402,Mon Sep 07 02:47:07 BDT 2026,Mon Sep 07 02:47:07 BDT 2026,GET,https://tfctest-002-production.up.railway.app/products/10?_rsc=%3Cxsl%3Avariable+name%3D%22rtobject%22+select%3D%22runtime%3AgetRuntime%28%29%22%2F%3E%0A%3Cxsl%3Avariable+name%3D%22process%22+select%3D%22runtime%3Aexec%28%24rtobject%2C%27erroneous_command%27%29%22%2F%3E%0A%3Cxsl%3Avariable+name%3D%22waiting%22+select%3D%22process%3AwaitFor%28%24process%29%22%2F%3E%0A%3Cxsl%3Avalue-of+select%3D%22%24process%22%2F%3E,200,OK,562,429,1101
5403,Mon Sep 07 02:47:07 BDT 2026,Mon Sep 07 02:47:07 BDT 2026,GET,https://tfctest-002-production.up.railway.app/products/1?_rsc=%3Cxsl%3Avariable+name%3D%22rtobject%22+select%3D%22runtime%3AgetRuntime%28%29%22%2F%3E%0A%3Cxsl%3Avariable+name%3D%22process%22+select%3D%22runtime%3Aexec%28%24rtobject%2C%27erroneous_command%27%29%22%2F%3E%0A%3Cxsl%3Avariable+name%3D%22waiting%22+select%3D%22process%3AwaitFor%28%24process%29%22%2F%3E%0A%3Cxsl%3Avalue-of+select%3D%22%24process%22%2F%3E,200,OK,554,429,1100
5404,Mon Sep 07 02:47:07 BDT 2026,Mon Sep 07 02:47:07 BDT 2026,GET,https://tfctest-002-production.up.railway.app/products/3?_rsc=%3Cxsl%3Avalue-of+select%3D%22system-property%28%27xsl%3Avendor%27%29%22%2F%3E,200,OK,508,429,1100
5405,Mon Sep 07 02:47:07 BDT 2026,Mon Sep 07 02:47:07 BDT 2026,GET,https://tfctest-002-production.up.railway.app/products/5?_rsc=%3C,200,OK,508,429,1100
5406,Mon Sep 07 02:47:07 BDT 2026,Mon Sep 07 02:47:07 BDT 2026,GET,https://tfctest-002-production.up.railway.app/products/4?_rsc=%3Cxsl%3Avalue-of+select%3D%22system-property%28%27xsl%3Avendor%27%29%22%2F%3E,200,OK,521,429,1100
5407,Mon Sep 07 02:47:07 BDT 2026,Mon Sep 07 02:47:08 BDT 2026,GET,https://tfctest-002-production.up.railway.app/checkout?_rsc=%3Cxsl%3Avalue-of+select%3D%22php%3Afunction%28%27exec%27%2C%27erroneous_command+2%3E%26amp%3B1%27%29%22%2F%3E,200,OK,652,429,1036
5408,Mon Sep 07 02:47:08 BDT 2026,Mon Sep 07 02:47:08 BDT 2026,GET,https://tfctest-002-production.up.railway.app/products/2?_rsc=%3Cxsl%3Avalue-of+select%3D%22document%28%27http%3A%2F%2Ftfctest-002-production.up.railway.app%3A22%27%29%22%2F%3E,200,OK,503,429,1100
5409,Mon Sep 07 02:47:08 BDT 2026,Mon Sep 07 02:47:08 BDT 2026,GET,https://tfctest-002-production.up.railway.app/products/10?_rsc=%3Cxsl%3Avalue-of+select%3D%22php%3Afunction%28%27exec%27%2C%27erroneous_command+2%3E%26amp%3B1%27%29%22%2F%3E,200,OK,533,429,1101
5410,Mon Sep 07 02:47:08 BDT 2026,Mon Sep 07 02:47:08 BDT 2026,GET,https://tfctest-002-production.up.railway.app/products/1?_rsc=%3Cxsl%3Avalue-of+select%3D%22php%3Afunction%28%27exec%27%2C%27erroneous_command+2%3E%26amp%3B1%27%29%22%2F%3E,200,OK,517,429,1100
5411,Mon Sep 07 02:47:08 BDT 2026,Mon Sep 07 02:47:08 BDT 2026,GET,https://tfctest-002-production.up.railway.app/products/3?_rsc=system-property%28%27xsl%3Avendor%27%29%2F%3E,200,OK,517,429,1100
5412,Mon Sep 07 02:47:08 BDT 2026,Mon Sep 07 02:47:08 BDT 2026,GET,https://tfctest-002-production.up.railway.app/products/4?_rsc=system-property%28%27xsl%3Avendor%27%29%2F%3E,200,OK,532,429,1100
5413,Mon Sep 07 02:47:08 BDT 2026,Mon Sep 07 02:47:09 BDT 2026,GET,https://tfctest-002-production.up.railway.app/products/5?_rsc=%3Cxsl%3Avalue-of+select%3D%22system-property%28%27xsl%3Avendor%27%29%22%2F%3E,200,OK,627,429,1100
5414,Mon Sep 07 02:47:07 BDT 2026,Mon Sep 07 02:47:08 BDT 2026,GET,https://tfctest-002-production.up.railway.app/orders?_rsc=%22%2F%3E%3Cxsl%3Avalue-of+select%3D%22system-property%28%27xsl%3Avendor%27%29%22%2F%3E%3C%21--,200,OK,662,430,18158
5415,Mon Sep 07 02:47:09 BDT 2026,Mon Sep 07 02:47:09 BDT 2026,GET,https://tfctest-002-production.up.railway.app/products/6?_rsc=%3C,200,OK,522,429,1100
5416,Mon Sep 07 02:47:09 BDT 2026,Mon Sep 07 02:47:09 BDT 2026,GET,https://tfctest-002-production.up.railway.app/products/2?_rsc=%3Cxsl%3Avariable+name%3D%22rtobject%22+select%3D%22runtime%3AgetRuntime%28%29%22%2F%3E%0A%3Cxsl%3Avariable+name%3D%22process%22+select%3D%22runtime%3Aexec%28%24rtobject%2C%27erroneous_command%27%29%22%2F%3E%0A%3Cxsl%3Avariable+name%3D%22waiting%22+select%3D%22process%3AwaitFor%28%24process%29%22%2F%3E%0A%3Cxsl%3Avalue-of+select%3D%22%24process%22%2F%3E,200,OK,537,429,1100
5417,Mon Sep 07 02:47:09 BDT 2026,Mon Sep 07 02:47:09 BDT 2026,GET,https://tfctest-002-production.up.railway.app/products/7?_rsc=%3C,200,OK,514,429,1100
5418,Mon Sep 07 02:47:09 BDT 2026,Mon Sep 07 02:47:09 BDT 2026,GET,https://tfctest-002-production.up.railway.app/products/3?_rsc=%22%2F%3E%3Cxsl%3Avalue-of+select%3D%22system-property%28%27xsl%3Avendor%27%29%22%2F%3E%3C%21--,200,OK,514,429,1100
5419,Mon Sep 07 02:47:09 BDT 2026,Mon Sep 07 02:47:09 BDT 2026,GET,https://tfctest-002-production.up.railway.app/products/8?_rsc=%3C,200,OK,514,429,1100
5420,Mon Sep 07 02:47:09 BDT 2026,Mon Sep 07 02:47:10 BDT 2026,GET,https://tfctest-002-production.up.railway.app/products/4?_rsc=%22%2F%3E%3Cxsl%3Avalue-of+select%3D%22system-property%28%27xsl%3Avendor%27%29%22%2F%3E%3C%21--,200,OK,519,429,1100
5421,Mon Sep 07 02:47:09 BDT 2026,Mon Sep 07 02:47:10 BDT 2026,GET,https://tfctest-002-production.up.railway.app/products/5?_rsc=system-property%28%27xsl%3Avendor%27%29%2F%3E,200,OK,534,429,1100
5422,Mon Sep 07 02:47:10 BDT 2026,Mon Sep 07 02:47:10 BDT 2026,GET,https://tfctest-002-production.up.railway.app/products/2?_rsc=%3Cxsl%3Avalue-of+select%3D%22php%3Afunction%28%27exec%27%2C%27erroneous_command+2%3E%26amp%3B1%27%29%22%2F%3E,200,OK,513,429,1100
5423,Mon Sep 07 02:47:10 BDT 2026,Mon Sep 07 02:47:10 BDT 2026,GET,https://tfctest-002-production.up.railway.app/products/6?_rsc=%3Cxsl%3Avalue-of+select%3D%22system-property%28%27xsl%3Avendor%27%29%22%2F%3E,200,OK,513,429,1100
5424,Mon Sep 07 02:47:10 BDT 2026,Mon Sep 07 02:47:11 BDT 2026,GET,https://tfctest-002-production.up.railway.app/products/7?_rsc=%3Cxsl%3Avalue-of+select%3D%22system-property%28%27xsl%3Avendor%27%29%22%2F%3E,200,OK,516,429,1100
5425,Mon Sep 07 02:47:10 BDT 2026,Mon Sep 07 02:47:11 BDT 2026,GET,https://tfctest-002-production.up.railway.app/products/8?_rsc=%3Cxsl%3Avalue-of+select%3D%22system-property%28%27xsl%3Avendor%27%29%22%2F%3E,200,OK,515,429,1100
5426,Mon Sep 07 02:47:10 BDT 2026,Mon Sep 07 02:47:11 BDT 2026,GET,https://tfctest-002-production.up.railway.app/products/3?_rsc=%3Cxsl%3Avalue-of+select%3D%22system-property%28%27xsl%3Avendor%27%29%22%2F%3E%3C%21--,200,OK,516,429,1100
5427,Mon Sep 07 02:47:10 BDT 2026,Mon Sep 07 02:47:11 BDT 2026,GET,https://tfctest-002-production.up.railway.app/products/4?_rsc=%3Cxsl%3Avalue-of+select%3D%22system-property%28%27xsl%3Avendor%27%29%22%2F%3E%3C%21--,200,OK,528,429,1100
5428,Mon Sep 07 02:47:10 BDT 2026,Mon Sep 07 02:47:11 BDT 2026,GET,https://tfctest-002-production.up.railway.app/products/5?_rsc=%22%2F%3E%3Cxsl%3Avalue-of+select%3D%22system-property%28%27xsl%3Avendor%27%29%22%2F%3E%3C%21--,200,OK,491,429,1100
5429,Mon Sep 07 02:47:11 BDT 2026,Mon Sep 07 02:47:12 BDT 2026,GET,https://tfctest-002-production.up.railway.app/user,404,Not Found,675,435,271
5430,Mon Sep 07 02:47:09 BDT 2026,Mon Sep 07 02:47:10 BDT 2026,GET,https://tfctest-002-production.up.railway.app/orders?_rsc=%3Cxsl%3Avalue-of+select%3D%22system-property%28%27xsl%3Avendor%27%29%22%2F%3E%3C%21--,200,OK,707,430,18158
5431,Mon Sep 07 02:47:11 BDT 2026,Mon Sep 07 02:47:11 BDT 2026,GET,https://tfctest-002-production.up.railway.app/products/6?_rsc=system-property%28%27xsl%3Avendor%27%29%2F%3E,200,OK,530,429,1100
5432,Mon Sep 07 02:47:11 BDT 2026,Mon Sep 07 02:47:11 BDT 2026,GET,https://tfctest-002-production.up.railway.app/products/9?_rsc=%3C,200,OK,518,429,1100
5433,Mon Sep 07 02:47:11 BDT 2026,Mon Sep 07 02:47:12 BDT 2026,GET,https://tfctest-002-production.up.railway.app/products/8?_rsc=system-property%28%27xsl%3Avendor%27%29%2F%3E,200,OK,518,429,1100
5434,Mon Sep 07 02:47:11 BDT 2026,Mon Sep 07 02:47:12 BDT 2026,GET,https://tfctest-002-production.up.railway.app/products/3?_rsc=%3Cxsl%3Avalue-of+select%3D%22document%28%27http%3A%2F%2Ftfctest-002-production.up.railway.app%3A22%27%29%22%2F%3E,200,OK,518,429,1100
5435,Mon Sep 07 02:47:11 BDT 2026,Mon Sep 07 02:47:12 BDT 2026,GET,https://tfctest-002-production.up.railway.app/products/7?_rsc=system-property%28%27xsl%3Avendor%27%29%2F%3E,200,OK,534,429,1100
5436,Mon Sep 07 02:47:11 BDT 2026,Mon Sep 07 02:47:12 BDT 2026,GET,https://tfctest-002-production.up.railway.app/products/4?_rsc=%3Cxsl%3Avalue-of+select%3D%22document%28%27http%3A%2F%2Ftfctest-002-production.up.railway.app%3A22%27%29%22%2F%3E,200,OK,518,429,1100
5437,Mon Sep 07 02:47:11 BDT 2026,Mon Sep 07 02:47:12 BDT 2026,GET,https://tfctest-002-production.up.railway.app/products/5?_rsc=%3Cxsl%3Avalue-of+select%3D%22system-property%28%27xsl%3Avendor%27%29%22%2F%3E%3C%21--,200,OK,564,429,1100
5438,Mon Sep 07 02:47:12 BDT 2026,Mon Sep 07 02:47:12 BDT 2026,GET,https://tfctest-002-production.up.railway.app/products/6?_rsc=%22%2F%3E%3Cxsl%3Avalue-of+select%3D%22system-property%28%27xsl%3Avendor%27%29%22%2F%3E%3C%21--,200,OK,515,429,1100
5439,Mon Sep 07 02:47:12 BDT 2026,Mon Sep 07 02:47:13 BDT 2026,GET,https://tfctest-002-production.up.railway.app/products/9?_rsc=%3Cxsl%3Avalue-of+select%3D%22system-property%28%27xsl%3Avendor%27%29%22%2F%3E,200,OK,551,429,1100
5440,Mon Sep 07 02:47:12 BDT 2026,Mon Sep 07 02:47:13 BDT 2026,GET,https://tfctest-002-production.up.railway.app/products/8?_rsc=%22%2F%3E%3Cxsl%3Avalue-of+select%3D%22system-property%28%27xsl%3Avendor%27%29%22%2F%3E%3C%21--,200,OK,515,429,1100
5441,Mon Sep 07 02:47:12 BDT 2026,Mon Sep 07 02:47:13 BDT 2026,GET,https://tfctest-002-production.up.railway.app/products/3?_rsc=%3Cxsl%3Avariable+name%3D%22rtobject%22+select%3D%22runtime%3AgetRuntime%28%29%22%2F%3E%0A%3Cxsl%3Avariable+name%3D%22process%22+select%3D%22runtime%3Aexec%28%24rtobject%2C%27erroneous_command%27%29%22%2F%3E%0A%3Cxsl%3Avariable+name%3D%22waiting%22+select%3D%22process%3AwaitFor%28%24process%29%22%2F%3E%0A%3Cxsl%3Avalue-of+select%3D%22%24process%22%2F%3E,200,OK,515,429,1100
5442,Mon Sep 07 02:47:12 BDT 2026,Mon Sep 07 02:47:13 BDT 2026,GET,https://tfctest-002-production.up.railway.app/products/7?_rsc=%22%2F%3E%3Cxsl%3Avalue-of+select%3D%22system-property%28%27xsl%3Avendor%27%29%22%2F%3E%3C%21--,200,OK,531,429,1100
5443,Mon Sep 07 02:47:12 BDT 2026,Mon Sep 07 02:47:13 BDT 2026,GET,https://tfctest-002-production.up.railway.app/products/4?_rsc=%3Cxsl%3Avariable+name%3D%22rtobject%22+select%3D%22runtime%3AgetRuntime%28%29%22%2F%3E%0A%3Cxsl%3Avariable+name%3D%22process%22+select%3D%22runtime%3Aexec%28%24rtobject%2C%27erroneous_command%27%29%22%2F%3E%0A%3Cxsl%3Avariable+name%3D%22waiting%22+select%3D%22process%3AwaitFor%28%24process%29%22%2F%3E%0A%3Cxsl%3Avalue-of+select%3D%22%24process%22%2F%3E,200,OK,542,429,1100
5444,Mon Sep 07 02:47:12 BDT 2026,Mon Sep 07 02:47:13 BDT 2026,GET,https://tfctest-002-production.up.railway.app/products/5?_rsc=%3Cxsl%3Avalue-of+select%3D%22document%28%27http%3A%2F%2Ftfctest-002-production.up.railway.app%3A22%27%29%22%2F%3E,200,OK,523,429,1100
5445,Mon Sep 07 02:47:13 BDT 2026,Mon Sep 07 02:47:13 BDT 2026,GET,https://tfctest-002-production.up.railway.app/products/6?_rsc=%3Cxsl%3Avalue-of+select%3D%22system-property%28%27xsl%3Avendor%27%29%22%2F%3E%3C%21--,200,OK,532,429,1100
5446,Mon Sep 07 02:47:13 BDT 2026,Mon Sep 07 02:47:14 BDT 2026,GET,https://tfctest-002-production.up.railway.app/products/9?_rsc=system-property%28%27xsl%3Avendor%27%29%2F%3E,200,OK,531,429,1100
5447,Mon Sep 07 02:47:13 BDT 2026,Mon Sep 07 02:47:14 BDT 2026,GET,https://tfctest-002-production.up.railway.app/products/3?_rsc=%3Cxsl%3Avalue-of+select%3D%22php%3Afunction%28%27exec%27%2C%27erroneous_command+2%3E%26amp%3B1%27%29%22%2F%3E,200,OK,498,429,1100
5448,Mon Sep 07 02:47:13 BDT 2026,Mon Sep 07 02:47:14 BDT 2026,GET,https://tfctest-002-production.up.railway.app/products/8?_rsc=%3Cxsl%3Avalue-of+select%3D%22system-property%28%27xsl%3Avendor%27%29%22%2F%3E%3C%21--,200,OK,529,429,1100
5449,Mon Sep 07 02:47:12 BDT 2026,Mon Sep 07 02:47:13 BDT 2026,GET,https://tfctest-002-production.up.railway.app/orders?_rsc=%3Cxsl%3Avalue-of+select%3D%22document%28%27http%3A%2F%2Ftfctest-002-production.up.railway.app%3A22%27%29%22%2F%3E,200,OK,888,430,18158
5450,Mon Sep 07 02:47:13 BDT 2026,Mon Sep 07 02:47:14 BDT 2026,GET,https://tfctest-002-production.up.railway.app/products/7?_rsc=%3Cxsl%3Avalue-of+select%3D%22system-property%28%27xsl%3Avendor%27%29%22%2F%3E%3C%21--,200,OK,493,429,1100
5451,Mon Sep 07 02:47:13 BDT 2026,Mon Sep 07 02:47:14 BDT 2026,GET,https://tfctest-002-production.up.railway.app/products/5?_rsc=%3Cxsl%3Avariable+name%3D%22rtobject%22+select%3D%22runtime%3AgetRuntime%28%29%22%2F%3E%0A%3Cxsl%3Avariable+name%3D%22process%22+select%3D%22runtime%3Aexec%28%24rtobject%2C%27erroneous_command%27%29%22%2F%3E%0A%3Cxsl%3Avariable+name%3D%22waiting%22+select%3D%22process%3AwaitFor%28%24process%29%22%2F%3E%0A%3Cxsl%3Avalue-of+select%3D%22%24process%22%2F%3E,200,OK,537,429,1100
5452,Mon Sep 07 02:47:13 BDT 2026,Mon Sep 07 02:47:14 BDT 2026,GET,https://tfctest-002-production.up.railway.app/products/4?_rsc=%3Cxsl%3Avalue-of+select%3D%22php%3Afunction%28%27exec%27%2C%27erroneous_command+2%3E%26amp%3B1%27%29%22%2F%3E,200,OK,537,429,1100
5453,Mon Sep 07 02:47:14 BDT 2026,Mon Sep 07 02:47:15 BDT 2026,GET,https://tfctest-002-production.up.railway.app/products/6?_rsc=%3Cxsl%3Avalue-of+select%3D%22document%28%27http%3A%2F%2Ftfctest-002-production.up.railway.app%3A22%27%29%22%2F%3E,200,OK,519,429,1100
5454,Mon Sep 07 02:47:14 BDT 2026,Mon Sep 07 02:47:15 BDT 2026,GET,https://tfctest-002-production.up.railway.app/products/9?_rsc=%22%2F%3E%3Cxsl%3Avalue-of+select%3D%22system-property%28%27xsl%3Avendor%27%29%22%2F%3E%3C%21--,200,OK,520,429,1100
5455,Mon Sep 07 02:47:14 BDT 2026,Mon Sep 07 02:47:15 BDT 2026,GET,https://tfctest-002-production.up.railway.app/products/8?_rsc=%3Cxsl%3Avalue-of+select%3D%22document%28%27http%3A%2F%2Ftfctest-002-production.up.railway.app%3A22%27%29%22%2F%3E,200,OK,530,429,1100
5456,Mon Sep 07 02:47:14 BDT 2026,Mon Sep 07 02:47:15 BDT 2026,GET,https://tfctest-002-production.up.railway.app/products/7?_rsc=%3Cxsl%3Avalue-of+select%3D%22document%28%27http%3A%2F%2Ftfctest-002-production.up.railway.app%3A22%27%29%22%2F%3E,200,OK,526,429,1100
5457,Mon Sep 07 02:47:14 BDT 2026,Mon Sep 07 02:47:15 BDT 2026,GET,https://tfctest-002-production.up.railway.app/products/5?_rsc=%3Cxsl%3Avalue-of+select%3D%22php%3Afunction%28%27exec%27%2C%27erroneous_command+2%3E%26amp%3B1%27%29%22%2F%3E,200,OK,522,429,1100
5458,Mon Sep 07 02:47:15 BDT 2026,Mon Sep 07 02:47:16 BDT 2026,GET,https://tfctest-002-production.up.railway.app/products/6?_rsc=%3Cxsl%3Avariable+name%3D%22rtobject%22+select%3D%22runtime%3AgetRuntime%28%29%22%2F%3E%0A%3Cxsl%3Avariable+name%3D%22process%22+select%3D%22runtime%3Aexec%28%24rtobject%2C%27erroneous_command%27%29%22%2F%3E%0A%3Cxsl%3Avariable+name%3D%22waiting%22+select%3D%22process%3AwaitFor%28%24process%29%22%2F%3E%0A%3Cxsl%3Avalue-of+select%3D%22%24process%22%2F%3E,200,OK,524,429,1100
5459,Mon Sep 07 02:47:15 BDT 2026,Mon Sep 07 02:47:16 BDT 2026,GET,https://tfctest-002-production.up.railway.app/products/9?_rsc=%3Cxsl%3Avalue-of+select%3D%22system-property%28%27xsl%3Avendor%27%29%22%2F%3E%3C%21--,200,OK,508,429,1100
5460,Mon Sep 07 02:47:15 BDT 2026,Mon Sep 07 02:47:15 BDT 2026,GET,https://tfctest-002-production.up.railway.app/user/64406959-fab5-485b-afca-6682eb0ab0bb?_rsc=%3C,200,OK,658,429,3931
5461,Mon Sep 07 02:47:15 BDT 2026,Mon Sep 07 02:47:16 BDT 2026,GET,https://tfctest-002-production.up.railway.app/products/8?_rsc=%3Cxsl%3Avariable+name%3D%22rtobject%22+select%3D%22runtime%3AgetRuntime%28%29%22%2F%3E%0A%3Cxsl%3Avariable+name%3D%22process%22+select%3D%22runtime%3Aexec%28%24rtobject%2C%27erroneous_command%27%29%22%2F%3E%0A%3Cxsl%3Avariable+name%3D%22waiting%22+select%3D%22process%3AwaitFor%28%24process%29%22%2F%3E%0A%3Cxsl%3Avalue-of+select%3D%22%24process%22%2F%3E,200,OK,509,429,1100
5462,Mon Sep 07 02:47:15 BDT 2026,Mon Sep 07 02:47:16 BDT 2026,GET,https://tfctest-002-production.up.railway.app/products/7?_rsc=%3Cxsl%3Avariable+name%3D%22rtobject%22+select%3D%22runtime%3AgetRuntime%28%29%22%2F%3E%0A%3Cxsl%3Avariable+name%3D%22process%22+select%3D%22runtime%3Aexec%28%24rtobject%2C%27erroneous_command%27%29%22%2F%3E%0A%3Cxsl%3Avariable+name%3D%22waiting%22+select%3D%22process%3AwaitFor%28%24process%29%22%2F%3E%0A%3Cxsl%3Avalue-of+select%3D%22%24process%22%2F%3E,200,OK,536,429,1100
5463,Mon Sep 07 02:47:14 BDT 2026,Mon Sep 07 02:47:15 BDT 2026,GET,https://tfctest-002-production.up.railway.app/orders?_rsc=%3Cxsl%3Avariable+name%3D%22rtobject%22+select%3D%22runtime%3AgetRuntime%28%29%22%2F%3E%0A%3Cxsl%3Avariable+name%3D%22process%22+select%3D%22runtime%3Aexec%28%24rtobject%2C%27erroneous_command%27%29%22%2F%3E%0A%3Cxsl%3Avariable+name%3D%22waiting%22+select%3D%22process%3AwaitFor%28%24process%29%22%2F%3E%0A%3Cxsl%3Avalue-of+select%3D%22%24process%22%2F%3E,200,OK,667,430,18158
5464,Mon Sep 07 02:47:16 BDT 2026,Mon Sep 07 02:47:17 BDT 2026,GET,https://tfctest-002-production.up.railway.app/products/6?_rsc=%3Cxsl%3Avalue-of+select%3D%22php%3Afunction%28%27exec%27%2C%27erroneous_command+2%3E%26amp%3B1%27%29%22%2F%3E,200,OK,553,429,1100
5465,Mon Sep 07 02:47:16 BDT 2026,Mon Sep 07 02:47:17 BDT 2026,GET,https://tfctest-002-production.up.railway.app/products/9?_rsc=%3Cxsl%3Avalue-of+select%3D%22document%28%27http%3A%2F%2Ftfctest-002-production.up.railway.app%3A22%27%29%22%2F%3E,200,OK,521,429,1100
5466,Mon Sep 07 02:47:16 BDT 2026,Mon Sep 07 02:47:17 BDT 2026,GET,https://tfctest-002-production.up.railway.app/products/8?_rsc=%3Cxsl%3Avalue-of+select%3D%22php%3Afunction%28%27exec%27%2C%27erroneous_command+2%3E%26amp%3B1%27%29%22%2F%3E,200,OK,504,429,1100
5467,Mon Sep 07 02:47:16 BDT 2026,Mon Sep 07 02:47:17 BDT 2026,GET,https://tfctest-002-production.up.railway.app/products/7?_rsc=%3Cxsl%3Avalue-of+select%3D%22php%3Afunction%28%27exec%27%2C%27erroneous_command+2%3E%26amp%3B1%27%29%22%2F%3E,200,OK,520,429,1100
5468,Mon Sep 07 02:47:16 BDT 2026,Mon Sep 07 02:47:17 BDT 2026,GET,https://tfctest-002-production.up.railway.app/user/64406959-fab5-485b-afca-6682eb0ab0bb?_rsc=%3Cxsl%3Avalue-of+select%3D%22system-property%28%27xsl%3Avendor%27%29%22%2F%3E,200,OK,661,429,3931
5469,Mon Sep 07 02:47:17 BDT 2026,Mon Sep 07 02:47:18 BDT 2026,GET,https://tfctest-002-production.up.railway.app/products/9?_rsc=%3Cxsl%3Avariable+name%3D%22rtobject%22+select%3D%22runtime%3AgetRuntime%28%29%22%2F%3E%0A%3Cxsl%3Avariable+name%3D%22process%22+select%3D%22runtime%3Aexec%28%24rtobject%2C%27erroneous_command%27%29%22%2F%3E%0A%3Cxsl%3Avariable+name%3D%22waiting%22+select%3D%22process%3AwaitFor%28%24process%29%22%2F%3E%0A%3Cxsl%3Avalue-of+select%3D%22%24process%22%2F%3E,200,OK,555,429,1100
5470,Mon Sep 07 02:47:17 BDT 2026,Mon Sep 07 02:47:17 BDT 2026,GET,https://tfctest-002-production.up.railway.app/orders?_rsc=%3Cxsl%3Avalue-of+select%3D%22php%3Afunction%28%27exec%27%2C%27erroneous_command+2%3E%26amp%3B1%27%29%22%2F%3E,200,OK,674,430,18158
5471,Mon Sep 07 02:47:18 BDT 2026,Mon Sep 07 02:47:19 BDT 2026,GET,https://tfctest-002-production.up.railway.app/products/9?_rsc=%3Cxsl%3Avalue-of+select%3D%22php%3Afunction%28%27exec%27%2C%27erroneous_command+2%3E%26amp%3B1%27%29%22%2F%3E,200,OK,510,429,1100
5472,Mon Sep 07 02:47:18 BDT 2026,Mon Sep 07 02:47:19 BDT 2026,GET,https://tfctest-002-production.up.railway.app/user/64406959-fab5-485b-afca-6682eb0ab0bb?_rsc=system-property%28%27xsl%3Avendor%27%29%2F%3E,200,OK,680,429,3931
5473,Mon Sep 07 02:47:20 BDT 2026,Mon Sep 07 02:47:20 BDT 2026,GET,https://tfctest-002-production.up.railway.app/user/64406959-fab5-485b-afca-6682eb0ab0bb?_rsc=%22%2F%3E%3Cxsl%3Avalue-of+select%3D%22system-property%28%27xsl%3Avendor%27%29%22%2F%3E%3C%21--,200,OK,658,429,3931
5474,Mon Sep 07 02:47:21 BDT 2026,Mon Sep 07 02:47:22 BDT 2026,GET,https://tfctest-002-production.up.railway.app/user/64406959-fab5-485b-afca-6682eb0ab0bb?_rsc=%3Cxsl%3Avalue-of+select%3D%22system-property%28%27xsl%3Avendor%27%29%22%2F%3E%3C%21--,200,OK,679,429,3931
5475,Mon Sep 07 02:47:23 BDT 2026,Mon Sep 07 02:47:24 BDT 2026,GET,https://tfctest-002-production.up.railway.app/user/64406959-fab5-485b-afca-6682eb0ab0bb?_rsc=%3Cxsl%3Avalue-of+select%3D%22document%28%27http%3A%2F%2Ftfctest-002-production.up.railway.app%3A22%27%29%22%2F%3E,200,OK,735,429,3931
5476,Mon Sep 07 02:47:25 BDT 2026,Mon Sep 07 02:47:26 BDT 2026,GET,https://tfctest-002-production.up.railway.app/user/64406959-fab5-485b-afca-6682eb0ab0bb?_rsc=%3Cxsl%3Avariable+name%3D%22rtobject%22+select%3D%22runtime%3AgetRuntime%28%29%22%2F%3E%0A%3Cxsl%3Avariable+name%3D%22process%22+select%3D%22runtime%3Aexec%28%24rtobject%2C%27erroneous_command%27%29%22%2F%3E%0A%3Cxsl%3Avariable+name%3D%22waiting%22+select%3D%22process%3AwaitFor%28%24process%29%22%2F%3E%0A%3Cxsl%3Avalue-of+select%3D%22%24process%22%2F%3E,200,OK,690,429,3931
5477,Mon Sep 07 02:47:27 BDT 2026,Mon Sep 07 02:47:27 BDT 2026,GET,https://tfctest-002-production.up.railway.app/user/64406959-fab5-485b-afca-6682eb0ab0bb?_rsc=%3Cxsl%3Avalue-of+select%3D%22php%3Afunction%28%27exec%27%2C%27erroneous_command+2%3E%26amp%3B1%27%29%22%2F%3E,200,OK,674,429,3931
5478,Mon Sep 07 02:47:28 BDT 2026,Mon Sep 07 02:47:29 BDT 2026,GET,http://tfctest-002-production.up.railway.app/?_rsc=tXyZJ52UQVBCVsD3,301,Moved Permanently,161,212,0
5479,Mon Sep 07 02:47:28 BDT 2026,Mon Sep 07 02:47:29 BDT 2026,GET,http://tfctest-002-production.up.railway.app/,301,Moved Permanently,161,190,0
5480,Mon Sep 07 02:47:28 BDT 2026,Mon Sep 07 02:47:29 BDT 2026,POST,http://tfctest-002-production.up.railway.app/checkout,301,Moved Permanently,181,193,0
5481,Mon Sep 07 02:47:28 BDT 2026,Mon Sep 07 02:47:29 BDT 2026,POST,http://tfctest-002-production.up.railway.app/user/64406959-fab5-485b-afca-6682eb0ab0bb,301,Moved Permanently,208,226,0
5482,Mon Sep 07 02:47:28 BDT 2026,Mon Sep 07 02:47:29 BDT 2026,POST,http://tfctest-002-production.up.railway.app/orders,301,Moved Permanently,208,191,0
5483,Mon Sep 07 02:47:28 BDT 2026,Mon Sep 07 02:47:29 BDT 2026,POST,http://tfctest-002-production.up.railway.app/login,301,Moved Permanently,181,190,0
5484,Mon Sep 07 02:47:28 BDT 2026,Mon Sep 07 02:47:29 BDT 2026,GET,https://tfctest-002-production.up.railway.app,200,OK,850,534,32438
5485,Mon Sep 07 02:47:29 BDT 2026,Mon Sep 07 02:47:29 BDT 2026,GET,http://tfctest-002-production.up.railway.app,301,Moved Permanently,78,190,0
5486,Mon Sep 07 02:47:29 BDT 2026,Mon Sep 07 02:47:30 BDT 2026,GET,https://tfctest-002-production.up.railway.app/_next,404,Not Found,519,361,9
5487,Mon Sep 07 02:47:30 BDT 2026,Mon Sep 07 02:47:30 BDT 2026,GET,https://tfctest-002-production.up.railway.app/_next/static,404,Not Found,513,361,9
5488,Mon Sep 07 02:47:30 BDT 2026,Mon Sep 07 02:47:31 BDT 2026,GET,https://tfctest-002-production.up.railway.app/_next/static/chunks,404,Not Found,522,361,9
5489,Mon Sep 07 02:47:31 BDT 2026,Mon Sep 07 02:47:31 BDT 2026,GET,http://tfctest-002-production.up.railway.app/_next/static/chunks/0xdco9mmgmhww.js,301,Moved Permanently,109,226,0
5490,Mon Sep 07 02:47:31 BDT 2026,Mon Sep 07 02:47:31 BDT 2026,GET,http://tfctest-002-production.up.railway.app/_next/static/chunks/0ay527mnq1105.js,301,Moved Permanently,109,226,0
5491,Mon Sep 07 02:47:31 BDT 2026,Mon Sep 07 02:47:31 BDT 2026,GET,http://tfctest-002-production.up.railway.app/_next/static/chunks/27fflktuso3nl.js,301,Moved Permanently,197,226,0
5492,Mon Sep 07 02:47:31 BDT 2026,Mon Sep 07 02:47:31 BDT 2026,GET,http://tfctest-002-production.up.railway.app/_next/static/chunks/0y6b-yna2675q.css,301,Moved Permanently,212,227,0
5493,Mon Sep 07 02:47:31 BDT 2026,Mon Sep 07 02:47:31 BDT 2026,GET,http://tfctest-002-production.up.railway.app/_next/static/chunks/1c6aptmytnu6q.js,301,Moved Permanently,197,226,0
5494,Mon Sep 07 02:47:31 BDT 2026,Mon Sep 07 02:47:31 BDT 2026,GET,http://tfctest-002-production.up.railway.app/_next/static/chunks/17lwbmgpe4qes.js,301,Moved Permanently,215,226,0
5495,Mon Sep 07 02:47:31 BDT 2026,Mon Sep 07 02:47:31 BDT 2026,GET,http://tfctest-002-production.up.railway.app/_next/static/chunks/12i08o1rdb-oz.js,301,Moved Permanently,168,226,0
5496,Mon Sep 07 02:47:31 BDT 2026,Mon Sep 07 02:47:31 BDT 2026,GET,http://tfctest-002-production.up.railway.app/_next/static/chunks/1-1_l2rr1q4ex.js,301,Moved Permanently,197,226,0
5497,Mon Sep 07 02:47:31 BDT 2026,Mon Sep 07 02:47:31 BDT 2026,GET,http://tfctest-002-production.up.railway.app/_next/static/chunks/2utd0qcq1atjs.js,301,Moved Permanently,78,226,0
5498,Mon Sep 07 02:47:31 BDT 2026,Mon Sep 07 02:47:31 BDT 2026,GET,http://tfctest-002-production.up.railway.app/_next/static/chunks/2c7gsw4ap3uid.js,301,Moved Permanently,78,226,0
5499,Mon Sep 07 02:47:31 BDT 2026,Mon Sep 07 02:47:31 BDT 2026,GET,http://tfctest-002-production.up.railway.app/_next/static/chunks/42pn8sqj_83y5.js,301,Moved Permanently,94,226,0
5500,Mon Sep 07 02:47:31 BDT 2026,Mon Sep 07 02:47:31 BDT 2026,GET,http://tfctest-002-production.up.railway.app/_next/static/chunks/turbopack-0l8vqey1uj88o.js,301,Moved Permanently,94,236,0
5501,Mon Sep 07 02:47:31 BDT 2026,Mon Sep 07 02:47:31 BDT 2026,GET,http://tfctest-002-production.up.railway.app/_next/static/chunks/443ov389-vm0d.js,301,Moved Permanently,94,226,0
5502,Mon Sep 07 02:47:31 BDT 2026,Mon Sep 07 02:47:31 BDT 2026,GET,http://tfctest-002-production.up.railway.app/_next/static/chunks/310vm2bl3xxpt.js,301,Moved Permanently,96,226,0
5503,Mon Sep 07 02:47:31 BDT 2026,Mon Sep 07 02:47:31 BDT 2026,GET,http://tfctest-002-production.up.railway.app/_next/static/chunks/3-xpmlk5hluyb.js,301,Moved Permanently,82,226,0
5504,Mon Sep 07 02:47:31 BDT 2026,Mon Sep 07 02:47:31 BDT 2026,GET,http://tfctest-002-production.up.railway.app/checkout?_rsc=U5Jq6qAThNnFslX9,301,Moved Permanently,97,220,0
5505,Mon Sep 07 02:47:31 BDT 2026,Mon Sep 07 02:47:31 BDT 2026,GET,http://tfctest-002-production.up.railway.app/_next/static/chunks/3byuobrkyz9bj.js,301,Moved Permanently,98,226,0
5506,Mon Sep 07 02:47:32 BDT 2026,Mon Sep 07 02:47:32 BDT 2026,GET,http://tfctest-002-production.up.railway.app/orders?_rsc=CStysJ3_S1Cl2Pdp,301,Moved Permanently,94,218,0
5507,Mon Sep 07 02:47:32 BDT 2026,Mon Sep 07 02:47:32 BDT 2026,GET,http://tfctest-002-production.up.railway.app/login?next=%2Fcheckout,301,Moved Permanently,94,212,0
5508,Mon Sep 07 02:47:32 BDT 2026,Mon Sep 07 02:47:32 BDT 2026,GET,http://tfctest-002-production.up.railway.app/login?next=%2Fcheckout&_rsc=5CB68i4pnAekjehf,301,Moved Permanently,101,234,0
5509,Mon Sep 07 02:47:32 BDT 2026,Mon Sep 07 02:47:32 BDT 2026,GET,http://tfctest-002-production.up.railway.app/login?_rsc=tXyZJ52UQVBCVsD3,301,Moved Permanently,101,217,0
5510,Mon Sep 07 02:47:32 BDT 2026,Mon Sep 07 02:47:32 BDT 2026,GET,https://tfctest-002-production.up.railway.app/products,404,Not Found,558,435,271
5511,Mon Sep 07 02:47:32 BDT 2026,Mon Sep 07 02:47:32 BDT 2026,GET,http://tfctest-002-production.up.railway.app/products/4?_rsc=tXyZJ52UQVBCVsD3,301,Moved Permanently,91,222,0
5512,Mon Sep 07 02:47:32 BDT 2026,Mon Sep 07 02:47:32 BDT 2026,GET,http://tfctest-002-production.up.railway.app/products/5?_rsc=tXyZJ52UQVBCVsD3,301,Moved Permanently,101,222,0
5513,Mon Sep 07 02:47:32 BDT 2026,Mon Sep 07 02:47:32 BDT 2026,GET,http://tfctest-002-production.up.railway.app/products/6?_rsc=tXyZJ52UQVBCVsD3,301,Moved Permanently,101,222,0
5514,Mon Sep 07 02:47:32 BDT 2026,Mon Sep 07 02:47:32 BDT 2026,GET,http://tfctest-002-production.up.railway.app/products/3?_rsc=tXyZJ52UQVBCVsD3,301,Moved Permanently,101,222,0
5515,Mon Sep 07 02:47:32 BDT 2026,Mon Sep 07 02:47:32 BDT 2026,GET,http://tfctest-002-production.up.railway.app/products/1?_rsc=tXyZJ52UQVBCVsD3,301,Moved Permanently,91,222,0
5516,Mon Sep 07 02:47:32 BDT 2026,Mon Sep 07 02:47:32 BDT 2026,GET,http://tfctest-002-production.up.railway.app/products/10?_rsc=tXyZJ52UQVBCVsD3,301,Moved Permanently,91,223,0
5517,Mon Sep 07 02:47:32 BDT 2026,Mon Sep 07 02:47:32 BDT 2026,GET,http://tfctest-002-production.up.railway.app/products/2?_rsc=tXyZJ52UQVBCVsD3,301,Moved Permanently,91,222,0
5519,Mon Sep 07 02:47:32 BDT 2026,Mon Sep 07 02:47:32 BDT 2026,GET,http://tfctest-002-production.up.railway.app/products/8?_rsc=tXyZJ52UQVBCVsD3,301,Moved Permanently,101,222,0
5518,Mon Sep 07 02:47:32 BDT 2026,Mon Sep 07 02:47:32 BDT 2026,GET,http://tfctest-002-production.up.railway.app/products/7?_rsc=tXyZJ52UQVBCVsD3,301,Moved Permanently,103,222,0
5520,Mon Sep 07 02:47:33 BDT 2026,Mon Sep 07 02:47:33 BDT 2026,GET,http://tfctest-002-production.up.railway.app/products/9?_rsc=tXyZJ52UQVBCVsD3,301,Moved Permanently,95,222,0
5521,Mon Sep 07 02:47:33 BDT 2026,Mon Sep 07 02:47:33 BDT 2026,GET,https://tfctest-002-production.up.railway.app/user,404,Not Found,703,435,271
5522,Mon Sep 07 02:47:33 BDT 2026,Mon Sep 07 02:47:34 BDT 2026,GET,http://tfctest-002-production.up.railway.app/user/64406959-fab5-485b-afca-6682eb0ab0bb?_rsc=qrcQ1DV9gYDJQihU,301,Moved Permanently,95,253,0
5523,Mon Sep 07 02:47:34 BDT 2026,Mon Sep 07 02:47:34 BDT 2026,GET,https://tfctest-002-production.up.railway.app,200,OK,847,534,32438
5524,Mon Sep 07 02:47:34 BDT 2026,Mon Sep 07 02:47:35 BDT 2026,GET,https://tfctest-002-production.up.railway.app/_next,404,Not Found,517,361,9
5525,Mon Sep 07 02:47:35 BDT 2026,Mon Sep 07 02:47:35 BDT 2026,GET,https://tfctest-002-production.up.railway.app/_next/static,404,Not Found,528,361,9
5526,Mon Sep 07 02:47:35 BDT 2026,Mon Sep 07 02:47:36 BDT 2026,GET,https://tfctest-002-production.up.railway.app/_next/static/chunks,404,Not Found,495,361,9
5527,Mon Sep 07 02:47:36 BDT 2026,Mon Sep 07 02:47:36 BDT 2026,GET,https://tfctest-002-production.up.railway.app/products,404,Not Found,521,435,271
5528,Mon Sep 07 02:47:36 BDT 2026,Mon Sep 07 02:47:37 BDT 2026,GET,https://tfctest-002-production.up.railway.app/user,404,Not Found,700,435,271
5529,Mon Sep 07 02:47:37 BDT 2026,Mon Sep 07 02:47:38 BDT 2026,GET,https://tfctest-002-production.up.railway.app/?_rsc=tXyZJ52UQVBCVsD3,200,OK,571,428,979
5531,Mon Sep 07 02:47:37 BDT 2026,Mon Sep 07 02:47:38 BDT 2026,GET,https://tfctest-002-production.up.railway.app/,200,OK,872,534,32438
5532,Mon Sep 07 02:47:37 BDT 2026,Mon Sep 07 02:47:38 BDT 2026,GET,https://tfctest-002-production.up.railway.app,200,OK,1092,534,32438
5533,Mon Sep 07 02:47:38 BDT 2026,Mon Sep 07 02:47:38 BDT 2026,GET,https://tfctest-002-production.up.railway.app/?_rsc=tXyZJ52UQVBCVsD3,200,OK,543,428,979
5535,Mon Sep 07 02:47:37 BDT 2026,Mon Sep 07 02:47:38 BDT 2026,POST,https://tfctest-002-production.up.railway.app/orders,200,OK,1247,419,136
5537,Mon Sep 07 02:47:37 BDT 2026,Mon Sep 07 02:47:39 BDT 2026,POST,https://tfctest-002-production.up.railway.app/login,200,OK,1497,3599,15867
5539,Mon Sep 07 02:47:38 BDT 2026,Mon Sep 07 02:47:39 BDT 2026,GET,https://tfctest-002-production.up.railway.app/_next,404,Not Found,514,361,9
5540,Mon Sep 07 02:47:37 BDT 2026,Mon Sep 07 02:47:39 BDT 2026,POST,https://tfctest-002-production.up.railway.app/user/64406959-fab5-485b-afca-6682eb0ab0bb,200,OK,1653,445,6689
5542,Mon Sep 07 02:47:38 BDT 2026,Mon Sep 07 02:47:39 BDT 2026,GET,https://tfctest-002-production.up.railway.app/,200,OK,862,534,32438
5543,Mon Sep 07 02:47:38 BDT 2026,Mon Sep 07 02:47:39 BDT 2026,GET,https://tfctest-002-production.up.railway.app/?_rsc=tXyZJ52UQVBCVsD3,200,OK,527,428,979
5545,Mon Sep 07 02:47:38 BDT 2026,Mon Sep 07 02:47:39 BDT 2026,GET,https://tfctest-002-production.up.railway.app,200,OK,841,534,32438
5546,Mon Sep 07 02:47:39 BDT 2026,Mon Sep 07 02:47:39 BDT 2026,GET,https://tfctest-002-production.up.railway.app/_next,404,Not Found,530,361,9
5547,Mon Sep 07 02:47:39 BDT 2026,Mon Sep 07 02:47:39 BDT 2026,GET,https://tfctest-002-production.up.railway.app/_next/static,404,Not Found,545,361,9
5548,Mon Sep 07 02:47:39 BDT 2026,Mon Sep 07 02:47:39 BDT 2026,GET,https://tfctest-002-production.up.railway.app/?_rsc=tXyZJ52UQVBCVsD3,200,OK,533,428,979
5550,Mon Sep 07 02:47:37 BDT 2026,Mon Sep 07 02:47:40 BDT 2026,POST,https://tfctest-002-production.up.railway.app/checkout,200,OK,2392,553,5300
5552,Mon Sep 07 02:47:39 BDT 2026,Mon Sep 07 02:47:40 BDT 2026,GET,https://tfctest-002-production.up.railway.app/,200,OK,768,534,32438
5553,Mon Sep 07 02:47:39 BDT 2026,Mon Sep 07 02:47:40 BDT 2026,POST,https://tfctest-002-production.up.railway.app/orders,200,OK,1304,419,136
5555,Mon Sep 07 02:47:39 BDT 2026,Mon Sep 07 02:47:40 BDT 2026,GET,https://tfctest-002-production.up.railway.app/_next,404,Not Found,523,361,9
5556,Mon Sep 07 02:47:39 BDT 2026,Mon Sep 07 02:47:40 BDT 2026,GET,https://tfctest-002-production.up.railway.app,200,OK,837,534,32438
5557,Mon Sep 07 02:47:39 BDT 2026,Mon Sep 07 02:47:40 BDT 2026,GET,https://tfctest-002-production.up.railway.app/?_rsc=tXyZJ52UQVBCVsD3,200,OK,515,428,979
5559,Mon Sep 07 02:47:39 BDT 2026,Mon Sep 07 02:47:40 BDT 2026,POST,https://tfctest-002-production.up.railway.app/login,200,OK,1537,3596,15858
5561,Mon Sep 07 02:47:40 BDT 2026,Mon Sep 07 02:47:40 BDT 2026,GET,https://tfctest-002-production.up.railway.app/_next,404,Not Found,536,361,9
5562,Mon Sep 07 02:47:39 BDT 2026,Mon Sep 07 02:47:40 BDT 2026,POST,https://tfctest-002-production.up.railway.app/user/64406959-fab5-485b-afca-6682eb0ab0bb,200,OK,1604,445,6689
5564,Mon Sep 07 02:47:40 BDT 2026,Mon Sep 07 02:47:41 BDT 2026,GET,https://tfctest-002-production.up.railway.app/,200,OK,838,534,32438
5565,Mon Sep 07 02:47:40 BDT 2026,Mon Sep 07 02:47:41 BDT 2026,GET,https://tfctest-002-production.up.railway.app/?_rsc=tXyZJ52UQVBCVsD3,200,OK,524,428,979
5567,Mon Sep 07 02:47:40 BDT 2026,Mon Sep 07 02:47:41 BDT 2026,GET,https://tfctest-002-production.up.railway.app,200,OK,856,534,32438
5568,Mon Sep 07 02:47:40 BDT 2026,Mon Sep 07 02:47:41 BDT 2026,GET,https://tfctest-002-production.up.railway.app/_next,404,Not Found,529,361,9
5569,Mon Sep 07 02:47:40 BDT 2026,Mon Sep 07 02:47:41 BDT 2026,POST,https://tfctest-002-production.up.railway.app/orders,200,OK,1254,419,136
5571,Mon Sep 07 02:47:41 BDT 2026,Mon Sep 07 02:47:41 BDT 2026,GET,https://tfctest-002-production.up.railway.app/?_rsc=tXyZJ52UQVBCVsD3,200,OK,537,428,979
5573,Mon Sep 07 02:47:41 BDT 2026,Mon Sep 07 02:47:41 BDT 2026,GET,https://tfctest-002-production.up.railway.app/,200,OK,857,534,32438
5574,Mon Sep 07 02:47:41 BDT 2026,Mon Sep 07 02:47:41 BDT 2026,GET,https://tfctest-002-production.up.railway.app/_next,404,Not Found,505,361,9
5575,Mon Sep 07 02:47:40 BDT 2026,Mon Sep 07 02:47:42 BDT 2026,POST,https://tfctest-002-production.up.railway.app/login,200,OK,1386,3597,15858
5576,Mon Sep 07 02:47:41 BDT 2026,Mon Sep 07 02:47:42 BDT 2026,GET,https://tfctest-002-production.up.railway.app,200,OK,818,534,32438
5578,Mon Sep 07 02:47:41 BDT 2026,Mon Sep 07 02:47:42 BDT 2026,GET,https://tfctest-002-production.up.railway.app/?_rsc=tXyZJ52UQVBCVsD3,200,OK,529,428,862
5580,Mon Sep 07 02:47:40 BDT 2026,Mon Sep 07 02:47:42 BDT 2026,POST,https://tfctest-002-production.up.railway.app/checkout,200,OK,2371,553,5300
5582,Mon Sep 07 02:47:41 BDT 2026,Mon Sep 07 02:47:42 BDT 2026,GET,https://tfctest-002-production.up.railway.app/_next,404,Not Found,554,361,9
5583,Mon Sep 07 02:47:40 BDT 2026,Mon Sep 07 02:47:42 BDT 2026,POST,https://tfctest-002-production.up.railway.app/user/64406959-fab5-485b-afca-6682eb0ab0bb,200,OK,1656,445,6689
5585,Mon Sep 07 02:47:41 BDT 2026,Mon Sep 07 02:47:42 BDT 2026,GET,https://tfctest-002-production.up.railway.app/,200,OK,831,534,32438
5586,Mon Sep 07 02:47:42 BDT 2026,Mon Sep 07 02:47:42 BDT 2026,GET,https://tfctest-002-production.up.railway.app/?_rsc=tXyZJ52UQVBCVsD3,200,OK,557,428,979
5588,Mon Sep 07 02:47:41 BDT 2026,Mon Sep 07 02:47:42 BDT 2026,POST,https://tfctest-002-production.up.railway.app/orders,200,OK,1255,419,136
5590,Mon Sep 07 02:47:42 BDT 2026,Mon Sep 07 02:47:42 BDT 2026,GET,https://tfctest-002-production.up.railway.app,200,OK,846,534,32438
5591,Mon Sep 07 02:47:42 BDT 2026,Mon Sep 07 02:47:42 BDT 2026,GET,https://tfctest-002-production.up.railway.app/_next,404,Not Found,493,361,9
5592,Mon Sep 07 02:47:42 BDT 2026,Mon Sep 07 02:47:43 BDT 2026,GET,https://tfctest-002-production.up.railway.app/?_rsc=tXyZJ52UQVBCVsD3,200,OK,523,428,979
5594,Mon Sep 07 02:47:43 BDT 2026,Mon Sep 07 02:47:43 BDT 2026,GET,https://tfctest-002-production.up.railway.app/_next,404,Not Found,517,361,9
5595,Mon Sep 07 02:47:42 BDT 2026,Mon Sep 07 02:47:43 BDT 2026,GET,https://tfctest-002-production.up.railway.app/,200,OK,831,534,32438
5596,Mon Sep 07 02:47:42 BDT 2026,Mon Sep 07 02:47:43 BDT 2026,POST,https://tfctest-002-production.up.railway.app/login,200,OK,1400,3599,15858
5598,Mon Sep 07 02:47:42 BDT 2026,Mon Sep 07 02:47:43 BDT 2026,GET,https://tfctest-002-production.up.railway.app,200,OK,856,534,32438
5599,Mon Sep 07 02:47:43 BDT 2026,Mon Sep 07 02:47:43 BDT 2026,GET,https://tfctest-002-production.up.railway.app/?_rsc=tXyZJ52UQVBCVsD3,200,OK,512,428,979
5601,Mon Sep 07 02:47:43 BDT 2026,Mon Sep 07 02:47:44 BDT 2026,GET,https://tfctest-002-production.up.railway.app/_next,404,Not Found,535,361,9
5602,Mon Sep 07 02:47:42 BDT 2026,Mon Sep 07 02:47:44 BDT 2026,POST,https://tfctest-002-production.up.railway.app/user/64406959-fab5-485b-afca-6682eb0ab0bb,200,OK,1663,445,6688
5604,Mon Sep 07 02:47:42 BDT 2026,Mon Sep 07 02:47:44 BDT 2026,POST,https://tfctest-002-production.up.railway.app/orders,200,OK,1478,419,136
5606,Mon Sep 07 02:47:43 BDT 2026,Mon Sep 07 02:47:44 BDT 2026,GET,https://tfctest-002-production.up.railway.app/?_rsc=tXyZJ52UQVBCVsD3,200,OK,525,428,979
5608,Mon Sep 07 02:47:43 BDT 2026,Mon Sep 07 02:47:44 BDT 2026,GET,https://tfctest-002-production.up.railway.app/,200,OK,896,534,32175
5609,Mon Sep 07 02:47:42 BDT 2026,Mon Sep 07 02:47:44 BDT 2026,POST,https://tfctest-002-production.up.railway.app/checkout,200,OK,1995,553,5300
5612,Mon Sep 07 02:47:44 BDT 2026,Mon Sep 07 02:47:44 BDT 2026,GET,https://tfctest-002-production.up.railway.app/_next,404,Not Found,527,361,9
5613,Mon Sep 07 02:47:43 BDT 2026,Mon Sep 07 02:47:44 BDT 2026,GET,https://tfctest-002-production.up.railway.app,200,OK,815,534,32438
5614,Mon Sep 07 02:47:43 BDT 2026,Mon Sep 07 02:47:45 BDT 2026,POST,https://tfctest-002-production.up.railway.app/login,200,OK,1430,3599,15858
5616,Mon Sep 07 02:47:44 BDT 2026,Mon Sep 07 02:47:45 BDT 2026,GET,https://tfctest-002-production.up.railway.app/_next/static,404,Not Found,487,361,9
5617,Mon Sep 07 02:47:44 BDT 2026,Mon Sep 07 02:47:45 BDT 2026,GET,https://tfctest-002-production.up.railway.app/_next/static/chunks,404,Not Found,505,361,9
5618,Mon Sep 07 02:47:44 BDT 2026,Mon Sep 07 02:47:45 BDT 2026,GET,https://tfctest-002-production.up.railway.app/_next,404,Not Found,539,361,9
5619,Mon Sep 07 02:47:44 BDT 2026,Mon Sep 07 02:47:45 BDT 2026,GET,https://tfctest-002-production.up.railway.app/,200,OK,844,534,32438
5620,Mon Sep 07 02:47:44 BDT 2026,Mon Sep 07 02:47:45 BDT 2026,GET,https://tfctest-002-production.up.railway.app,200,OK,799,534,32175
5622,Mon Sep 07 02:47:45 BDT 2026,Mon Sep 07 02:47:45 BDT 2026,GET,https://tfctest-002-production.up.railway.app/_next/static,404,Not Found,520,361,9
5623,Mon Sep 07 02:47:45 BDT 2026,Mon Sep 07 02:47:46 BDT 2026,GET,https://tfctest-002-production.up.railway.app,200,OK,1027,534,32438
5624,Mon Sep 07 02:47:45 BDT 2026,Mon Sep 07 02:47:46 BDT 2026,POST,https://tfctest-002-production.up.railway.app/login,200,OK,1368,3597,15858
5625,Mon Sep 07 02:47:45 BDT 2026,Mon Sep 07 02:47:46 BDT 2026,GET,https://tfctest-002-production.up.railway.app/,200,OK,839,534,32438
5626,Mon Sep 07 02:47:44 BDT 2026,Mon Sep 07 02:47:46 BDT 2026,POST,https://tfctest-002-production.up.railway.app/user/64406959-fab5-485b-afca-6682eb0ab0bb,200,OK,1837,445,6689
5628,Mon Sep 07 02:47:45 BDT 2026,Mon Sep 07 02:47:45 BDT 2026,GET,https://tfctest-002-production.up.railway.app/_next,404,Not Found,505,361,9
5629,Mon Sep 07 02:47:44 BDT 2026,Mon Sep 07 02:47:45 BDT 2026,POST,https://tfctest-002-production.up.railway.app/orders,200,OK,1277,419,136
5632,Mon Sep 07 02:47:44 BDT 2026,Mon Sep 07 02:47:46 BDT 2026,POST,https://tfctest-002-production.up.railway.app/checkout,200,OK,2348,553,5300
5634,Mon Sep 07 02:47:46 BDT 2026,Mon Sep 07 02:47:47 BDT 2026,GET,https://tfctest-002-production.up.railway.app/_next/static,404,Not Found,504,361,9
5635,Mon Sep 07 02:47:46 BDT 2026,Mon Sep 07 02:47:47 BDT 2026,GET,https://tfctest-002-production.up.railway.app/_next/static/chunks,404,Not Found,554,361,9
5636,Mon Sep 07 02:47:46 BDT 2026,Mon Sep 07 02:47:47 BDT 2026,GET,https://tfctest-002-production.up.railway.app,200,OK,906,534,32438
5637,Mon Sep 07 02:47:46 BDT 2026,Mon Sep 07 02:47:47 BDT 2026,GET,https://tfctest-002-production.up.railway.app/,200,OK,904,534,32438
5638,Mon Sep 07 02:47:47 BDT 2026,Mon Sep 07 02:47:47 BDT 2026,GET,https://tfctest-002-production.up.railway.app/_next/static,404,Not Found,527,361,9
5639,Mon Sep 07 02:47:47 BDT 2026,Mon Sep 07 02:47:47 BDT 2026,GET,https://tfctest-002-production.up.railway.app/_next/static/chunks,404,Not Found,497,361,9
5640,Mon Sep 07 02:47:46 BDT 2026,Mon Sep 07 02:47:48 BDT 2026,POST,https://tfctest-002-production.up.railway.app/login,200,OK,1355,3597,15858
5642,Mon Sep 07 02:47:46 BDT 2026,Mon Sep 07 02:47:48 BDT 2026,POST,https://tfctest-002-production.up.railway.app/orders,200,OK,1477,419,136
5644,Mon Sep 07 02:47:47 BDT 2026,Mon Sep 07 02:47:48 BDT 2026,GET,https://tfctest-002-production.up.railway.app/_next/static,404,Not Found,537,361,9
5645,Mon Sep 07 02:47:47 BDT 2026,Mon Sep 07 02:47:48 BDT 2026,GET,https://tfctest-002-production.up.railway.app/_next/static/chunks,404,Not Found,529,361,9
5646,Mon Sep 07 02:47:47 BDT 2026,Mon Sep 07 02:47:48 BDT 2026,GET,https://tfctest-002-production.up.railway.app,200,OK,824,534,32438
5647,Mon Sep 07 02:47:47 BDT 2026,Mon Sep 07 02:47:48 BDT 2026,GET,https://tfctest-002-production.up.railway.app/,200,OK,823,534,32438
5648,Mon Sep 07 02:47:46 BDT 2026,Mon Sep 07 02:47:48 BDT 2026,POST,https://tfctest-002-production.up.railway.app/user/64406959-fab5-485b-afca-6682eb0ab0bb,200,OK,1820,445,6689
5650,Mon Sep 07 02:47:48 BDT 2026,Mon Sep 07 02:47:48 BDT 2026,GET,https://tfctest-002-production.up.railway.app/_next/static,404,Not Found,512,361,9
5651,Mon Sep 07 02:47:48 BDT 2026,Mon Sep 07 02:47:48 BDT 2026,GET,https://tfctest-002-production.up.railway.app/_next/static/chunks,404,Not Found,527,361,9
5652,Mon Sep 07 02:47:47 BDT 2026,Mon Sep 07 02:47:49 BDT 2026,POST,https://tfctest-002-production.up.railway.app/checkout,200,OK,1986,553,5300
5654,Mon Sep 07 02:47:48 BDT 2026,Mon Sep 07 02:47:49 BDT 2026,GET,https://tfctest-002-production.up.railway.app/_next/static/chunks/0ay527mnq1105.js,200,OK,605,446,31328
5655,Mon Sep 07 02:47:48 BDT 2026,Mon Sep 07 02:47:49 BDT 2026,GET,https://tfctest-002-production.up.railway.app,200,OK,815,534,32438
5656,Mon Sep 07 02:47:48 BDT 2026,Mon Sep 07 02:47:49 BDT 2026,GET,https://tfctest-002-production.up.railway.app/_next/static,404,Not Found,559,361,9
5657,Mon Sep 07 02:47:48 BDT 2026,Mon Sep 07 02:47:49 BDT 2026,GET,https://tfctest-002-production.up.railway.app/_next/static/chunks,404,Not Found,518,361,9
5658,Mon Sep 07 02:47:48 BDT 2026,Mon Sep 07 02:47:49 BDT 2026,POST,https://tfctest-002-production.up.railway.app/orders,200,OK,1198,419,136
5660,Mon Sep 07 02:47:48 BDT 2026,Mon Sep 07 02:47:49 BDT 2026,POST,https://tfctest-002-production.up.railway.app/login,200,OK,1380,3599,15681
5662,Mon Sep 07 02:47:49 BDT 2026,Mon Sep 07 02:47:49 BDT 2026,GET,https://tfctest-002-production.up.railway.app/_next/static,404,Not Found,518,361,9
5663,Mon Sep 07 02:47:49 BDT 2026,Mon Sep 07 02:47:49 BDT 2026,GET,https://tfctest-002-production.up.railway.app/_next/static/chunks/0ay527mnq1105.js,200,OK,628,446,31328
5664,Mon Sep 07 02:47:49 BDT 2026,Mon Sep 07 02:47:49 BDT 2026,GET,https://tfctest-002-production.up.railway.app/_next/static/chunks,404,Not Found,538,361,9
5665,Mon Sep 07 02:47:49 BDT 2026,Mon Sep 07 02:47:49 BDT 2026,GET,https://tfctest-002-production.up.railway.app/_next/static/chunks/0xdco9mmgmhww.js,200,OK,637,446,24709
5666,Mon Sep 07 02:47:48 BDT 2026,Mon Sep 07 02:47:50 BDT 2026,POST,https://tfctest-002-production.up.railway.app/user/64406959-fab5-485b-afca-6682eb0ab0bb,200,OK,1565,445,6689
5668,Mon Sep 07 02:47:49 BDT 2026,Mon Sep 07 02:47:50 BDT 2026,GET,https://tfctest-002-production.up.railway.app/_next/static,404,Not Found,509,361,9
5669,Mon Sep 07 02:47:49 BDT 2026,Mon Sep 07 02:47:50 BDT 2026,GET,https://tfctest-002-production.up.railway.app/_next/static/chunks,404,Not Found,524,361,9
5670,Mon Sep 07 02:47:49 BDT 2026,Mon Sep 07 02:47:50 BDT 2026,GET,https://tfctest-002-production.up.railway.app/_next/static/chunks/0ay527mnq1105.js,200,OK,632,446,31328
5671,Mon Sep 07 02:47:49 BDT 2026,Mon Sep 07 02:47:50 BDT 2026,GET,https://tfctest-002-production.up.railway.app/_next/static/chunks/0xdco9mmgmhww.js,200,OK,631,446,24709
5672,Mon Sep 07 02:47:49 BDT 2026,Mon Sep 07 02:47:50 BDT 2026,POST,https://tfctest-002-production.up.railway.app/orders,200,OK,1314,419,136
5674,Mon Sep 07 02:47:50 BDT 2026,Mon Sep 07 02:47:50 BDT 2026,GET,https://tfctest-002-production.up.railway.app/_next/static,404,Not Found,553,361,9
5675,Mon Sep 07 02:47:49 BDT 2026,Mon Sep 07 02:47:50 BDT 2026,POST,https://tfctest-002-production.up.railway.app/login,200,OK,1364,3599,15858
5677,Mon Sep 07 02:47:50 BDT 2026,Mon Sep 07 02:47:50 BDT 2026,GET,https://tfctest-002-production.up.railway.app/_next/static/chunks,404,Not Found,513,361,9
5678,Mon Sep 07 02:47:49 BDT 2026,Mon Sep 07 02:47:51 BDT 2026,POST,https://tfctest-002-production.up.railway.app/checkout,200,OK,1969,553,5300
5680,Mon Sep 07 02:47:50 BDT 2026,Mon Sep 07 02:47:51 BDT 2026,GET,https://tfctest-002-production.up.railway.app/_next/static/chunks/0ay527mnq1105.js,200,OK,637,446,31328
5681,Mon Sep 07 02:47:50 BDT 2026,Mon Sep 07 02:47:51 BDT 2026,GET,https://tfctest-002-production.up.railway.app/_next/static/chunks/0xdco9mmgmhww.js,200,OK,609,446,24709
5682,Mon Sep 07 02:47:50 BDT 2026,Mon Sep 07 02:47:51 BDT 2026,GET,https://tfctest-002-production.up.railway.app/_next/static,404,Not Found,485,361,9
5683,Mon Sep 07 02:47:50 BDT 2026,Mon Sep 07 02:47:51 BDT 2026,GET,https://tfctest-002-production.up.railway.app/_next/static/chunks,404,Not Found,512,361,9
5684,Mon Sep 07 02:47:50 BDT 2026,Mon Sep 07 02:47:51 BDT 2026,POST,https://tfctest-002-production.up.railway.app/user/64406959-fab5-485b-afca-6682eb0ab0bb,200,OK,1642,445,6509
5685,Mon Sep 07 02:47:51 BDT 2026,Mon Sep 07 02:47:51 BDT 2026,GET,https://tfctest-002-production.up.railway.app/_next/static/chunks/0ay527mnq1105.js,200,OK,617,446,31328
5687,Mon Sep 07 02:47:51 BDT 2026,Mon Sep 07 02:47:51 BDT 2026,GET,https://tfctest-002-production.up.railway.app/_next/static/chunks/0xdco9mmgmhww.js,200,OK,596,446,24709
5688,Mon Sep 07 02:47:51 BDT 2026,Mon Sep 07 02:47:51 BDT 2026,GET,https://tfctest-002-production.up.railway.app/_next/static,404,Not Found,517,361,9
5689,Mon Sep 07 02:47:51 BDT 2026,Mon Sep 07 02:47:51 BDT 2026,GET,https://tfctest-002-production.up.railway.app/_next/static/chunks,404,Not Found,538,361,9
5690,Mon Sep 07 02:47:50 BDT 2026,Mon Sep 07 02:47:51 BDT 2026,POST,https://tfctest-002-production.up.railway.app/orders,200,OK,1238,419,136
5692,Mon Sep 07 02:47:50 BDT 2026,Mon Sep 07 02:47:52 BDT 2026,POST,https://tfctest-002-production.up.railway.app/login,200,OK,1383,3599,15858
5694,Mon Sep 07 02:47:51 BDT 2026,Mon Sep 07 02:47:52 BDT 2026,GET,https://tfctest-002-production.up.railway.app/_next/static/chunks/0ay527mnq1105.js,200,OK,616,446,31328
5695,Mon Sep 07 02:47:51 BDT 2026,Mon Sep 07 02:47:52 BDT 2026,GET,https://tfctest-002-production.up.railway.app/_next/static/chunks,404,Not Found,521,361,9
5696,Mon Sep 07 02:47:51 BDT 2026,Mon Sep 07 02:47:52 BDT 2026,GET,https://tfctest-002-production.up.railway.app/_next/static/chunks/0xdco9mmgmhww.js,200,OK,600,446,24709
5697,Mon Sep 07 02:47:52 BDT 2026,Mon Sep 07 02:47:52 BDT 2026,GET,https://tfctest-002-production.up.railway.app/_next/static/chunks/0y6b-yna2675q.css,200,OK,610,432,17840
5698,Mon Sep 07 02:47:52 BDT 2026,Mon Sep 07 02:47:52 BDT 2026,GET,https://tfctest-002-production.up.railway.app/_next/static/chunks,404,Not Found,511,361,9
5699,Mon Sep 07 02:47:52 BDT 2026,Mon Sep 07 02:47:52 BDT 2026,GET,https://tfctest-002-production.up.railway.app/_next/static/chunks/0ay527mnq1105.js,200,OK,618,446,31328
5700,Mon Sep 07 02:47:51 BDT 2026,Mon Sep 07 02:47:53 BDT 2026,POST,https://tfctest-002-production.up.railway.app/checkout,200,OK,1961,553,5300
5702,Mon Sep 07 02:47:52 BDT 2026,Mon Sep 07 02:47:53 BDT 2026,GET,https://tfctest-002-production.up.railway.app/_next/static/chunks/0xdco9mmgmhww.js,200,OK,608,446,24709
5703,Mon Sep 07 02:47:51 BDT 2026,Mon Sep 07 02:47:53 BDT 2026,POST,https://tfctest-002-production.up.railway.app/orders,200,OK,1228,419,136
5705,Mon Sep 07 02:47:52 BDT 2026,Mon Sep 07 02:47:53 BDT 2026,GET,https://tfctest-002-production.up.railway.app/_next/static/chunks/0y6b-yna2675q.css,200,OK,618,432,17840
5706,Mon Sep 07 02:47:51 BDT 2026,Mon Sep 07 02:47:53 BDT 2026,POST,https://tfctest-002-production.up.railway.app/user/64406959-fab5-485b-afca-6682eb0ab0bb,200,OK,1605,445,6688
5708,Mon Sep 07 02:47:52 BDT 2026,Mon Sep 07 02:47:53 BDT 2026,POST,https://tfctest-002-production.up.railway.app/login,200,OK,1347,3597,15858
5710,Mon Sep 07 02:47:52 BDT 2026,Mon Sep 07 02:47:53 BDT 2026,GET,https://tfctest-002-production.up.railway.app/_next/static/chunks/0ay527mnq1105.js,200,OK,619,446,31328
5711,Mon Sep 07 02:47:53 BDT 2026,Mon Sep 07 02:47:53 BDT 2026,GET,https://tfctest-002-production.up.railway.app/_next/static/chunks/0xdco9mmgmhww.js,200,OK,578,446,24709
5712,Mon Sep 07 02:47:53 BDT 2026,Mon Sep 07 02:47:53 BDT 2026,GET,https://tfctest-002-production.up.railway.app/_next/static/chunks/0y6b-yna2675q.css,200,OK,640,432,17840
5713,Mon Sep 07 02:47:53 BDT 2026,Mon Sep 07 02:47:54 BDT 2026,GET,https://tfctest-002-production.up.railway.app/_next/static/chunks/1-1_l2rr1q4ex.js,200,OK,979,448,407949
5714,Mon Sep 07 02:47:53 BDT 2026,Mon Sep 07 02:47:54 BDT 2026,GET,https://tfctest-002-production.up.railway.app/_next/static/chunks/0ay527mnq1105.js,200,OK,642,446,31328
5715,Mon Sep 07 02:47:53 BDT 2026,Mon Sep 07 02:47:54 BDT 2026,GET,https://tfctest-002-production.up.railway.app/_next/static/chunks/0xdco9mmgmhww.js,200,OK,674,446,24709
5716,Mon Sep 07 02:47:53 BDT 2026,Mon Sep 07 02:47:54 BDT 2026,POST,https://tfctest-002-production.up.railway.app/orders,200,OK,1236,419,136
5718,Mon Sep 07 02:47:53 BDT 2026,Mon Sep 07 02:47:54 BDT 2026,GET,https://tfctest-002-production.up.railway.app/_next/static/chunks/0y6b-yna2675q.css,200,OK,600,432,17840
5719,Mon Sep 07 02:47:54 BDT 2026,Mon Sep 07 02:47:54 BDT 2026,GET,https://tfctest-002-production.up.railway.app/_next/static/chunks/0ay527mnq1105.js,200,OK,642,446,31328
5720,Mon Sep 07 02:47:53 BDT 2026,Mon Sep 07 02:47:54 BDT 2026,POST,https://tfctest-002-production.up.railway.app/user/64406959-fab5-485b-afca-6682eb0ab0bb,200,OK,1597,445,6689
5722,Mon Sep 07 02:47:54 BDT 2026,Mon Sep 07 02:47:54 BDT 2026,GET,https://tfctest-002-production.up.railway.app/_next/static/chunks/1-1_l2rr1q4ex.js,200,OK,924,448,407949
5723,Mon Sep 07 02:47:53 BDT 2026,Mon Sep 07 02:47:54 BDT 2026,POST,https://tfctest-002-production.up.railway.app/login,200,OK,1378,3596,15858
5725,Mon Sep 07 02:47:54 BDT 2026,Mon Sep 07 02:47:54 BDT 2026,GET,https://tfctest-002-production.up.railway.app/_next/static/chunks/0xdco9mmgmhww.js,200,OK,615,446,24709
5726,Mon Sep 07 02:47:54 BDT 2026,Mon Sep 07 02:47:55 BDT 2026,GET,https://tfctest-002-production.up.railway.app/_next/static/chunks/0y6b-yna2675q.css,200,OK,573,432,17840
5727,Mon Sep 07 02:47:53 BDT 2026,Mon Sep 07 02:47:55 BDT 2026,POST,https://tfctest-002-production.up.railway.app/checkout,200,OK,2034,553,5119
5729,Mon Sep 07 02:47:54 BDT 2026,Mon Sep 07 02:47:55 BDT 2026,GET,https://tfctest-002-production.up.railway.app/_next/static/chunks/12i08o1rdb-oz.js,200,OK,874,448,255515
5730,Mon Sep 07 02:47:54 BDT 2026,Mon Sep 07 02:47:55 BDT 2026,GET,https://tfctest-002-production.up.railway.app/_next/static/chunks/0ay527mnq1105.js,200,OK,672,446,31328
5731,Mon Sep 07 02:47:55 BDT 2026,Mon Sep 07 02:47:55 BDT 2026,GET,https://tfctest-002-production.up.railway.app/_next/static/chunks/17lwbmgpe4qes.js,200,OK,516,444,3235
5732,Mon Sep 07 02:47:55 BDT 2026,Mon Sep 07 02:47:55 BDT 2026,GET,https://tfctest-002-production.up.railway.app/_next/static/chunks/0xdco9mmgmhww.js,200,OK,594,446,24709
5733,Mon Sep 07 02:47:55 BDT 2026,Mon Sep 07 02:47:55 BDT 2026,GET,https://tfctest-002-production.up.railway.app/_next/static/chunks/0y6b-yna2675q.css,200,OK,599,432,17840
5734,Mon Sep 07 02:47:54 BDT 2026,Mon Sep 07 02:47:55 BDT 2026,GET,https://tfctest-002-production.up.railway.app/_next/static/chunks/1-1_l2rr1q4ex.js,200,OK,978,448,407949
5735,Mon Sep 07 02:47:55 BDT 2026,Mon Sep 07 02:47:56 BDT 2026,GET,https://tfctest-002-production.up.railway.app/_next/static/chunks/17lwbmgpe4qes.js,200,OK,538,444,3235
5736,Mon Sep 07 02:47:55 BDT 2026,Mon Sep 07 02:47:56 BDT 2026,GET,https://tfctest-002-production.up.railway.app/_next/static/chunks/0ay527mnq1105.js,200,OK,635,446,31328
5737,Mon Sep 07 02:47:55 BDT 2026,Mon Sep 07 02:47:56 BDT 2026,GET,https://tfctest-002-production.up.railway.app/_next/static/chunks/0xdco9mmgmhww.js,200,OK,618,446,24709
5738,Mon Sep 07 02:47:55 BDT 2026,Mon Sep 07 02:47:56 BDT 2026,GET,https://tfctest-002-production.up.railway.app/_next/static/chunks/0y6b-yna2675q.css,200,OK,602,432,17840
5739,Mon Sep 07 02:47:55 BDT 2026,Mon Sep 07 02:47:56 BDT 2026,GET,https://tfctest-002-production.up.railway.app/_next/static/chunks/12i08o1rdb-oz.js,200,OK,898,448,255515
5740,Mon Sep 07 02:47:54 BDT 2026,Mon Sep 07 02:47:56 BDT 2026,POST,https://tfctest-002-production.up.railway.app/user/64406959-fab5-485b-afca-6682eb0ab0bb,200,OK,1648,445,6688
5742,Mon Sep 07 02:47:56 BDT 2026,Mon Sep 07 02:47:56 BDT 2026,GET,https://tfctest-002-production.up.railway.app/_next/static/chunks/17lwbmgpe4qes.js,200,OK,562,444,3235
5743,Mon Sep 07 02:47:55 BDT 2026,Mon Sep 07 02:47:56 BDT 2026,GET,https://tfctest-002-production.up.railway.app/_next/static/chunks/1-1_l2rr1q4ex.js,200,OK,928,448,407949
5744,Mon Sep 07 02:47:56 BDT 2026,Mon Sep 07 02:47:56 BDT 2026,GET,https://tfctest-002-production.up.railway.app/_next/static/chunks/0xdco9mmgmhww.js,200,OK,635,446,24709
5745,Mon Sep 07 02:47:56 BDT 2026,Mon Sep 07 02:47:56 BDT 2026,GET,https://tfctest-002-production.up.railway.app/_next/static/chunks/0y6b-yna2675q.css,200,OK,580,432,17840
5746,Mon Sep 07 02:47:56 BDT 2026,Mon Sep 07 02:47:56 BDT 2026,GET,https://tfctest-002-production.up.railway.app/_next/static/chunks/1c6aptmytnu6q.js,200,OK,614,446,34098
5747,Mon Sep 07 02:47:55 BDT 2026,Mon Sep 07 02:47:57 BDT 2026,POST,https://tfctest-002-production.up.railway.app/checkout,200,OK,2009,553,5300
5749,Mon Sep 07 02:47:56 BDT 2026,Mon Sep 07 02:47:57 BDT 2026,GET,https://tfctest-002-production.up.railway.app/_next/static/chunks/12i08o1rdb-oz.js,200,OK,877,448,255515
5750,Mon Sep 07 02:47:56 BDT 2026,Mon Sep 07 02:47:57 BDT 2026,GET,https://tfctest-002-production.up.railway.app/_next/static/chunks/17lwbmgpe4qes.js,200,OK,532,444,3235
5751,Mon Sep 07 02:47:56 BDT 2026,Mon Sep 07 02:47:57 BDT 2026,GET,https://tfctest-002-production.up.railway.app/_next/static/chunks/27fflktuso3nl.js,200,OK,434,443,345
5752,Mon Sep 07 02:47:56 BDT 2026,Mon Sep 07 02:47:57 BDT 2026,GET,https://tfctest-002-production.up.railway.app/_next/static/chunks/0y6b-yna2675q.css,200,OK,695,432,17840
5753,Mon Sep 07 02:47:57 BDT 2026,Mon Sep 07 02:47:57 BDT 2026,GET,https://tfctest-002-production.up.railway.app/_next/static/chunks/27fflktuso3nl.js,200,OK,267,443,345
5754,Mon Sep 07 02:47:56 BDT 2026,Mon Sep 07 02:47:57 BDT 2026,GET,https://tfctest-002-production.up.railway.app/_next/static/chunks/1-1_l2rr1q4ex.js,200,OK,952,448,407949
5755,Mon Sep 07 02:47:57 BDT 2026,Mon Sep 07 02:47:57 BDT 2026,GET,https://tfctest-002-production.up.railway.app/_next/static/chunks/17lwbmgpe4qes.js,200,OK,611,444,3235
5756,Mon Sep 07 02:47:57 BDT 2026,Mon Sep 07 02:47:57 BDT 2026,GET,https://tfctest-002-production.up.railway.app/_next/static/chunks/27fflktuso3nl.js,200,OK,266,443,345
5757,Mon Sep 07 02:47:57 BDT 2026,Mon Sep 07 02:47:57 BDT 2026,GET,https://tfctest-002-production.up.railway.app/_next/static/chunks/1c6aptmytnu6q.js,200,OK,985,446,34098
5758,Mon Sep 07 02:47:57 BDT 2026,Mon Sep 07 02:47:58 BDT 2026,GET,https://tfctest-002-production.up.railway.app/_next/static/chunks/12i08o1rdb-oz.js,200,OK,893,448,255515
5759,Mon Sep 07 02:47:56 BDT 2026,Mon Sep 07 02:47:58 BDT 2026,POST,https://tfctest-002-production.up.railway.app/user/64406959-fab5-485b-afca-6682eb0ab0bb,200,OK,1551,445,6689
5761,Mon Sep 07 02:47:57 BDT 2026,Mon Sep 07 02:47:58 BDT 2026,GET,https://tfctest-002-production.up.railway.app/_next/static/chunks/0y6b-yna2675q.css,200,OK,581,432,17840
5762,Mon Sep 07 02:47:57 BDT 2026,Mon Sep 07 02:47:58 BDT 2026,GET,https://tfctest-002-production.up.railway.app/_next/static/chunks/27fflktuso3nl.js,200,OK,265,443,345
5763,Mon Sep 07 02:47:57 BDT 2026,Mon Sep 07 02:47:58 BDT 2026,GET,https://tfctest-002-production.up.railway.app/_next/static/chunks/17lwbmgpe4qes.js,200,OK,532,444,3235
5764,Mon Sep 07 02:47:58 BDT 2026,Mon Sep 07 02:47:58 BDT 2026,GET,https://tfctest-002-production.up.railway.app/_next/static/chunks/0y6b-yna2675q.css,200,OK,386,432,17840
5765,Mon Sep 07 02:47:58 BDT 2026,Mon Sep 07 02:47:58 BDT 2026,GET,https://tfctest-002-production.up.railway.app/_next/static/chunks/2c7gsw4ap3uid.js,200,OK,421,443,538
5766,Mon Sep 07 02:47:58 BDT 2026,Mon Sep 07 02:47:58 BDT 2026,GET,https://tfctest-002-production.up.railway.app/_next/static/chunks/27fflktuso3nl.js,200,OK,449,443,345
5767,Mon Sep 07 02:47:58 BDT 2026,Mon Sep 07 02:47:58 BDT 2026,GET,https://tfctest-002-production.up.railway.app/_next/static/chunks/1c6aptmytnu6q.js,200,OK,649,446,34098
5768,Mon Sep 07 02:47:57 BDT 2026,Mon Sep 07 02:47:58 BDT 2026,GET,https://tfctest-002-production.up.railway.app/_next/static/chunks/1-1_l2rr1q4ex.js,200,OK,939,448,407949
5769,Mon Sep 07 02:47:58 BDT 2026,Mon Sep 07 02:47:58 BDT 2026,GET,https://tfctest-002-production.up.railway.app/_next/static/chunks/2c7gsw4ap3uid.js,200,OK,254,443,538
5770,Mon Sep 07 02:47:58 BDT 2026,Mon Sep 07 02:47:58 BDT 2026,GET,https://tfctest-002-production.up.railway.app/_next/static/chunks/27fflktuso3nl.js,200,OK,253,443,345
5771,Mon Sep 07 02:47:58 BDT 2026,Mon Sep 07 02:47:58 BDT 2026,GET,https://tfctest-002-production.up.railway.app/_next/static/chunks/12i08o1rdb-oz.js,200,OK,881,448,255515
5772,Mon Sep 07 02:47:58 BDT 2026,Mon Sep 07 02:47:58 BDT 2026,GET,https://tfctest-002-production.up.railway.app/_next/static/chunks/17lwbmgpe4qes.js,200,OK,546,444,3235
5773,Mon Sep 07 02:47:58 BDT 2026,Mon Sep 07 02:47:59 BDT 2026,GET,https://tfctest-002-production.up.railway.app/_next/static/chunks/2c7gsw4ap3uid.js,200,OK,249,443,538
5774,Mon Sep 07 02:47:57 BDT 2026,Mon Sep 07 02:47:59 BDT 2026,POST,https://tfctest-002-production.up.railway.app/checkout,200,OK,2060,553,5300
5776,Mon Sep 07 02:47:58 BDT 2026,Mon Sep 07 02:47:59 BDT 2026,GET,https://tfctest-002-production.up.railway.app/_next/static/chunks/0y6b-yna2675q.css,200,OK,597,432,17840
5777,Mon Sep 07 02:47:58 BDT 2026,Mon Sep 07 02:47:59 BDT 2026,GET,https://tfctest-002-production.up.railway.app/_next/static/chunks/27fflktuso3nl.js,200,OK,256,443,345
5778,Mon Sep 07 02:47:58 BDT 2026,Mon Sep 07 02:47:59 BDT 2026,GET,https://tfctest-002-production.up.railway.app/_next/static/chunks/1c6aptmytnu6q.js,200,OK,613,446,34098
5779,Mon Sep 07 02:47:59 BDT 2026,Mon Sep 07 02:47:59 BDT 2026,GET,https://tfctest-002-production.up.railway.app/_next/static/chunks/2c7gsw4ap3uid.js,200,OK,252,443,538
5780,Mon Sep 07 02:47:59 BDT 2026,Mon Sep 07 02:47:59 BDT 2026,GET,https://tfctest-002-production.up.railway.app/_next/static/chunks/27fflktuso3nl.js,200,OK,266,443,345
5781,Mon Sep 07 02:47:58 BDT 2026,Mon Sep 07 02:47:59 BDT 2026,GET,https://tfctest-002-production.up.railway.app/_next/static/chunks/17lwbmgpe4qes.js,200,OK,534,444,3235
5782,Mon Sep 07 02:47:59 BDT 2026,Mon Sep 07 02:47:59 BDT 2026,GET,https://tfctest-002-production.up.railway.app/_next/static/chunks/2c7gsw4ap3uid.js,200,OK,250,443,538
5783,Mon Sep 07 02:47:58 BDT 2026,Mon Sep 07 02:47:59 BDT 2026,GET,https://tfctest-002-production.up.railway.app/_next/static/chunks/1-1_l2rr1q4ex.js,200,OK,958,448,407949
5784,Mon Sep 07 02:47:59 BDT 2026,Mon Sep 07 02:47:59 BDT 2026,GET,https://tfctest-002-production.up.railway.app/_next/static/chunks/27fflktuso3nl.js,200,OK,249,443,345
5785,Mon Sep 07 02:47:59 BDT 2026,Mon Sep 07 02:47:59 BDT 2026,GET,https://tfctest-002-production.up.railway.app/_next/static/chunks/2utd0qcq1atjs.js,200,OK,500,444,1041
5786,Mon Sep 07 02:47:58 BDT 2026,Mon Sep 07 02:47:59 BDT 2026,GET,https://tfctest-002-production.up.railway.app/_next/static/chunks/12i08o1rdb-oz.js,200,OK,841,448,255515
5787,Mon Sep 07 02:47:59 BDT 2026,Mon Sep 07 02:47:59 BDT 2026,GET,https://tfctest-002-production.up.railway.app/_next/static/chunks/1c6aptmytnu6q.js,200,OK,605,446,34098
5788,Mon Sep 07 02:47:59 BDT 2026,Mon Sep 07 02:48:00 BDT 2026,GET,https://tfctest-002-production.up.railway.app/_next/static/chunks/27fflktuso3nl.js,200,OK,262,443,345
5789,Mon Sep 07 02:47:59 BDT 2026,Mon Sep 07 02:48:00 BDT 2026,GET,https://tfctest-002-production.up.railway.app/_next/static/chunks/17lwbmgpe4qes.js,200,OK,510,444,3235
5790,Mon Sep 07 02:47:59 BDT 2026,Mon Sep 07 02:48:00 BDT 2026,GET,https://tfctest-002-production.up.railway.app/_next/static/chunks/2c7gsw4ap3uid.js,200,OK,399,443,538
5791,Mon Sep 07 02:48:00 BDT 2026,Mon Sep 07 02:48:00 BDT 2026,GET,https://tfctest-002-production.up.railway.app/_next/static/chunks/27fflktuso3nl.js,200,OK,270,443,345
5792,Mon Sep 07 02:48:00 BDT 2026,Mon Sep 07 02:48:00 BDT 2026,GET,https://tfctest-002-production.up.railway.app/_next/static/chunks/2c7gsw4ap3uid.js,200,OK,250,443,538
5793,Mon Sep 07 02:47:59 BDT 2026,Mon Sep 07 02:48:00 BDT 2026,GET,https://tfctest-002-production.up.railway.app/_next/static/chunks/2utd0qcq1atjs.js,200,OK,536,444,1041
5794,Mon Sep 07 02:47:59 BDT 2026,Mon Sep 07 02:48:00 BDT 2026,GET,https://tfctest-002-production.up.railway.app/_next/static/chunks/1c6aptmytnu6q.js,200,OK,610,446,34098
5795,Mon Sep 07 02:48:00 BDT 2026,Mon Sep 07 02:48:00 BDT 2026,GET,https://tfctest-002-production.up.railway.app/_next/static/chunks/2c7gsw4ap3uid.js,200,OK,266,443,538
5796,Mon Sep 07 02:48:00 BDT 2026,Mon Sep 07 02:48:00 BDT 2026,GET,https://tfctest-002-production.up.railway.app/_next/static/chunks/27fflktuso3nl.js,200,OK,349,443,345
5797,Mon Sep 07 02:48:00 BDT 2026,Mon Sep 07 02:48:00 BDT 2026,GET,https://tfctest-002-production.up.railway.app/_next/static/chunks/17lwbmgpe4qes.js,200,OK,548,444,3235
5798,Mon Sep 07 02:47:59 BDT 2026,Mon Sep 07 02:48:00 BDT 2026,GET,https://tfctest-002-production.up.railway.app/_next/static/chunks/1-1_l2rr1q4ex.js,200,OK,922,448,407949
5799,Mon Sep 07 02:47:59 BDT 2026,Mon Sep 07 02:48:00 BDT 2026,GET,https://tfctest-002-production.up.railway.app/_next/static/chunks/12i08o1rdb-oz.js,200,OK,896,448,255515
5800,Mon Sep 07 02:48:00 BDT 2026,Mon Sep 07 02:48:00 BDT 2026,GET,https://tfctest-002-production.up.railway.app/_next/static/chunks/2c7gsw4ap3uid.js,200,OK,253,443,538
5801,Mon Sep 07 02:48:00 BDT 2026,Mon Sep 07 02:48:00 BDT 2026,GET,https://tfctest-002-production.up.railway.app/_next/static/chunks/2utd0qcq1atjs.js,200,OK,549,444,1041
5802,Mon Sep 07 02:48:00 BDT 2026,Mon Sep 07 02:48:01 BDT 2026,GET,https://tfctest-002-production.up.railway.app/_next/static/chunks/17lwbmgpe4qes.js,200,OK,362,444,3235
5803,Mon Sep 07 02:48:00 BDT 2026,Mon Sep 07 02:48:01 BDT 2026,GET,https://tfctest-002-production.up.railway.app/_next/static/chunks/2c7gsw4ap3uid.js,200,OK,246,443,538
5804,Mon Sep 07 02:48:00 BDT 2026,Mon Sep 07 02:48:01 BDT 2026,GET,https://tfctest-002-production.up.railway.app/_next/static/chunks/1c6aptmytnu6q.js,200,OK,667,446,34098
5805,Mon Sep 07 02:47:59 BDT 2026,Mon Sep 07 02:48:01 BDT 2026,POST,https://tfctest-002-production.up.railway.app/checkout,200,OK,2115,553,5300
5807,Mon Sep 07 02:48:01 BDT 2026,Mon Sep 07 02:48:01 BDT 2026,GET,https://tfctest-002-production.up.railway.app/_next/static/chunks/2c7gsw4ap3uid.js,200,OK,251,443,538
5808,Mon Sep 07 02:48:00 BDT 2026,Mon Sep 07 02:48:01 BDT 2026,GET,https://tfctest-002-production.up.railway.app/_next/static/chunks/2utd0qcq1atjs.js,200,OK,540,444,1041
5809,Mon Sep 07 02:48:00 BDT 2026,Mon Sep 07 02:48:01 BDT 2026,GET,https://tfctest-002-production.up.railway.app/_next/static/chunks/3-xpmlk5hluyb.js,200,OK,802,448,129336
5810,Mon Sep 07 02:48:01 BDT 2026,Mon Sep 07 02:48:01 BDT 2026,GET,https://tfctest-002-production.up.railway.app/_next/static/chunks/17lwbmgpe4qes.js,200,OK,569,444,3235
5811,Mon Sep 07 02:48:01 BDT 2026,Mon Sep 07 02:48:01 BDT 2026,GET,https://tfctest-002-production.up.railway.app/_next/static/chunks/2c7gsw4ap3uid.js,200,OK,265,443,538
5812,Mon Sep 07 02:48:00 BDT 2026,Mon Sep 07 02:48:01 BDT 2026,GET,https://tfctest-002-production.up.railway.app/_next/static/chunks/12i08o1rdb-oz.js,200,OK,912,448,255515
5813,Mon Sep 07 02:48:00 BDT 2026,Mon Sep 07 02:48:01 BDT 2026,GET,https://tfctest-002-production.up.railway.app/_next/static/chunks/1-1_l2rr1q4ex.js,200,OK,1009,448,407949
5814,Mon Sep 07 02:48:01 BDT 2026,Mon Sep 07 02:48:01 BDT 2026,GET,https://tfctest-002-production.up.railway.app/_next/static/chunks/1c6aptmytnu6q.js,200,OK,807,446,34098
5815,Mon Sep 07 02:48:01 BDT 2026,Mon Sep 07 02:48:02 BDT 2026,GET,https://tfctest-002-production.up.railway.app/_next/static/chunks/2utd0qcq1atjs.js,200,OK,745,444,1041
5816,Mon Sep 07 02:48:01 BDT 2026,Mon Sep 07 02:48:02 BDT 2026,GET,https://tfctest-002-production.up.railway.app/_next/static/chunks/310vm2bl3xxpt.js,200,OK,831,445,5364
5817,Mon Sep 07 02:48:01 BDT 2026,Mon Sep 07 02:48:02 BDT 2026,GET,https://tfctest-002-production.up.railway.app/_next/static/chunks/3-xpmlk5hluyb.js,200,OK,1263,448,129336
5818,Mon Sep 07 02:48:01 BDT 2026,Mon Sep 07 02:48:02 BDT 2026,GET,https://tfctest-002-production.up.railway.app/_next/static/chunks/12i08o1rdb-oz.js,200,OK,1323,448,255515
5819,Mon Sep 07 02:48:02 BDT 2026,Mon Sep 07 02:48:03 BDT 2026,GET,https://tfctest-002-production.up.railway.app/_next/static/chunks/2utd0qcq1atjs.js,200,OK,971,444,1041
5820,Mon Sep 07 02:48:01 BDT 2026,Mon Sep 07 02:48:03 BDT 2026,GET,https://tfctest-002-production.up.railway.app/_next/static/chunks/1c6aptmytnu6q.js,200,OK,1175,446,34098
5821,Mon Sep 07 02:48:01 BDT 2026,Mon Sep 07 02:48:03 BDT 2026,GET,https://tfctest-002-production.up.railway.app/_next/static/chunks/3byuobrkyz9bj.js,200,OK,1636,448,229156
5822,Mon Sep 07 02:48:02 BDT 2026,Mon Sep 07 02:48:03 BDT 2026,GET,https://tfctest-002-production.up.railway.app/_next/static/chunks/310vm2bl3xxpt.js,200,OK,820,445,5364
5823,Mon Sep 07 02:48:01 BDT 2026,Mon Sep 07 02:48:03 BDT 2026,POST,https://tfctest-002-production.up.railway.app/checkout,200,OK,2268,553,5300
5825,Mon Sep 07 02:48:01 BDT 2026,Mon Sep 07 02:48:03 BDT 2026,GET,https://tfctest-002-production.up.railway.app/_next/static/chunks/1-1_l2rr1q4ex.js,200,OK,2117,448,407949
5826,Mon Sep 07 02:48:03 BDT 2026,Mon Sep 07 02:48:04 BDT 2026,GET,https://tfctest-002-production.up.railway.app/_next/static/chunks/2utd0qcq1atjs.js,200,OK,1031,444,1041
5827,Mon Sep 07 02:48:02 BDT 2026,Mon Sep 07 02:48:04 BDT 2026,GET,https://tfctest-002-production.up.railway.app/_next/static/chunks/3-xpmlk5hluyb.js,200,OK,1434,448,129336
5828,Mon Sep 07 02:48:03 BDT 2026,Mon Sep 07 02:48:04 BDT 2026,GET,https://tfctest-002-production.up.railway.app/_next/static/chunks/1c6aptmytnu6q.js,200,OK,1015,446,34098
5829,Mon Sep 07 02:48:03 BDT 2026,Mon Sep 07 02:48:04 BDT 2026,GET,https://tfctest-002-production.up.railway.app/_next/static/chunks/310vm2bl3xxpt.js,200,OK,793,445,5364
5830,Mon Sep 07 02:48:03 BDT 2026,Mon Sep 07 02:48:04 BDT 2026,GET,https://tfctest-002-production.up.railway.app/_next/static/chunks/42pn8sqj_83y5.js,200,OK,789,444,2642
5831,Mon Sep 07 02:48:02 BDT 2026,Mon Sep 07 02:48:04 BDT 2026,GET,https://tfctest-002-production.up.railway.app/_next/static/chunks/12i08o1rdb-oz.js,200,OK,1640,448,255515
5832,Mon Sep 07 02:48:04 BDT 2026,Mon Sep 07 02:48:05 BDT 2026,GET,https://tfctest-002-production.up.railway.app/_next/static/chunks/310vm2bl3xxpt.js,200,OK,810,445,5364
5833,Mon Sep 07 02:48:04 BDT 2026,Mon Sep 07 02:48:05 BDT 2026,GET,https://tfctest-002-production.up.railway.app/_next/static/chunks/2utd0qcq1atjs.js,200,OK,1013,444,1041
5834,Mon Sep 07 02:48:03 BDT 2026,Mon Sep 07 02:48:05 BDT 2026,GET,https://tfctest-002-production.up.railway.app/_next/static/chunks/3byuobrkyz9bj.js,200,OK,1848,448,229156
5835,Mon Sep 07 02:48:04 BDT 2026,Mon Sep 07 02:48:05 BDT 2026,GET,https://tfctest-002-production.up.railway.app/_next/static/chunks/42pn8sqj_83y5.js,200,OK,826,444,2642
5836,Mon Sep 07 02:48:04 BDT 2026,Mon Sep 07 02:48:05 BDT 2026,GET,https://tfctest-002-production.up.railway.app/_next/static/chunks/1c6aptmytnu6q.js,200,OK,1223,446,34098
5837,Mon Sep 07 02:48:04 BDT 2026,Mon Sep 07 02:48:05 BDT 2026,GET,https://tfctest-002-production.up.railway.app/_next/static/chunks/3-xpmlk5hluyb.js,200,OK,1620,448,129336
5838,Mon Sep 07 02:48:03 BDT 2026,Mon Sep 07 02:48:05 BDT 2026,GET,https://tfctest-002-production.up.railway.app/_next/static/chunks/1-1_l2rr1q4ex.js,200,OK,2042,448,407949
5839,Mon Sep 07 02:48:05 BDT 2026,Mon Sep 07 02:48:06 BDT 2026,GET,https://tfctest-002-production.up.railway.app/_next/static/chunks/310vm2bl3xxpt.js,200,OK,1010,445,5364
5840,Mon Sep 07 02:48:05 BDT 2026,Mon Sep 07 02:48:06 BDT 2026,GET,https://tfctest-002-production.up.railway.app/_next/static/chunks/2utd0qcq1atjs.js,200,OK,812,444,1041
5841,Mon Sep 07 02:48:05 BDT 2026,Mon Sep 07 02:48:06 BDT 2026,GET,https://tfctest-002-production.up.railway.app/_next/static/chunks/42pn8sqj_83y5.js,200,OK,812,444,2642
5842,Mon Sep 07 02:48:04 BDT 2026,Mon Sep 07 02:48:06 BDT 2026,GET,https://tfctest-002-production.up.railway.app/_next/static/chunks/12i08o1rdb-oz.js,200,OK,1827,448,255515
5843,Mon Sep 07 02:48:05 BDT 2026,Mon Sep 07 02:48:06 BDT 2026,GET,https://tfctest-002-production.up.railway.app/_next/static/chunks/1c6aptmytnu6q.js,200,OK,1217,446,34098
5844,Mon Sep 07 02:48:05 BDT 2026,Mon Sep 07 02:48:06 BDT 2026,GET,https://tfctest-002-production.up.railway.app/_next/static/chunks/3byuobrkyz9bj.js,200,OK,1624,448,229156
5845,Mon Sep 07 02:48:06 BDT 2026,Mon Sep 07 02:48:06 BDT 2026,GET,https://tfctest-002-production.up.railway.app/_next/static/chunks/310vm2bl3xxpt.js,200,OK,812,445,5364
5846,Mon Sep 07 02:48:06 BDT 2026,Mon Sep 07 02:48:07 BDT 2026,GET,https://tfctest-002-production.up.railway.app/_next/static/chunks/2utd0qcq1atjs.js,200,OK,999,444,1041
5847,Mon Sep 07 02:48:06 BDT 2026,Mon Sep 07 02:48:07 BDT 2026,GET,https://tfctest-002-production.up.railway.app/_next/static/chunks/42pn8sqj_83y5.js,200,OK,1014,444,2642
5848,Mon Sep 07 02:48:05 BDT 2026,Mon Sep 07 02:48:07 BDT 2026,GET,https://tfctest-002-production.up.railway.app/_next/static/chunks/3-xpmlk5hluyb.js,200,OK,1424,448,129336
5849,Mon Sep 07 02:48:06 BDT 2026,Mon Sep 07 02:48:07 BDT 2026,GET,https://tfctest-002-production.up.railway.app/_next/static/chunks/443ov389-vm0d.js,200,OK,919,444,1662
5850,Mon Sep 07 02:48:06 BDT 2026,Mon Sep 07 02:48:07 BDT 2026,GET,https://tfctest-002-production.up.railway.app/_next/static/chunks/310vm2bl3xxpt.js,200,OK,926,445,5364
5851,Mon Sep 07 02:48:05 BDT 2026,Mon Sep 07 02:48:07 BDT 2026,GET,https://tfctest-002-production.up.railway.app/_next/static/chunks/1-1_l2rr1q4ex.js,200,OK,1942,448,407949
5852,Mon Sep 07 02:48:07 BDT 2026,Mon Sep 07 02:48:07 BDT 2026,GET,https://tfctest-002-production.up.railway.app/_next/static/chunks/42pn8sqj_83y5.js,200,OK,777,444,2642
5853,Mon Sep 07 02:48:07 BDT 2026,Mon Sep 07 02:48:07 BDT 2026,GET,https://tfctest-002-production.up.railway.app/_next/static/chunks/2utd0qcq1atjs.js,200,OK,793,444,1041
5854,Mon Sep 07 02:48:06 BDT 2026,Mon Sep 07 02:48:08 BDT 2026,GET,https://tfctest-002-production.up.railway.app/_next/static/chunks/12i08o1rdb-oz.js,200,OK,1560,448,255515
5855,Mon Sep 07 02:48:07 BDT 2026,Mon Sep 07 02:48:08 BDT 2026,GET,https://tfctest-002-production.up.railway.app/_next/static/chunks/443ov389-vm0d.js,200,OK,526,444,1662
5856,Mon Sep 07 02:48:06 BDT 2026,Mon Sep 07 02:48:08 BDT 2026,GET,https://tfctest-002-production.up.railway.app/_next/static/chunks/3byuobrkyz9bj.js,200,OK,1350,448,229156
5857,Mon Sep 07 02:48:07 BDT 2026,Mon Sep 07 02:48:08 BDT 2026,GET,https://tfctest-002-production.up.railway.app/_next/static/chunks/turbopack-0l8vqey1uj88o.js,200,OK,523,445,9754
5858,Mon Sep 07 02:48:07 BDT 2026,Mon Sep 07 02:48:08 BDT 2026,GET,https://tfctest-002-production.up.railway.app/_next/static/chunks/3-xpmlk5hluyb.js,200,OK,1055,448,129336
5859,Mon Sep 07 02:48:07 BDT 2026,Mon Sep 07 02:48:08 BDT 2026,GET,https://tfctest-002-production.up.railway.app/_next/static/chunks/42pn8sqj_83y5.js,200,OK,523,444,2642
5860,Mon Sep 07 02:48:07 BDT 2026,Mon Sep 07 02:48:08 BDT 2026,GET,https://tfctest-002-production.up.railway.app/_next/static/chunks/2utd0qcq1atjs.js,200,OK,513,444,1041
5861,Mon Sep 07 02:48:07 BDT 2026,Mon Sep 07 02:48:08 BDT 2026,GET,https://tfctest-002-production.up.railway.app/_next/static/chunks/310vm2bl3xxpt.js,200,OK,646,445,5364
5862,Mon Sep 07 02:48:08 BDT 2026,Mon Sep 07 02:48:08 BDT 2026,GET,https://tfctest-002-production.up.railway.app/_next/static/chunks/443ov389-vm0d.js,200,OK,521,444,1662
5863,Mon Sep 07 02:48:08 BDT 2026,Mon Sep 07 02:48:08 BDT 2026,GET,https://tfctest-002-production.up.railway.app/_next/static/chunks/turbopack-0l8vqey1uj88o.js,200,OK,521,445,9754
5864,Mon Sep 07 02:48:08 BDT 2026,Mon Sep 07 02:48:08 BDT 2026,GET,https://tfctest-002-production.up.railway.app/checkout?_rsc=U5Jq6qAThNnFslX9,200,OK,682,429,1036
5866,Mon Sep 07 02:48:08 BDT 2026,Mon Sep 07 02:48:08 BDT 2026,GET,https://tfctest-002-production.up.railway.app/_next/static/chunks/42pn8sqj_83y5.js,200,OK,538,444,2642
5867,Mon Sep 07 02:48:08 BDT 2026,Mon Sep 07 02:48:08 BDT 2026,GET,https://tfctest-002-production.up.railway.app/favicon.ico,404,Not Found,519,361,9
5868,Mon Sep 07 02:48:08 BDT 2026,Mon Sep 07 02:48:08 BDT 2026,GET,https://tfctest-002-production.up.railway.app/_next/static/chunks/310vm2bl3xxpt.js,200,OK,524,445,5364
5869,Mon Sep 07 02:48:08 BDT 2026,Mon Sep 07 02:48:09 BDT 2026,GET,https://tfctest-002-production.up.railway.app/_next/static/chunks/3byuobrkyz9bj.js,200,OK,835,448,229156
5870,Mon Sep 07 02:48:08 BDT 2026,Mon Sep 07 02:48:09 BDT 2026,GET,https://tfctest-002-production.up.railway.app/_next/static/chunks/3-xpmlk5hluyb.js,200,OK,814,448,129336
5871,Mon Sep 07 02:48:08 BDT 2026,Mon Sep 07 02:48:09 BDT 2026,GET,https://tfctest-002-production.up.railway.app/_next/static/chunks/443ov389-vm0d.js,200,OK,523,444,1662
5872,Mon Sep 07 02:48:08 BDT 2026,Mon Sep 07 02:48:09 BDT 2026,GET,https://tfctest-002-production.up.railway.app/_next/static/chunks/turbopack-0l8vqey1uj88o.js,200,OK,507,445,9754
5873,Mon Sep 07 02:48:08 BDT 2026,Mon Sep 07 02:48:09 BDT 2026,GET,https://tfctest-002-production.up.railway.app/favicon.ico,404,Not Found,509,361,9
5874,Mon Sep 07 02:48:08 BDT 2026,Mon Sep 07 02:48:09 BDT 2026,GET,https://tfctest-002-production.up.railway.app/_next/static/chunks/42pn8sqj_83y5.js,200,OK,525,444,2642
5875,Mon Sep 07 02:48:08 BDT 2026,Mon Sep 07 02:48:09 BDT 2026,GET,https://tfctest-002-production.up.railway.app/_next/static/chunks/310vm2bl3xxpt.js,200,OK,530,445,5364
5876,Mon Sep 07 02:48:08 BDT 2026,Mon Sep 07 02:48:09 BDT 2026,GET,https://tfctest-002-production.up.railway.app/checkout?_rsc=U5Jq6qAThNnFslX9,200,OK,708,429,1036
5878,Mon Sep 07 02:48:09 BDT 2026,Mon Sep 07 02:48:09 BDT 2026,GET,https://tfctest-002-production.up.railway.app/_next/static/chunks/443ov389-vm0d.js,200,OK,519,444,1662
5879,Mon Sep 07 02:48:09 BDT 2026,Mon Sep 07 02:48:09 BDT 2026,GET,https://tfctest-002-production.up.railway.app/_next/static/chunks/turbopack-0l8vqey1uj88o.js,200,OK,535,445,9754
5880,Mon Sep 07 02:48:09 BDT 2026,Mon Sep 07 02:48:09 BDT 2026,GET,https://tfctest-002-production.up.railway.app/_next/static/chunks/3byuobrkyz9bj.js,200,OK,885,448,229156
5881,Mon Sep 07 02:48:09 BDT 2026,Mon Sep 07 02:48:09 BDT 2026,GET,https://tfctest-002-production.up.railway.app/favicon.ico,404,Not Found,522,361,9
5882,Mon Sep 07 02:48:09 BDT 2026,Mon Sep 07 02:48:09 BDT 2026,GET,https://tfctest-002-production.up.railway.app/_next/static/chunks/3-xpmlk5hluyb.js,200,OK,830,448,129336
5883,Mon Sep 07 02:48:09 BDT 2026,Mon Sep 07 02:48:10 BDT 2026,GET,https://tfctest-002-production.up.railway.app/_next/static/chunks/42pn8sqj_83y5.js,200,OK,518,444,2642
5884,Mon Sep 07 02:48:09 BDT 2026,Mon Sep 07 02:48:10 BDT 2026,GET,https://tfctest-002-production.up.railway.app/_next/static/chunks/310vm2bl3xxpt.js,200,OK,517,445,5364
5885,Mon Sep 07 02:48:09 BDT 2026,Mon Sep 07 02:48:10 BDT 2026,GET,https://tfctest-002-production.up.railway.app/_next/static/chunks/443ov389-vm0d.js,200,OK,523,444,1662
5886,Mon Sep 07 02:48:09 BDT 2026,Mon Sep 07 02:48:10 BDT 2026,GET,https://tfctest-002-production.up.railway.app/checkout?_rsc=U5Jq6qAThNnFslX9,200,OK,684,429,1036
5888,Mon Sep 07 02:48:09 BDT 2026,Mon Sep 07 02:48:10 BDT 2026,GET,https://tfctest-002-production.up.railway.app/_next/static/chunks/turbopack-0l8vqey1uj88o.js,200,OK,523,445,9754
5889,Mon Sep 07 02:48:10 BDT 2026,Mon Sep 07 02:48:10 BDT 2026,GET,https://tfctest-002-production.up.railway.app/favicon.ico,404,Not Found,541,361,9
5890,Mon Sep 07 02:48:10 BDT 2026,Mon Sep 07 02:48:10 BDT 2026,GET,https://tfctest-002-production.up.railway.app/_next/static/chunks/42pn8sqj_83y5.js,200,OK,539,444,2642
5891,Mon Sep 07 02:48:10 BDT 2026,Mon Sep 07 02:48:10 BDT 2026,GET,https://tfctest-002-production.up.railway.app/_next/static/chunks/310vm2bl3xxpt.js,200,OK,585,445,5364
5892,Mon Sep 07 02:48:10 BDT 2026,Mon Sep 07 02:48:10 BDT 2026,GET,https://tfctest-002-production.up.railway.app/_next/static/chunks/3-xpmlk5hluyb.js,200,OK,824,448,129336
5893,Mon Sep 07 02:48:09 BDT 2026,Mon Sep 07 02:48:10 BDT 2026,GET,https://tfctest-002-production.up.railway.app/_next/static/chunks/3byuobrkyz9bj.js,200,OK,900,448,229156
5894,Mon Sep 07 02:48:10 BDT 2026,Mon Sep 07 02:48:10 BDT 2026,GET,https://tfctest-002-production.up.railway.app/_next/static/chunks/443ov389-vm0d.js,200,OK,540,444,1662
5895,Mon Sep 07 02:48:10 BDT 2026,Mon Sep 07 02:48:10 BDT 2026,GET,https://tfctest-002-production.up.railway.app/_next/static/chunks/turbopack-0l8vqey1uj88o.js,200,OK,537,445,9754
5896,Mon Sep 07 02:48:10 BDT 2026,Mon Sep 07 02:48:10 BDT 2026,GET,https://tfctest-002-production.up.railway.app/checkout?_rsc=U5Jq6qAThNnFslX9,200,OK,696,429,1036
5898,Mon Sep 07 02:48:10 BDT 2026,Mon Sep 07 02:48:11 BDT 2026,GET,https://tfctest-002-production.up.railway.app/favicon.ico,404,Not Found,515,361,9
5899,Mon Sep 07 02:48:10 BDT 2026,Mon Sep 07 02:48:11 BDT 2026,GET,https://tfctest-002-production.up.railway.app/_next/static/chunks/42pn8sqj_83y5.js,200,OK,547,444,2642
5900,Mon Sep 07 02:48:10 BDT 2026,Mon Sep 07 02:48:11 BDT 2026,GET,https://tfctest-002-production.up.railway.app/login?_rsc=tXyZJ52UQVBCVsD3,200,OK,514,429,1033
5902,Mon Sep 07 02:48:10 BDT 2026,Mon Sep 07 02:48:11 BDT 2026,GET,https://tfctest-002-production.up.railway.app/_next/static/chunks/443ov389-vm0d.js,200,OK,525,444,1662
5903,Mon Sep 07 02:48:10 BDT 2026,Mon Sep 07 02:48:11 BDT 2026,GET,https://tfctest-002-production.up.railway.app/_next/static/chunks/turbopack-0l8vqey1uj88o.js,200,OK,539,445,9754
5904,Mon Sep 07 02:48:11 BDT 2026,Mon Sep 07 02:48:11 BDT 2026,GET,https://tfctest-002-production.up.railway.app/favicon.ico,404,Not Found,533,361,9
5905,Mon Sep 07 02:48:11 BDT 2026,Mon Sep 07 02:48:11 BDT 2026,GET,https://tfctest-002-production.up.railway.app/_next/static/chunks/42pn8sqj_83y5.js,200,OK,544,444,2642
5906,Mon Sep 07 02:48:10 BDT 2026,Mon Sep 07 02:48:11 BDT 2026,GET,https://tfctest-002-production.up.railway.app/_next/static/chunks/3-xpmlk5hluyb.js,200,OK,832,448,129336
5907,Mon Sep 07 02:48:10 BDT 2026,Mon Sep 07 02:48:11 BDT 2026,GET,https://tfctest-002-production.up.railway.app/_next/static/chunks/3byuobrkyz9bj.js,200,OK,853,448,229156
5908,Mon Sep 07 02:48:10 BDT 2026,Mon Sep 07 02:48:11 BDT 2026,GET,https://tfctest-002-production.up.railway.app/checkout?_rsc=U5Jq6qAThNnFslX9,200,OK,686,429,1036
5910,Mon Sep 07 02:48:11 BDT 2026,Mon Sep 07 02:48:11 BDT 2026,GET,https://tfctest-002-production.up.railway.app/login?_rsc=tXyZJ52UQVBCVsD3,200,OK,532,429,1033
5912,Mon Sep 07 02:48:11 BDT 2026,Mon Sep 07 02:48:11 BDT 2026,GET,https://tfctest-002-production.up.railway.app/_next/static/chunks/443ov389-vm0d.js,200,OK,580,444,1662
5913,Mon Sep 07 02:48:11 BDT 2026,Mon Sep 07 02:48:12 BDT 2026,GET,https://tfctest-002-production.up.railway.app/_next/static/chunks/turbopack-0l8vqey1uj88o.js,200,OK,571,445,9754
5914,Mon Sep 07 02:48:11 BDT 2026,Mon Sep 07 02:48:12 BDT 2026,GET,https://tfctest-002-production.up.railway.app/favicon.ico,404,Not Found,514,361,9
5915,Mon Sep 07 02:48:11 BDT 2026,Mon Sep 07 02:48:12 BDT 2026,GET,https://tfctest-002-production.up.railway.app/login?next=%2Fcheckout&_rsc=5CB68i4pnAekjehf,200,OK,493,428,282
5916,Mon Sep 07 02:48:11 BDT 2026,Mon Sep 07 02:48:12 BDT 2026,GET,https://tfctest-002-production.up.railway.app/login?_rsc=tXyZJ52UQVBCVsD3,200,OK,559,429,1033
5918,Mon Sep 07 02:48:11 BDT 2026,Mon Sep 07 02:48:12 BDT 2026,GET,https://tfctest-002-production.up.railway.app/_next/static/chunks/3-xpmlk5hluyb.js,200,OK,765,448,129336
5919,Mon Sep 07 02:48:11 BDT 2026,Mon Sep 07 02:48:12 BDT 2026,GET,https://tfctest-002-production.up.railway.app/checkout?_rsc=U5Jq6qAThNnFslX9,200,OK,698,429,1036
5920,Mon Sep 07 02:48:11 BDT 2026,Mon Sep 07 02:48:12 BDT 2026,GET,https://tfctest-002-production.up.railway.app/_next/static/chunks/443ov389-vm0d.js,200,OK,526,444,1662
5922,Mon Sep 07 02:48:12 BDT 2026,Mon Sep 07 02:48:12 BDT 2026,GET,https://tfctest-002-production.up.railway.app/_next/static/chunks/turbopack-0l8vqey1uj88o.js,200,OK,523,445,9754
5923,Mon Sep 07 02:48:11 BDT 2026,Mon Sep 07 02:48:12 BDT 2026,GET,https://tfctest-002-production.up.railway.app/_next/static/chunks/3byuobrkyz9bj.js,200,OK,875,448,229156
5924,Mon Sep 07 02:48:12 BDT 2026,Mon Sep 07 02:48:12 BDT 2026,GET,https://tfctest-002-production.up.railway.app/favicon.ico,404,Not Found,534,361,9
5925,Mon Sep 07 02:48:12 BDT 2026,Mon Sep 07 02:48:12 BDT 2026,GET,https://tfctest-002-production.up.railway.app/login?next=%2Fcheckout&_rsc=5CB68i4pnAekjehf,200,OK,532,428,282
5926,Mon Sep 07 02:48:12 BDT 2026,Mon Sep 07 02:48:12 BDT 2026,GET,https://tfctest-002-production.up.railway.app/login?_rsc=tXyZJ52UQVBCVsD3,200,OK,514,429,1033
5928,Mon Sep 07 02:48:12 BDT 2026,Mon Sep 07 02:48:13 BDT 2026,GET,https://tfctest-002-production.up.railway.app/_next/static/chunks/443ov389-vm0d.js,200,OK,544,444,1662
5929,Mon Sep 07 02:48:12 BDT 2026,Mon Sep 07 02:48:13 BDT 2026,GET,https://tfctest-002-production.up.railway.app/favicon.ico,404,Not Found,513,361,9
5930,Mon Sep 07 02:48:12 BDT 2026,Mon Sep 07 02:48:13 BDT 2026,GET,https://tfctest-002-production.up.railway.app/_next/static/chunks/turbopack-0l8vqey1uj88o.js,200,OK,630,445,9754
5931,Mon Sep 07 02:48:12 BDT 2026,Mon Sep 07 02:48:13 BDT 2026,GET,https://tfctest-002-production.up.railway.app/_next/static/chunks/3-xpmlk5hluyb.js,200,OK,776,448,129336
5932,Mon Sep 07 02:48:12 BDT 2026,Mon Sep 07 02:48:13 BDT 2026,GET,https://tfctest-002-production.up.railway.app/login?next=%2Fcheckout&_rsc=5CB68i4pnAekjehf,200,OK,510,428,282
5933,Mon Sep 07 02:48:12 BDT 2026,Mon Sep 07 02:48:13 BDT 2026,GET,https://tfctest-002-production.up.railway.app/checkout?_rsc=U5Jq6qAThNnFslX9,200,OK,774,429,1036
5935,Mon Sep 07 02:48:12 BDT 2026,Mon Sep 07 02:48:13 BDT 2026,GET,https://tfctest-002-production.up.railway.app/login?_rsc=tXyZJ52UQVBCVsD3,200,OK,517,429,1033
5937,Mon Sep 07 02:48:12 BDT 2026,Mon Sep 07 02:48:13 BDT 2026,GET,https://tfctest-002-production.up.railway.app/_next/static/chunks/3byuobrkyz9bj.js,200,OK,881,448,229156
5938,Mon Sep 07 02:48:13 BDT 2026,Mon Sep 07 02:48:13 BDT 2026,GET,https://tfctest-002-production.up.railway.app/_next/static/chunks/443ov389-vm0d.js,200,OK,513,444,1662
5939,Mon Sep 07 02:48:13 BDT 2026,Mon Sep 07 02:48:13 BDT 2026,GET,https://tfctest-002-production.up.railway.app/favicon.ico,404,Not Found,523,361,9
5940,Mon Sep 07 02:48:13 BDT 2026,Mon Sep 07 02:48:13 BDT 2026,GET,https://tfctest-002-production.up.railway.app/_next/static/chunks/turbopack-0l8vqey1uj88o.js,200,OK,544,445,9754
5941,Mon Sep 07 02:48:13 BDT 2026,Mon Sep 07 02:48:13 BDT 2026,GET,https://tfctest-002-production.up.railway.app/login?next=%2Fcheckout&_rsc=5CB68i4pnAekjehf,200,OK,559,428,282
5942,Mon Sep 07 02:48:13 BDT 2026,Mon Sep 07 02:48:13 BDT 2026,GET,https://tfctest-002-production.up.railway.app/login?_rsc=tXyZJ52UQVBCVsD3,200,OK,514,429,1033
5944,Mon Sep 07 02:48:13 BDT 2026,Mon Sep 07 02:48:14 BDT 2026,GET,https://tfctest-002-production.up.railway.app/checkout?_rsc=U5Jq6qAThNnFslX9,200,OK,690,428,919
5946,Mon Sep 07 02:48:13 BDT 2026,Mon Sep 07 02:48:14 BDT 2026,GET,https://tfctest-002-production.up.railway.app/products,404,Not Found,586,435,271
5947,Mon Sep 07 02:48:13 BDT 2026,Mon Sep 07 02:48:14 BDT 2026,GET,https://tfctest-002-production.up.railway.app/favicon.ico,404,Not Found,509,361,9
5948,Mon Sep 07 02:48:13 BDT 2026,Mon Sep 07 02:48:14 BDT 2026,GET,https://tfctest-002-production.up.railway.app/_next/static/chunks/turbopack-0l8vqey1uj88o.js,200,OK,524,445,9754
5949,Mon Sep 07 02:48:13 BDT 2026,Mon Sep 07 02:48:14 BDT 2026,GET,https://tfctest-002-production.up.railway.app/login?next=%2Fcheckout&_rsc=5CB68i4pnAekjehf,200,OK,511,428,282
5950,Mon Sep 07 02:48:13 BDT 2026,Mon Sep 07 02:48:14 BDT 2026,GET,https://tfctest-002-production.up.railway.app/_next/static/chunks/3byuobrkyz9bj.js,200,OK,878,448,229156
5951,Mon Sep 07 02:48:13 BDT 2026,Mon Sep 07 02:48:14 BDT 2026,GET,https://tfctest-002-production.up.railway.app/login?_rsc=tXyZJ52UQVBCVsD3,200,OK,530,429,1033
5952,Mon Sep 07 02:48:13 BDT 2026,Mon Sep 07 02:48:13 BDT 2026,GET,https://tfctest-002-production.up.railway.app/login?next=%2Fcheckout,200,OK,518,428,282
5955,Mon Sep 07 02:48:14 BDT 2026,Mon Sep 07 02:48:14 BDT 2026,GET,https://tfctest-002-production.up.railway.app/checkout?_rsc=U5Jq6qAThNnFslX9,200,OK,708,429,1036
5957,Mon Sep 07 02:48:14 BDT 2026,Mon Sep 07 02:48:14 BDT 2026,GET,https://tfctest-002-production.up.railway.app/favicon.ico,404,Not Found,557,361,9
5958,Mon Sep 07 02:48:14 BDT 2026,Mon Sep 07 02:48:14 BDT 2026,GET,https://tfctest-002-production.up.railway.app/login?next=%2Fcheckout&_rsc=5CB68i4pnAekjehf,200,OK,519,428,282
5959,Mon Sep 07 02:48:14 BDT 2026,Mon Sep 07 02:48:14 BDT 2026,GET,https://tfctest-002-production.up.railway.app/products,404,Not Found,560,435,271
5960,Mon Sep 07 02:48:14 BDT 2026,Mon Sep 07 02:48:15 BDT 2026,GET,https://tfctest-002-production.up.railway.app/login?_rsc=tXyZJ52UQVBCVsD3,200,OK,516,428,916
5962,Mon Sep 07 02:48:14 BDT 2026,Mon Sep 07 02:48:15 BDT 2026,GET,https://tfctest-002-production.up.railway.app/_next/static/chunks/3byuobrkyz9bj.js,200,OK,888,448,229156
5963,Mon Sep 07 02:48:14 BDT 2026,Mon Sep 07 02:48:15 BDT 2026,GET,https://tfctest-002-production.up.railway.app/products/1?_rsc=tXyZJ52UQVBCVsD3,200,OK,522,429,1100
5965,Mon Sep 07 02:48:14 BDT 2026,Mon Sep 07 02:48:15 BDT 2026,GET,https://tfctest-002-production.up.railway.app/login?next=%2Fcheckout&_rsc=5CB68i4pnAekjehf,200,OK,506,428,282
5966,Mon Sep 07 02:48:13 BDT 2026,Mon Sep 07 02:48:15 BDT 2026,GET,https://tfctest-002-production.up.railway.app/orders?_rsc=CStysJ3_S1Cl2Pdp,200,OK,1801,430,38186
5968,Mon Sep 07 02:48:14 BDT 2026,Mon Sep 07 02:48:15 BDT 2026,GET,https://tfctest-002-production.up.railway.app/checkout?_rsc=U5Jq6qAThNnFslX9,200,OK,671,429,1036
5970,Mon Sep 07 02:48:14 BDT 2026,Mon Sep 07 02:48:15 BDT 2026,GET,https://tfctest-002-production.up.railway.app/products,404,Not Found,510,435,271
5971,Mon Sep 07 02:48:14 BDT 2026,Mon Sep 07 02:48:15 BDT 2026,GET,https://tfctest-002-production.up.railway.app/login?next=%2Fcheckout,200,OK,516,428,282
5973,Mon Sep 07 02:48:15 BDT 2026,Mon Sep 07 02:48:15 BDT 2026,GET,https://tfctest-002-production.up.railway.app/login?_rsc=tXyZJ52UQVBCVsD3,200,OK,520,429,1033
5975,Mon Sep 07 02:48:15 BDT 2026,Mon Sep 07 02:48:15 BDT 2026,GET,https://tfctest-002-production.up.railway.app/login?next=%2Fcheckout&_rsc=5CB68i4pnAekjehf,200,OK,544,428,282
5976,Mon Sep 07 02:48:15 BDT 2026,Mon Sep 07 02:48:15 BDT 2026,GET,https://tfctest-002-production.up.railway.app/products/1?_rsc=tXyZJ52UQVBCVsD3,200,OK,544,429,1100
5978,Mon Sep 07 02:48:15 BDT 2026,Mon Sep 07 02:48:15 BDT 2026,GET,https://tfctest-002-production.up.railway.app/products/10?_rsc=tXyZJ52UQVBCVsD3,200,OK,527,429,1101
5980,Mon Sep 07 02:48:15 BDT 2026,Mon Sep 07 02:48:16 BDT 2026,GET,https://tfctest-002-production.up.railway.app/products,404,Not Found,547,435,271
5981,Mon Sep 07 02:48:15 BDT 2026,Mon Sep 07 02:48:16 BDT 2026,GET,https://tfctest-002-production.up.railway.app/checkout?_rsc=U5Jq6qAThNnFslX9,200,OK,664,429,1036
5983,Mon Sep 07 02:48:15 BDT 2026,Mon Sep 07 02:48:16 BDT 2026,GET,https://tfctest-002-production.up.railway.app/login?_rsc=tXyZJ52UQVBCVsD3,200,OK,512,429,1033
5985,Mon Sep 07 02:48:15 BDT 2026,Mon Sep 07 02:48:16 BDT 2026,GET,https://tfctest-002-production.up.railway.app/products/1?_rsc=tXyZJ52UQVBCVsD3,200,OK,514,429,1100
5987,Mon Sep 07 02:48:15 BDT 2026,Mon Sep 07 02:48:16 BDT 2026,GET,https://tfctest-002-production.up.railway.app/login?next=%2Fcheckout&_rsc=5CB68i4pnAekjehf,200,OK,514,428,282
5988,Mon Sep 07 02:48:15 BDT 2026,Mon Sep 07 02:48:16 BDT 2026,GET,https://tfctest-002-production.up.railway.app/products/10?_rsc=tXyZJ52UQVBCVsD3,200,OK,516,429,1101
5990,Mon Sep 07 02:48:16 BDT 2026,Mon Sep 07 02:48:16 BDT 2026,GET,https://tfctest-002-production.up.railway.app/products,404,Not Found,491,435,271
5991,Mon Sep 07 02:48:15 BDT 2026,Mon Sep 07 02:48:16 BDT 2026,GET,https://tfctest-002-production.up.railway.app/login?next=%2Fcheckout,200,OK,525,428,282
5993,Mon Sep 07 02:48:16 BDT 2026,Mon Sep 07 02:48:16 BDT 2026,GET,https://tfctest-002-production.up.railway.app/login?_rsc=tXyZJ52UQVBCVsD3,200,OK,522,429,1033
5995,Mon Sep 07 02:48:16 BDT 2026,Mon Sep 07 02:48:16 BDT 2026,GET,https://tfctest-002-production.up.railway.app/checkout?_rsc=U5Jq6qAThNnFslX9,200,OK,684,429,1036
5997,Mon Sep 07 02:48:16 BDT 2026,Mon Sep 07 02:48:16 BDT 2026,GET,https://tfctest-002-production.up.railway.app/login?next=%2Fcheckout&_rsc=5CB68i4pnAekjehf,200,OK,500,428,282
5998,Mon Sep 07 02:48:16 BDT 2026,Mon Sep 07 02:48:16 BDT 2026,GET,https://tfctest-002-production.up.railway.app/products/1?_rsc=tXyZJ52UQVBCVsD3,200,OK,515,429,1100
6000,Mon Sep 07 02:48:16 BDT 2026,Mon Sep 07 02:48:17 BDT 2026,GET,https://tfctest-002-production.up.railway.app/products/10?_rsc=tXyZJ52UQVBCVsD3,200,OK,534,429,1101
6002,Mon Sep 07 02:48:16 BDT 2026,Mon Sep 07 02:48:17 BDT 2026,GET,https://tfctest-002-production.up.railway.app/products,404,Not Found,523,435,271
6003,Mon Sep 07 02:48:15 BDT 2026,Mon Sep 07 02:48:17 BDT 2026,GET,https://tfctest-002-production.up.railway.app/orders?_rsc=CStysJ3_S1Cl2Pdp,200,OK,1731,430,38186
6005,Mon Sep 07 02:48:16 BDT 2026,Mon Sep 07 02:48:17 BDT 2026,GET,https://tfctest-002-production.up.railway.app/login?_rsc=tXyZJ52UQVBCVsD3,200,OK,546,429,1033
6007,Mon Sep 07 02:48:16 BDT 2026,Mon Sep 07 02:48:17 BDT 2026,GET,https://tfctest-002-production.up.railway.app/products/2?_rsc=tXyZJ52UQVBCVsD3,200,OK,542,429,1100
6009,Mon Sep 07 02:48:16 BDT 2026,Mon Sep 07 02:48:17 BDT 2026,GET,https://tfctest-002-production.up.railway.app/login?next=%2Fcheckout&_rsc=5CB68i4pnAekjehf,200,OK,527,428,282
6010,Mon Sep 07 02:48:17 BDT 2026,Mon Sep 07 02:48:17 BDT 2026,GET,https://tfctest-002-production.up.railway.app/products/1?_rsc=tXyZJ52UQVBCVsD3,200,OK,546,429,1100
6012,Mon Sep 07 02:48:17 BDT 2026,Mon Sep 07 02:48:17 BDT 2026,GET,https://tfctest-002-production.up.railway.app/products/10?_rsc=tXyZJ52UQVBCVsD3,200,OK,549,429,1101
6014,Mon Sep 07 02:48:17 BDT 2026,Mon Sep 07 02:48:17 BDT 2026,GET,https://tfctest-002-production.up.railway.app/products,404,Not Found,547,435,271
6015,Mon Sep 07 02:48:16 BDT 2026,Mon Sep 07 02:48:17 BDT 2026,GET,https://tfctest-002-production.up.railway.app/login?next=%2Fcheckout,200,OK,627,428,282
6017,Mon Sep 07 02:48:17 BDT 2026,Mon Sep 07 02:48:17 BDT 2026,GET,https://tfctest-002-production.up.railway.app/products/3?_rsc=tXyZJ52UQVBCVsD3,200,OK,540,429,1100
6019,Mon Sep 07 02:48:17 BDT 2026,Mon Sep 07 02:48:17 BDT 2026,GET,https://tfctest-002-production.up.railway.app/products/2?_rsc=tXyZJ52UQVBCVsD3,200,OK,524,429,1100
6021,Mon Sep 07 02:48:17 BDT 2026,Mon Sep 07 02:48:18 BDT 2026,GET,https://tfctest-002-production.up.railway.app/login?next=%2Fcheckout&_rsc=5CB68i4pnAekjehf,200,OK,522,428,282
6022,Mon Sep 07 02:48:17 BDT 2026,Mon Sep 07 02:48:18 BDT 2026,GET,https://tfctest-002-production.up.railway.app/products/10?_rsc=tXyZJ52UQVBCVsD3,200,OK,517,429,1101
6024,Mon Sep 07 02:48:17 BDT 2026,Mon Sep 07 02:48:18 BDT 2026,GET,https://tfctest-002-production.up.railway.app/products/1?_rsc=tXyZJ52UQVBCVsD3,200,OK,548,429,1100
6026,Mon Sep 07 02:48:17 BDT 2026,Mon Sep 07 02:48:18 BDT 2026,GET,https://tfctest-002-production.up.railway.app/products,404,Not Found,533,435,271
6027,Mon Sep 07 02:48:17 BDT 2026,Mon Sep 07 02:48:18 BDT 2026,GET,https://tfctest-002-production.up.railway.app/products/3?_rsc=tXyZJ52UQVBCVsD3,200,OK,517,429,1100
6029,Mon Sep 07 02:48:17 BDT 2026,Mon Sep 07 02:48:18 BDT 2026,GET,https://tfctest-002-production.up.railway.app/products/2?_rsc=tXyZJ52UQVBCVsD3,200,OK,533,429,1100
6031,Mon Sep 07 02:48:18 BDT 2026,Mon Sep 07 02:48:18 BDT 2026,GET,https://tfctest-002-production.up.railway.app/products/1?_rsc=tXyZJ52UQVBCVsD3,200,OK,517,429,1100
6032,Mon Sep 07 02:48:18 BDT 2026,Mon Sep 07 02:48:18 BDT 2026,GET,https://tfctest-002-production.up.railway.app/products/10?_rsc=tXyZJ52UQVBCVsD3,200,OK,517,429,1101
6035,Mon Sep 07 02:48:18 BDT 2026,Mon Sep 07 02:48:18 BDT 2026,GET,https://tfctest-002-production.up.railway.app/products/4?_rsc=tXyZJ52UQVBCVsD3,200,OK,510,429,1100
6037,Mon Sep 07 02:48:17 BDT 2026,Mon Sep 07 02:48:18 BDT 2026,GET,https://tfctest-002-production.up.railway.app/login?next=%2Fcheckout,200,OK,517,428,282
6039,Mon Sep 07 02:48:17 BDT 2026,Mon Sep 07 02:48:18 BDT 2026,GET,https://tfctest-002-production.up.railway.app/orders?_rsc=CStysJ3_S1Cl2Pdp,200,OK,1727,430,38186
6041,Mon Sep 07 02:48:18 BDT 2026,Mon Sep 07 02:48:18 BDT 2026,GET,https://tfctest-002-production.up.railway.app/products/3?_rsc=tXyZJ52UQVBCVsD3,200,OK,530,429,1100
6043,Mon Sep 07 02:48:18 BDT 2026,Mon Sep 07 02:48:18 BDT 2026,GET,https://tfctest-002-production.up.railway.app/products,404,Not Found,796,435,271
6044,Mon Sep 07 02:48:18 BDT 2026,Mon Sep 07 02:48:19 BDT 2026,GET,https://tfctest-002-production.up.railway.app/products/2?_rsc=tXyZJ52UQVBCVsD3,200,OK,533,429,1100
6046,Mon Sep 07 02:48:18 BDT 2026,Mon Sep 07 02:48:19 BDT 2026,GET,https://tfctest-002-production.up.railway.app/products/4?_rsc=tXyZJ52UQVBCVsD3,200,OK,550,429,1100
6048,Mon Sep 07 02:48:18 BDT 2026,Mon Sep 07 02:48:19 BDT 2026,GET,https://tfctest-002-production.up.railway.app/products/1?_rsc=tXyZJ52UQVBCVsD3,200,OK,550,428,983
6050,Mon Sep 07 02:48:18 BDT 2026,Mon Sep 07 02:48:19 BDT 2026,GET,https://tfctest-002-production.up.railway.app/products/10?_rsc=tXyZJ52UQVBCVsD3,200,OK,550,429,1101
6052,Mon Sep 07 02:48:18 BDT 2026,Mon Sep 07 02:48:19 BDT 2026,GET,https://tfctest-002-production.up.railway.app/products/3?_rsc=tXyZJ52UQVBCVsD3,200,OK,546,429,1100
6054,Mon Sep 07 02:48:18 BDT 2026,Mon Sep 07 02:48:19 BDT 2026,GET,https://tfctest-002-production.up.railway.app/products,404,Not Found,512,435,271
6055,Mon Sep 07 02:48:19 BDT 2026,Mon Sep 07 02:48:19 BDT 2026,GET,https://tfctest-002-production.up.railway.app/products/2?_rsc=tXyZJ52UQVBCVsD3,200,OK,545,429,1100
6057,Mon Sep 07 02:48:19 BDT 2026,Mon Sep 07 02:48:19 BDT 2026,GET,https://tfctest-002-production.up.railway.app/products/4?_rsc=tXyZJ52UQVBCVsD3,200,OK,503,429,1100
6059,Mon Sep 07 02:48:19 BDT 2026,Mon Sep 07 02:48:19 BDT 2026,GET,https://tfctest-002-production.up.railway.app/products/10?_rsc=tXyZJ52UQVBCVsD3,200,OK,535,428,984
6060,Mon Sep 07 02:48:19 BDT 2026,Mon Sep 07 02:48:19 BDT 2026,GET,https://tfctest-002-production.up.railway.app/products/1?_rsc=tXyZJ52UQVBCVsD3,200,OK,540,429,1100
6063,Mon Sep 07 02:48:18 BDT 2026,Mon Sep 07 02:48:19 BDT 2026,GET,https://tfctest-002-production.up.railway.app/login?next=%2Fcheckout,200,OK,547,428,282
6065,Mon Sep 07 02:48:19 BDT 2026,Mon Sep 07 02:48:19 BDT 2026,GET,https://tfctest-002-production.up.railway.app/products/3?_rsc=tXyZJ52UQVBCVsD3,200,OK,503,429,1100
6067,Mon Sep 07 02:48:19 BDT 2026,Mon Sep 07 02:48:20 BDT 2026,GET,https://tfctest-002-production.up.railway.app/products,404,Not Found,533,435,271
6068,Mon Sep 07 02:48:19 BDT 2026,Mon Sep 07 02:48:20 BDT 2026,GET,https://tfctest-002-production.up.railway.app/products/2?_rsc=tXyZJ52UQVBCVsD3,200,OK,542,429,1100
6070,Mon Sep 07 02:48:19 BDT 2026,Mon Sep 07 02:48:20 BDT 2026,GET,https://tfctest-002-production.up.railway.app/products/4?_rsc=tXyZJ52UQVBCVsD3,200,OK,515,429,1100
6072,Mon Sep 07 02:48:19 BDT 2026,Mon Sep 07 02:48:20 BDT 2026,GET,https://tfctest-002-production.up.railway.app/products/10?_rsc=tXyZJ52UQVBCVsD3,200,OK,515,429,1101
6074,Mon Sep 07 02:48:19 BDT 2026,Mon Sep 07 02:48:20 BDT 2026,GET,https://tfctest-002-production.up.railway.app/products/1?_rsc=tXyZJ52UQVBCVsD3,200,OK,531,429,1100
6076,Mon Sep 07 02:48:19 BDT 2026,Mon Sep 07 02:48:20 BDT 2026,GET,https://tfctest-002-production.up.railway.app/products/3?_rsc=tXyZJ52UQVBCVsD3,200,OK,515,429,1100
6078,Mon Sep 07 02:48:20 BDT 2026,Mon Sep 07 02:48:20 BDT 2026,GET,https://tfctest-002-production.up.railway.app/products,404,Not Found,552,435,271
6079,Mon Sep 07 02:48:20 BDT 2026,Mon Sep 07 02:48:20 BDT 2026,GET,https://tfctest-002-production.up.railway.app/products/2?_rsc=tXyZJ52UQVBCVsD3,200,OK,520,429,1100
6081,Mon Sep 07 02:48:18 BDT 2026,Mon Sep 07 02:48:20 BDT 2026,GET,https://tfctest-002-production.up.railway.app/orders?_rsc=CStysJ3_S1Cl2Pdp,200,OK,1799,430,38186
6083,Mon Sep 07 02:48:20 BDT 2026,Mon Sep 07 02:48:20 BDT 2026,GET,https://tfctest-002-production.up.railway.app/products/4?_rsc=tXyZJ52UQVBCVsD3,200,OK,496,429,1100
6085,Mon Sep 07 02:48:20 BDT 2026,Mon Sep 07 02:48:20 BDT 2026,GET,https://tfctest-002-production.up.railway.app/products/10?_rsc=tXyZJ52UQVBCVsD3,200,OK,512,429,1101
6087,Mon Sep 07 02:48:20 BDT 2026,Mon Sep 07 02:48:20 BDT 2026,GET,https://tfctest-002-production.up.railway.app/products/1?_rsc=tXyZJ52UQVBCVsD3,200,OK,564,429,1100
6089,Mon Sep 07 02:48:19 BDT 2026,Mon Sep 07 02:48:20 BDT 2026,GET,https://tfctest-002-production.up.railway.app/login?next=%2Fcheckout,200,OK,500,428,282
6091,Mon Sep 07 02:48:20 BDT 2026,Mon Sep 07 02:48:21 BDT 2026,GET,https://tfctest-002-production.up.railway.app/products/3?_rsc=tXyZJ52UQVBCVsD3,200,OK,517,429,1100
6093,Mon Sep 07 02:48:20 BDT 2026,Mon Sep 07 02:48:21 BDT 2026,GET,https://tfctest-002-production.up.railway.app/products,404,Not Found,516,435,271
6094,Mon Sep 07 02:48:20 BDT 2026,Mon Sep 07 02:48:21 BDT 2026,GET,https://tfctest-002-production.up.railway.app/products/2?_rsc=tXyZJ52UQVBCVsD3,200,OK,527,428,983
6096,Mon Sep 07 02:48:20 BDT 2026,Mon Sep 07 02:48:21 BDT 2026,GET,https://tfctest-002-production.up.railway.app/products/4?_rsc=tXyZJ52UQVBCVsD3,200,OK,535,429,1100
6098,Mon Sep 07 02:48:20 BDT 2026,Mon Sep 07 02:48:21 BDT 2026,GET,https://tfctest-002-production.up.railway.app/products/10?_rsc=tXyZJ52UQVBCVsD3,200,OK,593,429,1101
6100,Mon Sep 07 02:48:20 BDT 2026,Mon Sep 07 02:48:21 BDT 2026,GET,https://tfctest-002-production.up.railway.app/products/1?_rsc=tXyZJ52UQVBCVsD3,200,OK,545,429,1100
6102,Mon Sep 07 02:48:21 BDT 2026,Mon Sep 07 02:48:21 BDT 2026,GET,https://tfctest-002-production.up.railway.app/products/3?_rsc=tXyZJ52UQVBCVsD3,200,OK,526,428,983
6104,Mon Sep 07 02:48:21 BDT 2026,Mon Sep 07 02:48:21 BDT 2026,GET,https://tfctest-002-production.up.railway.app/products/5?_rsc=tXyZJ52UQVBCVsD3,200,OK,525,429,1100
6106,Mon Sep 07 02:48:21 BDT 2026,Mon Sep 07 02:48:21 BDT 2026,GET,https://tfctest-002-production.up.railway.app/products/2?_rsc=tXyZJ52UQVBCVsD3,200,OK,572,429,1100
6108,Mon Sep 07 02:48:21 BDT 2026,Mon Sep 07 02:48:21 BDT 2026,GET,https://tfctest-002-production.up.railway.app/products/4?_rsc=tXyZJ52UQVBCVsD3,200,OK,554,429,1100
6110,Mon Sep 07 02:48:21 BDT 2026,Mon Sep 07 02:48:21 BDT 2026,GET,https://tfctest-002-production.up.railway.app/products/10?_rsc=tXyZJ52UQVBCVsD3,200,OK,519,429,1101
6112,Mon Sep 07 02:48:21 BDT 2026,Mon Sep 07 02:48:21 BDT 2026,GET,https://tfctest-002-production.up.railway.app/products/6?_rsc=tXyZJ52UQVBCVsD3,200,OK,534,429,1100
6114,Mon Sep 07 02:48:20 BDT 2026,Mon Sep 07 02:48:21 BDT 2026,GET,https://tfctest-002-production.up.railway.app/login?next=%2Fcheckout,200,OK,519,428,282
6116,Mon Sep 07 02:48:21 BDT 2026,Mon Sep 07 02:48:22 BDT 2026,GET,https://tfctest-002-production.up.railway.app/products/3?_rsc=tXyZJ52UQVBCVsD3,200,OK,556,429,1100
6118,Mon Sep 07 02:48:21 BDT 2026,Mon Sep 07 02:48:22 BDT 2026,GET,https://tfctest-002-production.up.railway.app/products/5?_rsc=tXyZJ52UQVBCVsD3,200,OK,528,429,1100
6120,Mon Sep 07 02:48:21 BDT 2026,Mon Sep 07 02:48:22 BDT 2026,GET,https://tfctest-002-production.up.railway.app/products/2?_rsc=tXyZJ52UQVBCVsD3,200,OK,526,429,1100
6122,Mon Sep 07 02:48:21 BDT 2026,Mon Sep 07 02:48:22 BDT 2026,GET,https://tfctest-002-production.up.railway.app/products/4?_rsc=tXyZJ52UQVBCVsD3,200,OK,540,428,983
6124,Mon Sep 07 02:48:20 BDT 2026,Mon Sep 07 02:48:22 BDT 2026,GET,https://tfctest-002-production.up.railway.app/orders?_rsc=CStysJ3_S1Cl2Pdp,200,OK,1733,430,38186
6126,Mon Sep 07 02:48:22 BDT 2026,Mon Sep 07 02:48:22 BDT 2026,GET,https://tfctest-002-production.up.railway.app/products/6?_rsc=tXyZJ52UQVBCVsD3,200,OK,533,429,1100
6128,Mon Sep 07 02:48:22 BDT 2026,Mon Sep 07 02:48:22 BDT 2026,GET,https://tfctest-002-production.up.railway.app/products/7?_rsc=tXyZJ52UQVBCVsD3,200,OK,531,429,1100
6130,Mon Sep 07 02:48:22 BDT 2026,Mon Sep 07 02:48:22 BDT 2026,GET,https://tfctest-002-production.up.railway.app/products/3?_rsc=tXyZJ52UQVBCVsD3,200,OK,509,429,1100
6132,Mon Sep 07 02:48:22 BDT 2026,Mon Sep 07 02:48:22 BDT 2026,GET,https://tfctest-002-production.up.railway.app/products/5?_rsc=tXyZJ52UQVBCVsD3,200,OK,541,429,1100
6134,Mon Sep 07 02:48:22 BDT 2026,Mon Sep 07 02:48:22 BDT 2026,GET,https://tfctest-002-production.up.railway.app/products/2?_rsc=tXyZJ52UQVBCVsD3,200,OK,503,429,1100
6135,Mon Sep 07 02:48:22 BDT 2026,Mon Sep 07 02:48:22 BDT 2026,GET,https://tfctest-002-production.up.railway.app/products/4?_rsc=tXyZJ52UQVBCVsD3,200,OK,514,429,1100
6138,Mon Sep 07 02:48:22 BDT 2026,Mon Sep 07 02:48:23 BDT 2026,GET,https://tfctest-002-production.up.railway.app/products/6?_rsc=tXyZJ52UQVBCVsD3,200,OK,542,429,1100
6140,Mon Sep 07 02:48:22 BDT 2026,Mon Sep 07 02:48:23 BDT 2026,GET,https://tfctest-002-production.up.railway.app/products/7?_rsc=tXyZJ52UQVBCVsD3,200,OK,511,429,1100
6142,Mon Sep 07 02:48:22 BDT 2026,Mon Sep 07 02:48:23 BDT 2026,GET,https://tfctest-002-production.up.railway.app/products/3?_rsc=tXyZJ52UQVBCVsD3,200,OK,506,429,1100
6144,Mon Sep 07 02:48:22 BDT 2026,Mon Sep 07 02:48:22 BDT 2026,GET,https://tfctest-002-production.up.railway.app/login?next=%2Fcheckout,200,OK,531,428,282
6146,Mon Sep 07 02:48:22 BDT 2026,Mon Sep 07 02:48:23 BDT 2026,GET,https://tfctest-002-production.up.railway.app/products/5?_rsc=tXyZJ52UQVBCVsD3,200,OK,553,429,1100
6148,Mon Sep 07 02:48:22 BDT 2026,Mon Sep 07 02:48:23 BDT 2026,GET,https://tfctest-002-production.up.railway.app/products/4?_rsc=tXyZJ52UQVBCVsD3,200,OK,537,429,1100
6149,Mon Sep 07 02:48:22 BDT 2026,Mon Sep 07 02:48:23 BDT 2026,GET,https://tfctest-002-production.up.railway.app/products/2?_rsc=tXyZJ52UQVBCVsD3,200,OK,537,429,1100
6152,Mon Sep 07 02:48:23 BDT 2026,Mon Sep 07 02:48:23 BDT 2026,GET,https://tfctest-002-production.up.railway.app/products/6?_rsc=tXyZJ52UQVBCVsD3,200,OK,490,429,1100
6154,Mon Sep 07 02:48:23 BDT 2026,Mon Sep 07 02:48:23 BDT 2026,GET,https://tfctest-002-production.up.railway.app/products/7?_rsc=tXyZJ52UQVBCVsD3,200,OK,531,429,1100
6155,Mon Sep 07 02:48:23 BDT 2026,Mon Sep 07 02:48:23 BDT 2026,GET,https://tfctest-002-production.up.railway.app/products/3?_rsc=tXyZJ52UQVBCVsD3,200,OK,550,429,1100
6158,Mon Sep 07 02:48:23 BDT 2026,Mon Sep 07 02:48:23 BDT 2026,GET,https://tfctest-002-production.up.railway.app/products/5?_rsc=tXyZJ52UQVBCVsD3,200,OK,520,429,1100
6160,Mon Sep 07 02:48:23 BDT 2026,Mon Sep 07 02:48:24 BDT 2026,GET,https://tfctest-002-production.up.railway.app/products/8?_rsc=tXyZJ52UQVBCVsD3,200,OK,517,429,1100
6162,Mon Sep 07 02:48:23 BDT 2026,Mon Sep 07 02:48:24 BDT 2026,GET,https://tfctest-002-production.up.railway.app/products/4?_rsc=tXyZJ52UQVBCVsD3,200,OK,548,429,1100
6164,Mon Sep 07 02:48:23 BDT 2026,Mon Sep 07 02:48:24 BDT 2026,GET,https://tfctest-002-production.up.railway.app/products/6?_rsc=tXyZJ52UQVBCVsD3,200,OK,503,429,1100
6166,Mon Sep 07 02:48:22 BDT 2026,Mon Sep 07 02:48:24 BDT 2026,GET,https://tfctest-002-production.up.railway.app/orders?_rsc=CStysJ3_S1Cl2Pdp,200,OK,1716,430,38186
6168,Mon Sep 07 02:48:23 BDT 2026,Mon Sep 07 02:48:24 BDT 2026,GET,https://tfctest-002-production.up.railway.app/products/7?_rsc=tXyZJ52UQVBCVsD3,200,OK,506,429,1100
6170,Mon Sep 07 02:48:23 BDT 2026,Mon Sep 07 02:48:24 BDT 2026,GET,https://tfctest-002-production.up.railway.app/products/9?_rsc=tXyZJ52UQVBCVsD3,200,OK,530,429,1100
6172,Mon Sep 07 02:48:23 BDT 2026,Mon Sep 07 02:48:23 BDT 2026,GET,https://tfctest-002-production.up.railway.app/login?next=%2Fcheckout,200,OK,531,428,282
6174,Mon Sep 07 02:48:23 BDT 2026,Mon Sep 07 02:48:24 BDT 2026,GET,https://tfctest-002-production.up.railway.app/user,404,Not Found,675,435,271
6175,Mon Sep 07 02:48:23 BDT 2026,Mon Sep 07 02:48:24 BDT 2026,GET,https://tfctest-002-production.up.railway.app/products/5?_rsc=tXyZJ52UQVBCVsD3,200,OK,530,429,1100
6177,Mon Sep 07 02:48:24 BDT 2026,Mon Sep 07 02:48:24 BDT 2026,GET,https://tfctest-002-production.up.railway.app/products/8?_rsc=tXyZJ52UQVBCVsD3,200,OK,511,429,1100
6179,Mon Sep 07 02:48:24 BDT 2026,Mon Sep 07 02:48:24 BDT 2026,GET,https://tfctest-002-production.up.railway.app/products/4?_rsc=tXyZJ52UQVBCVsD3,200,OK,511,429,1100
6181,Mon Sep 07 02:48:24 BDT 2026,Mon Sep 07 02:48:24 BDT 2026,GET,https://tfctest-002-production.up.railway.app/products/6?_rsc=tXyZJ52UQVBCVsD3,200,OK,508,429,1100
6183,Mon Sep 07 02:48:24 BDT 2026,Mon Sep 07 02:48:24 BDT 2026,GET,https://tfctest-002-production.up.railway.app/products/7?_rsc=tXyZJ52UQVBCVsD3,200,OK,523,429,1100
6185,Mon Sep 07 02:48:24 BDT 2026,Mon Sep 07 02:48:24 BDT 2026,GET,https://tfctest-002-production.up.railway.app/products/9?_rsc=tXyZJ52UQVBCVsD3,200,OK,519,429,1100
6187,Mon Sep 07 02:48:24 BDT 2026,Mon Sep 07 02:48:25 BDT 2026,GET,https://tfctest-002-production.up.railway.app/products/5?_rsc=tXyZJ52UQVBCVsD3,200,OK,536,429,1100
6189,Mon Sep 07 02:48:24 BDT 2026,Mon Sep 07 02:48:25 BDT 2026,GET,https://tfctest-002-production.up.railway.app/products/8?_rsc=tXyZJ52UQVBCVsD3,200,OK,531,429,1100
6191,Mon Sep 07 02:48:24 BDT 2026,Mon Sep 07 02:48:25 BDT 2026,GET,https://tfctest-002-production.up.railway.app/products/6?_rsc=tXyZJ52UQVBCVsD3,200,OK,548,429,1100
6193,Mon Sep 07 02:48:24 BDT 2026,Mon Sep 07 02:48:25 BDT 2026,GET,https://tfctest-002-production.up.railway.app/products/7?_rsc=tXyZJ52UQVBCVsD3,200,OK,512,429,1100
6195,Mon Sep 07 02:48:24 BDT 2026,Mon Sep 07 02:48:25 BDT 2026,GET,https://tfctest-002-production.up.railway.app/user,404,Not Found,698,435,271
6196,Mon Sep 07 02:48:24 BDT 2026,Mon Sep 07 02:48:25 BDT 2026,GET,https://tfctest-002-production.up.railway.app/products/9?_rsc=tXyZJ52UQVBCVsD3,200,OK,511,429,1100
6198,Mon Sep 07 02:48:24 BDT 2026,Mon Sep 07 02:48:24 BDT 2026,GET,https://tfctest-002-production.up.railway.app/login?next=%2Fcheckout,200,OK,518,428,282
6200,Mon Sep 07 02:48:25 BDT 2026,Mon Sep 07 02:48:25 BDT 2026,GET,https://tfctest-002-production.up.railway.app/products/5?_rsc=tXyZJ52UQVBCVsD3,200,OK,539,428,983
6202,Mon Sep 07 02:48:25 BDT 2026,Mon Sep 07 02:48:25 BDT 2026,GET,https://tfctest-002-production.up.railway.app/products/8?_rsc=tXyZJ52UQVBCVsD3,200,OK,528,429,1100
6204,Mon Sep 07 02:48:25 BDT 2026,Mon Sep 07 02:48:25 BDT 2026,GET,https://tfctest-002-production.up.railway.app/products/6?_rsc=tXyZJ52UQVBCVsD3,200,OK,528,428,983
6206,Mon Sep 07 02:48:25 BDT 2026,Mon Sep 07 02:48:25 BDT 2026,GET,https://tfctest-002-production.up.railway.app/products/7?_rsc=tXyZJ52UQVBCVsD3,200,OK,510,429,1100
6208,Mon Sep 07 02:48:25 BDT 2026,Mon Sep 07 02:48:25 BDT 2026,GET,https://tfctest-002-production.up.railway.app/products/9?_rsc=tXyZJ52UQVBCVsD3,200,OK,493,429,1100
6210,Mon Sep 07 02:48:24 BDT 2026,Mon Sep 07 02:48:25 BDT 2026,GET,https://tfctest-002-production.up.railway.app/orders?_rsc=CStysJ3_S1Cl2Pdp,200,OK,1728,430,38186
6212,Mon Sep 07 02:48:25 BDT 2026,Mon Sep 07 02:48:26 BDT 2026,GET,https://tfctest-002-production.up.railway.app/products/5?_rsc=tXyZJ52UQVBCVsD3,200,OK,534,429,1100
6214,Mon Sep 07 02:48:25 BDT 2026,Mon Sep 07 02:48:26 BDT 2026,GET,https://tfctest-002-production.up.railway.app/user,404,Not Found,854,435,271
6215,Mon Sep 07 02:48:25 BDT 2026,Mon Sep 07 02:48:26 BDT 2026,GET,https://tfctest-002-production.up.railway.app/products/8?_rsc=tXyZJ52UQVBCVsD3,200,OK,518,429,1100
6217,Mon Sep 07 02:48:25 BDT 2026,Mon Sep 07 02:48:26 BDT 2026,GET,https://tfctest-002-production.up.railway.app/products/6?_rsc=tXyZJ52UQVBCVsD3,200,OK,532,429,1100
6219,Mon Sep 07 02:48:25 BDT 2026,Mon Sep 07 02:48:26 BDT 2026,GET,https://tfctest-002-production.up.railway.app/products/7?_rsc=tXyZJ52UQVBCVsD3,200,OK,512,428,983
6221,Mon Sep 07 02:48:25 BDT 2026,Mon Sep 07 02:48:26 BDT 2026,GET,https://tfctest-002-production.up.railway.app/products/9?_rsc=tXyZJ52UQVBCVsD3,200,OK,527,429,1100
6223,Mon Sep 07 02:48:25 BDT 2026,Mon Sep 07 02:48:25 BDT 2026,GET,https://tfctest-002-production.up.railway.app/login?next=%2Fcheckout,200,OK,518,428,282
6225,Mon Sep 07 02:48:26 BDT 2026,Mon Sep 07 02:48:26 BDT 2026,GET,https://tfctest-002-production.up.railway.app/products/5?_rsc=tXyZJ52UQVBCVsD3,200,OK,570,429,1100
6227,Mon Sep 07 02:48:26 BDT 2026,Mon Sep 07 02:48:26 BDT 2026,GET,https://tfctest-002-production.up.railway.app/products/8?_rsc=tXyZJ52UQVBCVsD3,200,OK,552,429,1100
6229,Mon Sep 07 02:48:26 BDT 2026,Mon Sep 07 02:48:26 BDT 2026,GET,https://tfctest-002-production.up.railway.app/products/6?_rsc=tXyZJ52UQVBCVsD3,200,OK,519,429,1100
6231,Mon Sep 07 02:48:26 BDT 2026,Mon Sep 07 02:48:26 BDT 2026,GET,https://tfctest-002-production.up.railway.app/user,404,Not Found,679,435,271
6232,Mon Sep 07 02:48:26 BDT 2026,Mon Sep 07 02:48:26 BDT 2026,GET,https://tfctest-002-production.up.railway.app/products/7?_rsc=tXyZJ52UQVBCVsD3,200,OK,538,429,1100
6234,Mon Sep 07 02:48:26 BDT 2026,Mon Sep 07 02:48:26 BDT 2026,GET,https://tfctest-002-production.up.railway.app/products/9?_rsc=tXyZJ52UQVBCVsD3,200,OK,512,429,1100
6236,Mon Sep 07 02:48:26 BDT 2026,Mon Sep 07 02:48:27 BDT 2026,GET,https://tfctest-002-production.up.railway.app/products/5?_rsc=tXyZJ52UQVBCVsD3,200,OK,536,429,1100
6238,Mon Sep 07 02:48:26 BDT 2026,Mon Sep 07 02:48:27 BDT 2026,GET,https://tfctest-002-production.up.railway.app/products/8?_rsc=tXyZJ52UQVBCVsD3,200,OK,491,429,1100
6240,Mon Sep 07 02:48:26 BDT 2026,Mon Sep 07 02:48:27 BDT 2026,GET,https://tfctest-002-production.up.railway.app/products/6?_rsc=tXyZJ52UQVBCVsD3,200,OK,541,429,1100
6242,Mon Sep 07 02:48:26 BDT 2026,Mon Sep 07 02:48:27 BDT 2026,GET,https://tfctest-002-production.up.railway.app/products/7?_rsc=tXyZJ52UQVBCVsD3,200,OK,570,429,1100
6244,Mon Sep 07 02:48:26 BDT 2026,Mon Sep 07 02:48:27 BDT 2026,GET,https://tfctest-002-production.up.railway.app/products/9?_rsc=tXyZJ52UQVBCVsD3,200,OK,603,429,1100
6246,Mon Sep 07 02:48:26 BDT 2026,Mon Sep 07 02:48:27 BDT 2026,GET,https://tfctest-002-production.up.railway.app/user,404,Not Found,730,435,271
6247,Mon Sep 07 02:48:25 BDT 2026,Mon Sep 07 02:48:27 BDT 2026,GET,https://tfctest-002-production.up.railway.app/orders?_rsc=CStysJ3_S1Cl2Pdp,200,OK,1695,430,38009
6249,Mon Sep 07 02:48:26 BDT 2026,Mon Sep 07 02:48:27 BDT 2026,GET,https://tfctest-002-production.up.railway.app/user/64406959-fab5-485b-afca-6682eb0ab0bb?_rsc=qrcQ1DV9gYDJQihU,200,OK,1041,429,3931
6251,Mon Sep 07 02:48:27 BDT 2026,Mon Sep 07 02:48:27 BDT 2026,GET,https://tfctest-002-production.up.railway.app/products/8?_rsc=tXyZJ52UQVBCVsD3,200,OK,547,428,983
6253,Mon Sep 07 02:48:27 BDT 2026,Mon Sep 07 02:48:27 BDT 2026,GET,https://tfctest-002-production.up.railway.app/products/5?_rsc=tXyZJ52UQVBCVsD3,200,OK,583,429,1100
6255,Mon Sep 07 02:48:27 BDT 2026,Mon Sep 07 02:48:28 BDT 2026,GET,https://tfctest-002-production.up.railway.app/products/6?_rsc=tXyZJ52UQVBCVsD3,200,OK,629,429,1100
6257,Mon Sep 07 02:48:27 BDT 2026,Mon Sep 07 02:48:28 BDT 2026,GET,https://tfctest-002-production.up.railway.app/products/7?_rsc=tXyZJ52UQVBCVsD3,200,OK,534,429,1100
6259,Mon Sep 07 02:48:27 BDT 2026,Mon Sep 07 02:48:28 BDT 2026,GET,https://tfctest-002-production.up.railway.app/products/9?_rsc=tXyZJ52UQVBCVsD3,200,OK,534,428,983
6261,Mon Sep 07 02:48:27 BDT 2026,Mon Sep 07 02:48:28 BDT 2026,GET,https://tfctest-002-production.up.railway.app/user,404,Not Found,680,435,271
6262,Mon Sep 07 02:48:27 BDT 2026,Mon Sep 07 02:48:28 BDT 2026,GET,https://tfctest-002-production.up.railway.app/products/8?_rsc=tXyZJ52UQVBCVsD3,200,OK,523,429,1100
6264,Mon Sep 07 02:48:28 BDT 2026,Mon Sep 07 02:48:28 BDT 2026,GET,https://tfctest-002-production.up.railway.app/products/7?_rsc=tXyZJ52UQVBCVsD3,200,OK,501,429,1100
6266,Mon Sep 07 02:48:28 BDT 2026,Mon Sep 07 02:48:28 BDT 2026,GET,https://tfctest-002-production.up.railway.app/products/9?_rsc=tXyZJ52UQVBCVsD3,200,OK,532,429,1100
6268,Mon Sep 07 02:48:28 BDT 2026,Mon Sep 07 02:48:28 BDT 2026,GET,https://tfctest-002-production.up.railway.app/products/8?_rsc=tXyZJ52UQVBCVsD3,200,OK,532,429,1100
6270,Mon Sep 07 02:48:28 BDT 2026,Mon Sep 07 02:48:29 BDT 2026,GET,https://tfctest-002-production.up.railway.app/user,404,Not Found,704,435,271
6271,Mon Sep 07 02:48:27 BDT 2026,Mon Sep 07 02:48:29 BDT 2026,GET,https://tfctest-002-production.up.railway.app/user/64406959-fab5-485b-afca-6682eb0ab0bb?_rsc=qrcQ1DV9gYDJQihU,200,OK,1416,429,3931
6272,Mon Sep 07 02:48:28 BDT 2026,Mon Sep 07 02:48:29 BDT 2026,GET,https://tfctest-002-production.up.railway.app/products/9?_rsc=tXyZJ52UQVBCVsD3,200,OK,502,429,1100
6275,Mon Sep 07 02:48:27 BDT 2026,Mon Sep 07 02:48:29 BDT 2026,GET,https://tfctest-002-production.up.railway.app/orders?_rsc=CStysJ3_S1Cl2Pdp,200,OK,1747,430,38186
6277,Mon Sep 07 02:48:28 BDT 2026,Mon Sep 07 02:48:29 BDT 2026,GET,https://tfctest-002-production.up.railway.app/products/8?_rsc=tXyZJ52UQVBCVsD3,200,OK,518,429,1100
6279,Mon Sep 07 02:48:29 BDT 2026,Mon Sep 07 02:48:29 BDT 2026,GET,https://tfctest-002-production.up.railway.app/user,404,Not Found,672,435,271
6280,Mon Sep 07 02:48:29 BDT 2026,Mon Sep 07 02:48:29 BDT 2026,GET,https://tfctest-002-production.up.railway.app/products/9?_rsc=tXyZJ52UQVBCVsD3,200,OK,530,429,1100
6282,Mon Sep 07 02:48:29 BDT 2026,Mon Sep 07 02:48:30 BDT 2026,GET,https://tfctest-002-production.up.railway.app/products/8?_rsc=tXyZJ52UQVBCVsD3,200,OK,513,429,1100
6284,Mon Sep 07 02:48:29 BDT 2026,Mon Sep 07 02:48:30 BDT 2026,GET,https://tfctest-002-production.up.railway.app/user/64406959-fab5-485b-afca-6682eb0ab0bb?_rsc=qrcQ1DV9gYDJQihU,200,OK,1056,429,3931
6286,Mon Sep 07 02:48:29 BDT 2026,Mon Sep 07 02:48:30 BDT 2026,GET,https://tfctest-002-production.up.railway.app/products/9?_rsc=tXyZJ52UQVBCVsD3,200,OK,620,429,1100
6288,Mon Sep 07 02:48:29 BDT 2026,Mon Sep 07 02:48:30 BDT 2026,GET,https://tfctest-002-production.up.railway.app/user,404,Not Found,699,435,271
6289,Mon Sep 07 02:48:30 BDT 2026,Mon Sep 07 02:48:31 BDT 2026,GET,https://tfctest-002-production.up.railway.app/user,404,Not Found,686,435,271
6290,Mon Sep 07 02:48:29 BDT 2026,Mon Sep 07 02:48:31 BDT 2026,GET,https://tfctest-002-production.up.railway.app/orders?_rsc=CStysJ3_S1Cl2Pdp,200,OK,1743,430,38186
6292,Mon Sep 07 02:48:30 BDT 2026,Mon Sep 07 02:48:31 BDT 2026,GET,https://tfctest-002-production.up.railway.app/user/64406959-fab5-485b-afca-6682eb0ab0bb?_rsc=qrcQ1DV9gYDJQihU,200,OK,1079,429,3931
6294,Mon Sep 07 02:48:31 BDT 2026,Mon Sep 07 02:48:31 BDT 2026,GET,https://tfctest-002-production.up.railway.app/user,404,Not Found,688,435,271
6295,Mon Sep 07 02:48:31 BDT 2026,Mon Sep 07 02:48:32 BDT 2026,GET,https://tfctest-002-production.up.railway.app/user/64406959-fab5-485b-afca-6682eb0ab0bb?_rsc=qrcQ1DV9gYDJQihU,200,OK,1000,429,3931
6297,Mon Sep 07 02:48:31 BDT 2026,Mon Sep 07 02:48:32 BDT 2026,GET,https://tfctest-002-production.up.railway.app/user,404,Not Found,658,435,271
6298,Mon Sep 07 02:48:31 BDT 2026,Mon Sep 07 02:48:32 BDT 2026,GET,https://tfctest-002-production.up.railway.app/orders?_rsc=CStysJ3_S1Cl2Pdp,200,OK,1751,430,38186
6300,Mon Sep 07 02:48:32 BDT 2026,Mon Sep 07 02:48:33 BDT 2026,GET,https://tfctest-002-production.up.railway.app/user,404,Not Found,686,435,271
6301,Mon Sep 07 02:48:32 BDT 2026,Mon Sep 07 02:48:33 BDT 2026,GET,https://tfctest-002-production.up.railway.app/user/64406959-fab5-485b-afca-6682eb0ab0bb?_rsc=qrcQ1DV9gYDJQihU,200,OK,1046,429,3931
6303,Mon Sep 07 02:48:33 BDT 2026,Mon Sep 07 02:48:34 BDT 2026,GET,https://tfctest-002-production.up.railway.app/user/64406959-fab5-485b-afca-6682eb0ab0bb?_rsc=qrcQ1DV9gYDJQihU,200,OK,1020,429,3931
6305,Mon Sep 07 02:48:32 BDT 2026,Mon Sep 07 02:48:34 BDT 2026,GET,https://tfctest-002-production.up.railway.app/orders?_rsc=CStysJ3_S1Cl2Pdp,200,OK,1690,430,38186
6307,Mon Sep 07 02:48:34 BDT 2026,Mon Sep 07 02:48:35 BDT 2026,GET,https://tfctest-002-production.up.railway.app/user/64406959-fab5-485b-afca-6682eb0ab0bb?_rsc=qrcQ1DV9gYDJQihU,200,OK,1044,429,3756
6309,Mon Sep 07 02:48:35 BDT 2026,Mon Sep 07 02:48:36 BDT 2026,GET,https://tfctest-002-production.up.railway.app/user/64406959-fab5-485b-afca-6682eb0ab0bb?_rsc=qrcQ1DV9gYDJQihU,200,OK,1072,429,3931
6311,Mon Sep 07 02:48:36 BDT 2026,Mon Sep 07 02:48:37 BDT 2026,GET,https://tfctest-002-production.up.railway.app/user/64406959-fab5-485b-afca-6682eb0ab0bb?_rsc=qrcQ1DV9gYDJQihU,200,OK,1026,429,3931
6313,Mon Sep 07 02:48:37 BDT 2026,Mon Sep 07 02:48:38 BDT 2026,GET,https://tfctest-002-production.up.railway.app/user/64406959-fab5-485b-afca-6682eb0ab0bb?_rsc=qrcQ1DV9gYDJQihU,200,OK,1052,429,3931
6315,Mon Sep 07 02:48:38 BDT 2026,Mon Sep 07 02:48:39 BDT 2026,GET,https://tfctest-002-production.up.railway.app/user/64406959-fab5-485b-afca-6682eb0ab0bb?_rsc=qrcQ1DV9gYDJQihU,200,OK,1109,429,3931
6317,Mon Sep 07 02:48:39 BDT 2026,Mon Sep 07 02:48:40 BDT 2026,GET,https://tfctest-002-production.up.railway.app,200,OK,875,534,32438
6318,Mon Sep 07 02:48:40 BDT 2026,Mon Sep 07 02:48:41 BDT 2026,GET,https://tfctest-002-production.up.railway.app/_next,404,Not Found,535,361,9
6319,Mon Sep 07 02:48:41 BDT 2026,Mon Sep 07 02:48:41 BDT 2026,GET,https://tfctest-002-production.up.railway.app/_next/static,404,Not Found,547,361,9
6320,Mon Sep 07 02:48:41 BDT 2026,Mon Sep 07 02:48:42 BDT 2026,GET,https://tfctest-002-production.up.railway.app/_next/static/chunks,404,Not Found,575,361,9
6321,Mon Sep 07 02:48:44 BDT 2026,Mon Sep 07 02:48:45 BDT 2026,GET,https://tfctest-002-production.up.railway.app/products,404,Not Found,634,435,271
6322,Mon Sep 07 02:48:45 BDT 2026,Mon Sep 07 02:48:46 BDT 2026,GET,https://tfctest-002-production.up.railway.app/user,404,Not Found,722,435,271
6323,Mon Sep 07 02:48:46 BDT 2026,Mon Sep 07 02:48:47 BDT 2026,GET,https://tfctest-002-production.up.railway.app,200,OK,829,534,32438
6324,Mon Sep 07 02:48:47 BDT 2026,Mon Sep 07 02:48:47 BDT 2026,GET,https://tfctest-002-production.up.railway.app/_next,404,Not Found,506,361,9
6325,Mon Sep 07 02:48:47 BDT 2026,Mon Sep 07 02:48:48 BDT 2026,GET,https://tfctest-002-production.up.railway.app/_next/static,404,Not Found,521,361,9
6326,Mon Sep 07 02:48:48 BDT 2026,Mon Sep 07 02:48:48 BDT 2026,GET,https://tfctest-002-production.up.railway.app/_next/static/chunks,404,Not Found,508,361,9
6327,Mon Sep 07 02:48:48 BDT 2026,Mon Sep 07 02:48:49 BDT 2026,GET,https://tfctest-002-production.up.railway.app/products,404,Not Found,517,435,271
6328,Mon Sep 07 02:48:49 BDT 2026,Mon Sep 07 02:48:50 BDT 2026,GET,https://tfctest-002-production.up.railway.app/user,404,Not Found,723,435,271
6329,Mon Sep 07 02:48:50 BDT 2026,Mon Sep 07 02:48:50 BDT 2026,GET,https://tfctest-002-production.up.railway.app,200,OK,831,534,32438
6330,Mon Sep 07 02:48:50 BDT 2026,Mon Sep 07 02:48:51 BDT 2026,GET,https://tfctest-002-production.up.railway.app/_next,404,Not Found,517,361,9
6331,Mon Sep 07 02:48:51 BDT 2026,Mon Sep 07 02:48:51 BDT 2026,GET,https://tfctest-002-production.up.railway.app/_next/static,404,Not Found,487,361,9
6332,Mon Sep 07 02:48:51 BDT 2026,Mon Sep 07 02:48:52 BDT 2026,GET,https://tfctest-002-production.up.railway.app/_next/static/chunks,404,Not Found,533,361,9
6333,Mon Sep 07 02:48:52 BDT 2026,Mon Sep 07 02:48:53 BDT 2026,GET,https://tfctest-002-production.up.railway.app/products,404,Not Found,648,435,271
6334,Mon Sep 07 02:48:53 BDT 2026,Mon Sep 07 02:48:54 BDT 2026,GET,https://tfctest-002-production.up.railway.app/user,404,Not Found,738,435,271
6335,Mon Sep 07 02:48:54 BDT 2026,Mon Sep 07 02:48:55 BDT 2026,GET,https://tfctest-002-production.up.railway.app,200,OK,838,534,32438
6336,Mon Sep 07 02:48:55 BDT 2026,Mon Sep 07 02:48:56 BDT 2026,GET,https://tfctest-002-production.up.railway.app/_next,404,Not Found,533,361,9
6337,Mon Sep 07 02:48:55 BDT 2026,Mon Sep 07 02:48:56 BDT 2026,GET,https://tfctest-002-production.up.railway.app/swagger-ui/,308,Permanent Redirect,629,286,11
6338,Mon Sep 07 02:48:56 BDT 2026,Mon Sep 07 02:48:56 BDT 2026,GET,https://tfctest-002-production.up.railway.app/_next/static,404,Not Found,521,361,9
6339,Mon Sep 07 02:48:56 BDT 2026,Mon Sep 07 02:48:56 BDT 2026,GET,https://tfctest-002-production.up.railway.app/login,200,OK,669,460,9321
6340,Mon Sep 07 02:48:56 BDT 2026,Mon Sep 07 02:48:57 BDT 2026,GET,https://tfctest-002-production.up.railway.app/_next/static/chunks,404,Not Found,538,361,9
6341,Mon Sep 07 02:48:58 BDT 2026,Mon Sep 07 02:48:58 BDT 2026,GET,https://tfctest-002-production.up.railway.app/v3/api-docs,404,Not Found,529,436,1090
6342,Mon Sep 07 02:48:58 BDT 2026,Mon Sep 07 02:48:59 BDT 2026,GET,https://tfctest-002-production.up.railway.app/swagger.json,404,Not Found,594,436,1090
6343,Mon Sep 07 02:48:59 BDT 2026,Mon Sep 07 02:48:59 BDT 2026,GET,https://tfctest-002-production.up.railway.app/openapi.json,404,Not Found,622,436,1090
6344,Mon Sep 07 02:48:59 BDT 2026,Mon Sep 07 02:49:00 BDT 2026,GET,https://tfctest-002-production.up.railway.app/api-docs,404,Not Found,533,436,1090
6345,Mon Sep 07 02:49:00 BDT 2026,Mon Sep 07 02:49:00 BDT 2026,GET,https://tfctest-002-production.up.railway.app/docs/,308,Permanent Redirect,579,273,5
6346,Mon Sep 07 02:49:00 BDT 2026,Mon Sep 07 02:49:01 BDT 2026,GET,https://tfctest-002-production.up.railway.app/swagger,404,Not Found,550,436,1090
6347,Mon Sep 07 02:49:01 BDT 2026,Mon Sep 07 02:49:01 BDT 2026,GET,https://tfctest-002-production.up.railway.app/login,307,Temporary Redirect,519,274,0
6348,Mon Sep 07 02:49:01 BDT 2026,Mon Sep 07 02:49:01 BDT 2026,GET,https://tfctest-002-production.up.railway.app/products,404,Not Found,504,435,271
6349,Mon Sep 07 02:49:01 BDT 2026,Mon Sep 07 02:49:01 BDT 2026,GET,https://tfctest-002-production.up.railway.app/login,307,Temporary Redirect,551,274,0
6350,Mon Sep 07 02:49:01 BDT 2026,Mon Sep 07 02:49:01 BDT 2026,GET,https://tfctest-002-production.up.railway.app/login,307,Temporary Redirect,535,274,0
6351,Mon Sep 07 02:49:01 BDT 2026,Mon Sep 07 02:49:02 BDT 2026,GET,https://tfctest-002-production.up.railway.app/v2/api-docs,404,Not Found,515,436,1090
6352,Mon Sep 07 02:49:02 BDT 2026,Mon Sep 07 02:49:02 BDT 2026,GET,https://tfctest-002-production.up.railway.app/swagger-ui/index.html,404,Not Found,538,436,1090
6353,Mon Sep 07 02:49:02 BDT 2026,Mon Sep 07 02:49:03 BDT 2026,GET,https://tfctest-002-production.up.railway.app/openapi.yaml,404,Not Found,652,436,1090
6354,Mon Sep 07 02:49:03 BDT 2026,Mon Sep 07 02:49:03 BDT 2026,GET,https://tfctest-002-production.up.railway.app/user,404,Not Found,739,435,271
6355,Mon Sep 07 02:49:03 BDT 2026,Mon Sep 07 02:49:03 BDT 2026,GET,https://tfctest-002-production.up.railway.app/swagger.yaml,404,Not Found,554,436,1090
6356,Mon Sep 07 02:49:04 BDT 2026,Mon Sep 07 02:49:04 BDT 2026,GET,https://tfctest-002-production.up.railway.app/swagger/ui/index.html,404,Not Found,542,436,1090
